This is LuaHBTeX, Version 1.24.0 (TeX Live 2026)  (format=lualatex 2026.7.11)  23 SEP 2026 19:15
 restricted system commands enabled.
**examples.tex
(./examples.tex
LaTeX2e <2026-06-01>
L3 programming layer <2026-06-18>
Lua module: luaotfload 2024-12-03 v3.29 Lua based OpenType font support
Lua module: lualibs 2023-07-13 v2.76 ConTeXt Lua standard libraries.
Lua module: lualibs-extended 2023-07-13 v2.76 ConTeXt Lua libraries -- extended 
collection.
luaotfload | conf : Root cache directory is "/home/eyamrog/.texlive2026/texmf-va
r/luatex-cache/generic/names".
luaotfload | init : Loading fontloader "fontloader-2023-12-28.lua" from kpse-res
olved path "/usr/local/texlive/2026/texmf-dist/tex/luatex/luaotfload/fontloader-
2023-12-28.lua".
Lua-only attribute luaotfload@noligature = 1
luaotfload | init : Context OpenType loader version 3.134
Inserting `luaotfload.node_processor' in `pre_linebreak_filter'.
Inserting `luaotfload.node_processor' in `hpack_filter'.
Inserting `luaotfload.glyph_stream' in `glyph_stream_provider'.
Inserting `luaotfload.define_font' in `define_font'.
Lua-only attribute luaotfload_color_attribute = 2
luaotfload | conf : Root cache directory is "/home/eyamrog/.texlive2026/texmf-va
r/luatex-cache/generic/names".
Inserting `luaotfload.harf.strip_prefix' in `find_opentype_file'.
Inserting `luaotfload.harf.strip_prefix' in `find_truetype_file'.
Removing  `luaotfload.glyph_stream' from `glyph_stream_provider'.
Inserting `luaotfload.harf.glyphstream' in `glyph_stream_provider'.
Inserting `luaotfload.harf.finalize_vlist' in `post_linebreak_filter'.
Inserting `luaotfload.harf.finalize_hlist' in `hpack_filter'.
Inserting `luaotfload.cleanup_files' in `wrapup_run'.
Inserting `luaotfload.harf.finalize_unicode' in `finish_pdffile'.
Inserting `luaotfload.glyphinfo' in `glyph_info'.
Lua-only attribute luaotfload.letterspace_done = 3
Inserting `luaotfload.aux.set_sscale_dimens' in `luaotfload.patch_font'.
Inserting `luaotfload.aux.set_font_index' in `luaotfload.patch_font'.
Inserting `luaotfload.aux.patch_cambria_domh' in `luaotfload.patch_font'.
Inserting `luaotfload.aux.fixup_fontdata' in `luaotfload.patch_font_unsafe'.
Inserting `luaotfload.aux.set_capheight' in `luaotfload.patch_font'.
Inserting `luaotfload.aux.set_xheight' in `luaotfload.patch_font'.
Inserting `luaotfload.rewrite_fontname' in `luaotfload.patch_font'.
Inserting `tracingstacklevels' in `input_level_string'. (/usr/local/texlive/202
6/texmf-dist/tex/latex/base/article.cls
Document Class: article 2025/01/22 v1.4n Standard LaTeX document class
(/usr/local/texlive/2026/texmf-dist/tex/latex/base/size10.clo
File: size10.clo 2025/01/22 v1.4n Standard LaTeX file (size option)
luaotfload | db : Font names database loaded from /home/eyamrog/.texlive2026/tex
mf-var/luatex-cache/generic/names/luaotfload-names.luc.gz)
\c@part=\count274
\c@section=\count275
\c@subsection=\count276
\c@subsubsection=\count277
\c@paragraph=\count278
\c@subparagraph=\count279
\c@figure=\count280
\c@table=\count281
\abovecaptionskip=\skip49
\belowcaptionskip=\skip50
\bibindent=\dimen149
)
(/usr/local/texlive/2026/texmf-dist/tex/generic/babel/babel.sty
Package: babel 2026/06/14 v26.9 The multilingual framework for LuaLaTeX, pdfLaT
eX and XeLaTeX

(/usr/local/texlive/2026/texmf-dist/tex/generic/babel/luababel.def
\bbl@readstream=\read2
\l@dumylang=\language2
Package babel Info: Non-standard hyphenation setup on input line 118.
\l@nohyphenation=\language3
\l@german-x-2024-02-28=\language4
\l@ngerman-x-2024-02-28=\language5
\l@afrikaans=\language6
\l@albanian=\language7
\l@ancientgreek=\language8
\l@ibycus=\language9
\l@arabic=\language10
\l@armenian=\language11
\l@basque=\language12
\l@belarusian=\language13
\l@bulgarian=\language14
\l@catalan=\language15
\l@pinyin=\language16
\l@churchslavonic=\language17
\l@coptic=\language18
\l@croatian=\language19
\l@czech=\language20
\l@danish=\language21
\l@dutch=\language22
\l@ukenglish=\language23
\l@usenglishmax=\language24
\l@esperanto=\language25
\l@estonian=\language26
\l@ethiopic=\language27
\l@farsi=\language28
\l@finnish=\language29
\l@schoolfinnish=\language30
\l@french=\language31
\l@friulan=\language32
\l@galician=\language33
\l@georgian=\language34
\l@german=\language35
\l@ngerman=\language36
\l@swissgerman=\language37
\l@greek=\language38
\l@monogreek=\language39
\l@hebrew=\language40
\l@hungarian=\language41
\l@icelandic=\language42
\l@assamese=\language43
\l@bengali=\language44
\l@gujarati=\language45
\l@hindi=\language46
\l@kannada=\language47
\l@malayalam=\language48
\l@marathi=\language49
\l@oriya=\language50
\l@pali=\language51
\l@panjabi=\language52
\l@tamil=\language53
\l@telugu=\language54
\l@indonesian=\language55
\l@interlingua=\language56
\l@irish=\language57
\l@italian=\language58
\l@kazakh=\language59
\l@kurmanji=\language60
\l@classiclatin=\language61
\l@latin=\language62
\l@liturgicallatin=\language63
\l@latvian=\language64
\l@lithuanian=\language65
\l@macedonian=\language66
\l@mongolian=\language67
\l@mongolianlmc=\language68
\l@bokmal=\language69
\l@nynorsk=\language70
\l@occitan=\language71
\l@piedmontese=\language72
\l@polish=\language73
\l@portuguese=\language74
\l@romanian=\language75
\l@romansh=\language76
\l@russian=\language77
\l@sanskrit=\language78
\l@serbian=\language79
\l@serbianc=\language80
\l@slovak=\language81
\l@slovenian=\language82
\l@spanish=\language83
\l@swedish=\language84
\l@thai=\language85
\l@turkish=\language86
\l@turkmen=\language87
\l@ukrainian=\language88
\l@uppersorbian=\language89
\l@vietnamese=\language90
\l@welsh=\language91
\babelcatcodetablenum=\catcodetable14
\bbl@pattcodes=\catcodetable15
)
\babel@savecnt=\count282
LaTeX Encoding Info:    Redeclaring text command \ij (encoding OT1) on input li
ne 2084.
LaTeX Encoding Info:    Redeclaring text command \IJ (encoding OT1) on input li
ne 2086.
LaTeX Encoding Info:    Redeclaring text command \ij (encoding T1) on input lin
e 2088.
LaTeX Encoding Info:    Redeclaring text command \IJ (encoding T1) on input lin
e 2089.
LaTeX Encoding Info:    Ignoring declaration for text command \ij (encoding ?) 
on input line 2090.
LaTeX Encoding Info:    Ignoring declaration for text command \IJ (encoding ?) 
on input line 2092.
LaTeX Encoding Info:    Ignoring declaration for text command \SS (encoding ?) 
on input line 2117.
\U@D=\dimen150
\l@unhyphenated=\language92

(/usr/local/texlive/2026/texmf-dist/tex/generic/babel/luababel.def
\bbl@attr@locale=\attribute4
)
(/usr/local/texlive/2026/texmf-dist/tex/generic/babel/locale/en/babel-american.
tex)
Package babel Info: Importing font and identification data for 'american'
(babel)             from babel-en-US.ini. Reported on input line 4380.
 (/usr/local/texlive/2026/texmf-dist/tex/generic/babel-english/american.ldf
Language: american 2017/06/06 v3.3r English support from the babel system
(/usr/local/texlive/2026/texmf-dist/tex/generic/babel-english/english.ldf
Language: english 2017/06/06 v3.3r English support from the babel system
Package babel Info: Hyphen rules for 'canadian' set to \l@english
(babel)             (\language0). Reported on input line 102.
Package babel Info: Hyphen rules for 'australian' set to \l@ukenglish
(babel)             (\language23). Reported on input line 105.
Package babel Info: Hyphen rules for 'newzealand' set to \l@ukenglish
(babel)             (\language23). Reported on input line 108.
)))
(/usr/local/texlive/2026/texmf-dist/tex/latex/datetime2/datetime2.sty
Package: datetime2 2021/03/21 v1.5.7 (NLCT) date and time formats

(/usr/local/texlive/2026/texmf-dist/tex/latex/tracklang/tracklang.sty
Package: tracklang 2026/05/24 v1.6.8 (NLCT) Track Languages

(/usr/local/texlive/2026/texmf-dist/tex/generic/tracklang/tracklang.tex)
Package tracklang Info: Tracking dialect `american' (language `english') on inp
ut line 264.
Package tracklang Info: Tracking dialect `american' (language `english') on inp
ut line 264.
)
(/usr/local/texlive/2026/texmf-dist/tex/latex/etoolbox/etoolbox.sty
Package: etoolbox 2025/10/02 v2.5m e-TeX tools for LaTeX (JAW)
\etb@tempcnta=\count283
)
(/usr/local/texlive/2026/texmf-dist/tex/latex/xkeyval/xkeyval.sty
Package: xkeyval 2025/11/04 v2.10 package option processing (HA)

(/usr/local/texlive/2026/texmf-dist/tex/generic/xkeyval/xkeyval.tex
(/usr/local/texlive/2026/texmf-dist/tex/generic/xkeyval/xkvutils.tex
\XKV@toks=\toks17
\XKV@tempa@toks=\toks18
\XKV@tempb@toks=\toks19

(/usr/local/texlive/2026/texmf-dist/tex/generic/xkeyval/keyval.tex))
\XKV@depth=\count284
File: xkeyval.tex 2014/12/03 v2.7a key=value parser (HA)
))
(/usr/local/texlive/2026/texmf-dist/tex/latex/datetime2-english/datetime2-en-US
.ldf
File: datetime2-en-US.ldf 2019/10/21 v1.05 (NLCT)

(/usr/local/texlive/2026/texmf-dist/tex/latex/datetime2-english/datetime2-engli
sh-base.ldf
File: datetime2-english-base.ldf 2019/10/21 v1.05 (NLCT)
)))
(/usr/local/texlive/2026/texmf-dist/tex/latex/fontspec/fontspec.sty
(/usr/local/texlive/2026/texmf-dist/tex/latex/l3packages/xparse/xparse.sty
(/usr/local/texlive/2026/texmf-dist/tex/latex/l3kernel/expl3.sty
Package: expl3 2026-06-18 L3 programming layer (loader) 

(/usr/local/texlive/2026/texmf-dist/tex/latex/l3backend/l3backend-luatex.def
File: l3backend-luatex.def 2026-02-18 L3 backend support: PDF output (LuaTeX)
\l__color_backend_stack_int=\count285
Inserting `l3color' in `luaotfload.parse_color'.))
Package: xparse 2025-10-09 L3 Experimental document command parser
)
Package: fontspec 2025/09/29 v2.9g Font selection for XeLaTeX and LuaLaTeX
Lua module: fontspec 2025/09/29 v2.9g Font selection for XeLaTeX and LuaLaTeX (/usr/local/texlive/2026/texmf-dist/tex/latex/fontspec/fontspec-luatex.sty
Package: fontspec-luatex 2025/09/29 v2.9g Font selection for XeLaTeX and LuaLaT
eX
\l__fontspec_script_int=\count286
\l__fontspec_language_int=\count287
\l__fontspec_strnum_int=\count288
\l__fontspec_tmp_int=\count289
\l__fontspec_tmpa_int=\count290
\l__fontspec_tmpb_int=\count291
\l__fontspec_tmpc_int=\count292
\l__fontspec_em_int=\count293
\l__fontspec_emdef_int=\count294
\l__fontspec_strong_int=\count295
\l__fontspec_strongdef_int=\count296
\l__fontspec_tmpa_dim=\dimen151
\l__fontspec_tmpb_dim=\dimen152
\l__fontspec_tmpc_dim=\dimen153

(/usr/local/texlive/2026/texmf-dist/tex/latex/base/fontenc.sty
Package: fontenc 2025/07/18 v2.1d Standard LaTeX package
)
(/usr/local/texlive/2026/texmf-dist/tex/latex/fontspec/fontspec.cfg)))
luaotfload | cache : Lookup cache loaded from /home/eyamrog/.texlive2026/texmf-v
ar/luatex-cache/generic/names/luaotfload-lookup-cache.luc.

Package fontspec Info: 
(fontspec)             Font family 'DejaVuSerif(0)' created for font 'DejaVu
(fontspec)             Serif' with options [Ligatures=TeX].
(fontspec)              
(fontspec)              This font family consists of the following NFSS
(fontspec)             series/shapes:
(fontspec)              
(fontspec)             - 'normal' (m/n) with NFSS spec.: <->"name:DejaVu
(fontspec)             Serif:mode=node;script=latn;language=dflt;+tlig;"
(fontspec)             - 'bold' (b/n) with NFSS spec.: <->"name:DejaVu
(fontspec)             Serif/B:mode=node;script=latn;language=dflt;+tlig;"
(fontspec)             - 'italic' (m/it) with NFSS spec.: <->"name:DejaVu
(fontspec)             Serif/I:mode=node;script=latn;language=dflt;+tlig;"
(fontspec)             - 'bold italic' (b/it) with NFSS spec.: <->"name:DejaVu
(fontspec)             Serif/BI:mode=node;script=latn;language=dflt;+tlig;"


Package fontspec Info: 
(fontspec)             Could not resolve font "Noto Color Emoji/BI" (it
(fontspec)             probably doesn't exist).


Package fontspec Info: 
(fontspec)             Could not resolve font "Noto Color Emoji/B" (it
(fontspec)             probably doesn't exist).


Package fontspec Info: 
(fontspec)             Could not resolve font "Noto Color Emoji/I" (it
(fontspec)             probably doesn't exist).


Package fontspec Info: 
(fontspec)             Font family 'NotoColorEmoji(0)' created for font 'Noto
(fontspec)             Color Emoji' with options [Renderer=Harfbuzz].
(fontspec)              
(fontspec)              This font family consists of the following NFSS
(fontspec)             series/shapes:
(fontspec)              
(fontspec)             - 'normal' (m/n) with NFSS spec.: <->"name:Noto Color
(fontspec)             Emoji:mode=harf;script=DFLT;language=dflt;"


(/usr/local/texlive/2026/texmf-dist/tex/latex/geometry/geometry.sty
Package: geometry 2026/03/07 v6.0 Page Geometry

(/usr/local/texlive/2026/texmf-dist/tex/generic/iftex/ifvtex.sty
Package: ifvtex 2019/10/25 v1.7 ifvtex legacy package. Use iftex instead.

(/usr/local/texlive/2026/texmf-dist/tex/generic/iftex/iftex.sty
Package: iftex 2024/12/12 v1.0g TeX engine tests
))
\Gm@cnth=\count297
\Gm@cntv=\count298
\c@Gm@tempcnt=\count299
\Gm@bindingoffset=\dimen154
\Gm@wd@mp=\dimen155
\Gm@odd@mp=\dimen156
\Gm@even@mp=\dimen157
\Gm@layoutwidth=\dimen158
\Gm@layoutheight=\dimen159
\Gm@layouthoffset=\dimen160
\Gm@layoutvoffset=\dimen161
\Gm@dimlist=\toks20
)
(/usr/local/texlive/2026/texmf-dist/tex/latex/tools/multicol.sty
Package: multicol 2025/10/21 v2.0b multicolumn formatting (FMi)
\c@tracingmulticols=\count300
\mult@box=\box53
\multicol@leftmargin=\dimen162
\c@unbalance=\count301
\c@collectmore=\count302
\doublecol@number=\count303
\multicoltolerance=\count304
\multicolpretolerance=\count305
\full@width=\dimen163
\page@free=\dimen164
\premulticols=\dimen165
\postmulticols=\dimen166
\multicolsep=\skip51
\multicolbaselineskip=\skip52
\partial@page=\box54
\last@line=\box55
\mc@boxedresult=\box56
\maxbalancingoverflow=\dimen167
\mult@rightbox=\box57
\mult@grightbox=\box58
\mult@firstbox=\box59
\mult@gfirstbox=\box60
\@tempa=\box61
\@tempa=\box62
\@tempa=\box63
\@tempa=\box64
\@tempa=\box65
\@tempa=\box66
\@tempa=\box67
\@tempa=\box68
\@tempa=\box69
\@tempa=\box70
\@tempa=\box71
\@tempa=\box72
\@tempa=\box73
\@tempa=\box74
\@tempa=\box75
\@tempa=\box76
\@tempa=\box77
\@tempa=\box78
\@tempa=\box79
\@tempa=\box80
\@tempa=\box81
\@tempa=\box82
\@tempa=\box83
\@tempa=\box84
\@tempa=\box85
\@tempa=\box86
\@tempa=\box87
\@tempa=\box88
\@tempa=\box89
\@tempa=\box90
\@tempa=\box91
\@tempa=\box92
\@tempa=\box93
\@tempa=\box94
\@tempa=\box95
\@tempa=\box96
\c@minrows=\count306
\c@columnbadness=\count307
\c@finalcolumnbadness=\count308
\last@try=\dimen168
\multicolovershoot=\dimen169
\multicolundershoot=\dimen170
\mult@nat@firstbox=\box97
\colbreak@box=\box98
\mc@col@check@num=\count309
\g__mc_curr_col_int=\count310
)
(/usr/local/texlive/2026/texmf-dist/tex/latex/float/float.sty
Package: float 2001/11/08 v1.3d Float enhancements (AL)
\c@float@type=\count311
\float@exts=\toks21
\float@box=\box99
\@float@everytoks=\toks22
\@floatcapt=\box100
)
(/usr/local/texlive/2026/texmf-dist/tex/latex/tools/longtable.sty
Package: longtable 2026-01-28 v4.27 Multi-page Table package (DPC)
\LTleft=\skip53
\LTright=\skip54
\LTpre=\skip55
\LTpost=\skip56
\LTchunksize=\count312
\LTcapwidth=\dimen171
\LT@head=\box101
\LT@firsthead=\box102
\LT@foot=\box103
\LT@lastfoot=\box104
\LT@gbox=\box105
\LT@cols=\count313
\LT@rows=\count314
\c@LT@tables=\count315
\c@LT@chunks=\count316
\LT@p@ftn=\toks23
)
(/usr/local/texlive/2026/texmf-dist/tex/latex/tools/tabularx.sty
Package: tabularx 2023/12/11 v2.12a `tabularx' package (DPC)

(/usr/local/texlive/2026/texmf-dist/tex/latex/tools/array.sty
Package: array 2026/02/24 v2.7b Tabular extension package (FMi)
\col@sep=\dimen172
\ar@mcellbox=\box106
\extrarowheight=\dimen173
\NC@list=\toks24
\extratabsurround=\skip57
\backup@length=\skip58
\ar@cellbox=\box107
)
\TX@col@width=\dimen174
\TX@old@table=\dimen175
\TX@old@col=\dimen176
\TX@target=\dimen177
\TX@delta=\dimen178
\TX@cols=\count317
\TX@ftn=\toks25
)
(/usr/local/texlive/2026/texmf-dist/tex/latex/booktabs/booktabs.sty
Package: booktabs 2020/01/12 v1.61803398 Publication quality tables
\heavyrulewidth=\dimen179
\lightrulewidth=\dimen180
\cmidrulewidth=\dimen181
\belowrulesep=\dimen182
\belowbottomsep=\dimen183
\aboverulesep=\dimen184
\abovetopsep=\dimen185
\cmidrulesep=\dimen186
\cmidrulekern=\dimen187
\defaultaddspace=\dimen188
\@cmidla=\count318
\@cmidlb=\count319
\@aboverulesep=\dimen189
\@belowrulesep=\dimen190
\@thisruleclass=\count320
\@lastruleclass=\count321
\@thisrulewidth=\dimen191
)
(/usr/local/texlive/2026/texmf-dist/tex/latex/multirow/multirow.sty
Package: multirow 2024/11/12 v2.9 Span multiple rows of a table
\multirow@colwidth=\skip59
\multirow@cntb=\count322
\multirow@dima=\skip60
\bigstrutjot=\dimen192
)
(/usr/local/texlive/2026/texmf-dist/tex/latex/adjustbox/adjustbox.sty
Package: adjustbox 2025/02/26 v1.3c Adjusting TeX boxes (trim, clip, ...)

(/usr/local/texlive/2026/texmf-dist/tex/latex/adjustbox/adjcalc.sty
Package: adjcalc 2012/05/16 v1.1 Provides advanced setlength with multiple back
-ends (calc, etex, pgfmath)
)
(/usr/local/texlive/2026/texmf-dist/tex/latex/adjustbox/trimclip.sty
Package: trimclip 2025/02/21 v1.2a Trim and clip general TeX material

(/usr/local/texlive/2026/texmf-dist/tex/latex/graphics/graphicx.sty
Package: graphicx 2026-05-17 v1.2e Enhanced LaTeX Graphics (DPC,SPQR)

(/usr/local/texlive/2026/texmf-dist/tex/latex/graphics/graphics.sty
Package: graphics 2026-05-17 v1.4h Standard LaTeX Graphics (DPC,SPQR)

(/usr/local/texlive/2026/texmf-dist/tex/latex/graphics/trig.sty
Package: trig 2023/12/02 v1.11 sin cos tan (DPC)
)
(/usr/local/texlive/2026/texmf-dist/tex/latex/graphics-cfg/graphics.cfg
File: graphics.cfg 2016/06/04 v1.11 sample graphics configuration
)
Package graphics Info: Driver file: luatex.def on input line 106.

(/usr/local/texlive/2026/texmf-dist/tex/latex/graphics-def/luatex.def
File: luatex.def 2025/09/29 v1.2f Graphics/color driver for luatex
))
\Gin@req@height=\dimen193
\Gin@req@width=\dimen194
)
(/usr/local/texlive/2026/texmf-dist/tex/latex/collectbox/collectbox.sty
Package: collectbox 2022/10/17 v0.4c Collect macro arguments as boxes
\collectedbox=\box108
)
\tc@llx=\dimen195
\tc@lly=\dimen196
\tc@urx=\dimen197
\tc@ury=\dimen198
Package trimclip Info: Using driver 'tc-luatex.def'.

(/usr/local/texlive/2026/texmf-dist/tex/latex/adjustbox/tc-luatex.def
File: tc-luatex.def 2025/02/26 v1.1 Clipping driver for luatex

(/usr/local/texlive/2026/texmf-dist/tex/latex/adjustbox/tc-pdftex.def
File: tc-pdftex.def 2025/02/26 v2.3 Clipping driver for pdftex
)))
\adjbox@Width=\dimen199
\adjbox@Height=\dimen256
\adjbox@Depth=\dimen257
\adjbox@Totalheight=\dimen258
\adjbox@pwidth=\dimen259
\adjbox@pheight=\dimen260
\adjbox@pdepth=\dimen261
\adjbox@ptotalheight=\dimen262

(/usr/local/texlive/2026/texmf-dist/tex/latex/ifoddpage/ifoddpage.sty
Package: ifoddpage 2022/10/18 v1.2 Conditionals for odd/even page detection
\c@checkoddpage=\count323
)
(/usr/local/texlive/2026/texmf-dist/tex/latex/varwidth/varwidth.sty
Package: varwidth 2009/03/30 ver 0.92;  Variable-width minipages
\@vwid@box=\box109
\sift@deathcycles=\count324
\@vwid@loff=\dimen263
\@vwid@roff=\dimen264
)
==> First Aid for varwidth.sty applied!
) (/usr/local/texlive/2026/texmf-dist/tex/latex/tools/hhline.sty
Package: hhline 2026/05/02 v2.05 Table rule package (DPC)
)
(/usr/local/texlive/2026/texmf-dist/tex/latex/xcolor/xcolor.sty
Package: xcolor 2024/09/29 v3.02 LaTeX color extensions (UK)

(/usr/local/texlive/2026/texmf-dist/tex/latex/graphics-cfg/color.cfg
File: color.cfg 2016/01/02 v1.6 sample color configuration
)
Package xcolor Info: Driver file: luatex.def on input line 274.

(/usr/local/texlive/2026/texmf-dist/tex/latex/graphics/mathcolor.ltx)
Package xcolor Info: Model `cmy' substituted by `cmy0' on input line 1349.
Package xcolor Info: Model `hsb' substituted by `rgb' on input line 1353.
Package xcolor Info: Model `RGB' extended on input line 1365.
Package xcolor Info: Model `HTML' substituted by `rgb' on input line 1367.
Package xcolor Info: Model `Hsb' substituted by `hsb' on input line 1368.
Package xcolor Info: Model `tHsb' substituted by `hsb' on input line 1369.
Package xcolor Info: Model `HSB' substituted by `hsb' on input line 1370.
Package xcolor Info: Model `Gray' substituted by `gray' on input line 1371.
Package xcolor Info: Model `wave' substituted by `hsb' on input line 1372.
)
(/usr/local/texlive/2026/texmf-dist/tex/latex/pgf/frontendlayer/tikz.sty
(/usr/local/texlive/2026/texmf-dist/tex/latex/pgf/basiclayer/pgf.sty
(/usr/local/texlive/2026/texmf-dist/tex/latex/pgf/utilities/pgfrcs.sty
(/usr/local/texlive/2026/texmf-dist/tex/generic/pgf/utilities/pgfutil-common.te
x
\pgfutil@everybye=\toks26
\pgfutil@tempdima=\dimen265
\pgfutil@tempdimb=\dimen266
)
(/usr/local/texlive/2026/texmf-dist/tex/generic/pgf/utilities/pgfutil-latex.def
\pgfutil@abb=\box110
) (/usr/local/texlive/2026/texmf-dist/tex/generic/pgf/utilities/pgfrcs.code.tex
(/usr/local/texlive/2026/texmf-dist/tex/generic/pgf/pgf.revision.tex)
Package: pgfrcs 2025-08-29 v3.1.11a (3.1.11a)
))
Package: pgf 2025-08-29 v3.1.11a (3.1.11a)

(/usr/local/texlive/2026/texmf-dist/tex/latex/pgf/basiclayer/pgfcore.sty
(/usr/local/texlive/2026/texmf-dist/tex/latex/pgf/systemlayer/pgfsys.sty
(/usr/local/texlive/2026/texmf-dist/tex/generic/pgf/systemlayer/pgfsys.code.tex
Package: pgfsys 2025-08-29 v3.1.11a (3.1.11a)
(/usr/local/texlive/2026/texmf-dist/tex/generic/pgf/utilities/pgfkeys.code.tex
\pgfkeys@pathtoks=\toks27
\pgfkeys@temptoks=\toks28

(/usr/local/texlive/2026/texmf-dist/tex/generic/pgf/utilities/pgfkeyslibraryfil
tered.code.tex
\pgfkeys@tmptoks=\toks29
))
\pgf@x=\dimen267
\pgf@y=\dimen268
\pgf@xa=\dimen269
\pgf@ya=\dimen270
\pgf@xb=\dimen271
\pgf@yb=\dimen272
\pgf@xc=\dimen273
\pgf@yc=\dimen274
\pgf@xd=\dimen275
\pgf@yd=\dimen276
\w@pgf@writea=\write3
\r@pgf@reada=\read3
\c@pgf@counta=\count325
\c@pgf@countb=\count326
\c@pgf@countc=\count327
\c@pgf@countd=\count328
\t@pgf@toka=\toks30
\t@pgf@tokb=\toks31
\t@pgf@tokc=\toks32
\pgf@sys@id@count=\count329

(/usr/local/texlive/2026/texmf-dist/tex/generic/pgf/systemlayer/pgf.cfg
File: pgf.cfg 2025-08-29 v3.1.11a (3.1.11a)
)
Driver file for pgf: pgfsys-luatex.def

(/usr/local/texlive/2026/texmf-dist/tex/generic/pgf/systemlayer/pgfsys-luatex.d
ef
File: pgfsys-luatex.def 2025-08-29 v3.1.11a (3.1.11a)

(/usr/local/texlive/2026/texmf-dist/tex/generic/pgf/systemlayer/pgfsys-common-p
df.def
File: pgfsys-common-pdf.def 2025-08-29 v3.1.11a (3.1.11a)
)))
(/usr/local/texlive/2026/texmf-dist/tex/generic/pgf/systemlayer/pgfsyssoftpath.
code.tex
File: pgfsyssoftpath.code.tex 2025-08-29 v3.1.11a (3.1.11a)
\pgfsyssoftpath@smallbuffer@items=\count330
\pgfsyssoftpath@bigbuffer@items=\count331
)
(/usr/local/texlive/2026/texmf-dist/tex/generic/pgf/systemlayer/pgfsysprotocol.
code.tex
File: pgfsysprotocol.code.tex 2025-08-29 v3.1.11a (3.1.11a)
))
(/usr/local/texlive/2026/texmf-dist/tex/generic/pgf/basiclayer/pgfcore.code.tex
Package: pgfcore 2025-08-29 v3.1.11a (3.1.11a)
(/usr/local/texlive/2026/texmf-dist/tex/generic/pgf/math/pgfmath.code.tex
(/usr/local/texlive/2026/texmf-dist/tex/generic/pgf/math/pgfmathutil.code.tex)
(/usr/local/texlive/2026/texmf-dist/tex/generic/pgf/math/pgfmathparser.code.tex
\pgfmath@dimen=\dimen277
\pgfmath@count=\count332
\pgfmath@box=\box111
\pgfmath@toks=\toks33
\pgfmath@stack@operand=\toks34
\pgfmath@stack@operation=\toks35
)
(/usr/local/texlive/2026/texmf-dist/tex/generic/pgf/math/pgfmathfunctions.code.
tex)
(/usr/local/texlive/2026/texmf-dist/tex/generic/pgf/math/pgfmathfunctions.basic
.code.tex)
(/usr/local/texlive/2026/texmf-dist/tex/generic/pgf/math/pgfmathfunctions.trigo
nometric.code.tex)
(/usr/local/texlive/2026/texmf-dist/tex/generic/pgf/math/pgfmathfunctions.rando
m.code.tex)
(/usr/local/texlive/2026/texmf-dist/tex/generic/pgf/math/pgfmathfunctions.compa
rison.code.tex)
(/usr/local/texlive/2026/texmf-dist/tex/generic/pgf/math/pgfmathfunctions.base.
code.tex)
(/usr/local/texlive/2026/texmf-dist/tex/generic/pgf/math/pgfmathfunctions.round
.code.tex)
(/usr/local/texlive/2026/texmf-dist/tex/generic/pgf/math/pgfmathfunctions.misc.
code.tex)
(/usr/local/texlive/2026/texmf-dist/tex/generic/pgf/math/pgfmathfunctions.integ
erarithmetics.code.tex)
(/usr/local/texlive/2026/texmf-dist/tex/generic/pgf/math/pgfmathcalc.code.tex)
(/usr/local/texlive/2026/texmf-dist/tex/generic/pgf/math/pgfmathfloat.code.tex
\c@pgfmathroundto@lastzeros=\count333
)) (/usr/local/texlive/2026/texmf-dist/tex/generic/pgf/math/pgfint.code.tex)
(/usr/local/texlive/2026/texmf-dist/tex/generic/pgf/basiclayer/pgfcorepoints.co
de.tex
File: pgfcorepoints.code.tex 2025-08-29 v3.1.11a (3.1.11a)
\pgf@picminx=\dimen278
\pgf@picmaxx=\dimen279
\pgf@picminy=\dimen280
\pgf@picmaxy=\dimen281
\pgf@pathminx=\dimen282
\pgf@pathmaxx=\dimen283
\pgf@pathminy=\dimen284
\pgf@pathmaxy=\dimen285
\pgf@xx=\dimen286
\pgf@xy=\dimen287
\pgf@yx=\dimen288
\pgf@yy=\dimen289
\pgf@zx=\dimen290
\pgf@zy=\dimen291
)
(/usr/local/texlive/2026/texmf-dist/tex/generic/pgf/basiclayer/pgfcorepathconst
ruct.code.tex
File: pgfcorepathconstruct.code.tex 2025-08-29 v3.1.11a (3.1.11a)
\pgf@path@lastx=\dimen292
\pgf@path@lasty=\dimen293
)
(/usr/local/texlive/2026/texmf-dist/tex/generic/pgf/basiclayer/pgfcorepathusage
.code.tex
File: pgfcorepathusage.code.tex 2025-08-29 v3.1.11a (3.1.11a)
\pgf@shorten@end@additional=\dimen294
\pgf@shorten@start@additional=\dimen295
)
(/usr/local/texlive/2026/texmf-dist/tex/generic/pgf/basiclayer/pgfcorescopes.co
de.tex
File: pgfcorescopes.code.tex 2025-08-29 v3.1.11a (3.1.11a)
\pgfpic=\box112
\pgf@hbox=\box113
\pgf@layerbox@main=\box114
\pgf@picture@serial@count=\count334
)
(/usr/local/texlive/2026/texmf-dist/tex/generic/pgf/basiclayer/pgfcoregraphicst
ate.code.tex
File: pgfcoregraphicstate.code.tex 2025-08-29 v3.1.11a (3.1.11a)
\pgflinewidth=\dimen296
)
(/usr/local/texlive/2026/texmf-dist/tex/generic/pgf/basiclayer/pgfcoretransform
ations.code.tex
File: pgfcoretransformations.code.tex 2025-08-29 v3.1.11a (3.1.11a)
\pgf@pt@x=\dimen297
\pgf@pt@y=\dimen298
\pgf@pt@temp=\dimen299
)
(/usr/local/texlive/2026/texmf-dist/tex/generic/pgf/basiclayer/pgfcorequick.cod
e.tex
File: pgfcorequick.code.tex 2025-08-29 v3.1.11a (3.1.11a)
)
(/usr/local/texlive/2026/texmf-dist/tex/generic/pgf/basiclayer/pgfcoreobjects.c
ode.tex
File: pgfcoreobjects.code.tex 2025-08-29 v3.1.11a (3.1.11a)
)
(/usr/local/texlive/2026/texmf-dist/tex/generic/pgf/basiclayer/pgfcorepathproce
ssing.code.tex
File: pgfcorepathprocessing.code.tex 2025-08-29 v3.1.11a (3.1.11a)
)
(/usr/local/texlive/2026/texmf-dist/tex/generic/pgf/basiclayer/pgfcorearrows.co
de.tex
File: pgfcorearrows.code.tex 2025-08-29 v3.1.11a (3.1.11a)
\pgfarrowsep=\dimen300
)
(/usr/local/texlive/2026/texmf-dist/tex/generic/pgf/basiclayer/pgfcoreshade.cod
e.tex
File: pgfcoreshade.code.tex 2025-08-29 v3.1.11a (3.1.11a)
\pgf@max=\dimen301
\pgf@sys@shading@range@num=\count335
\pgf@shadingcount=\count336
)
(/usr/local/texlive/2026/texmf-dist/tex/generic/pgf/basiclayer/pgfcoreimage.cod
e.tex
File: pgfcoreimage.code.tex 2025-08-29 v3.1.11a (3.1.11a)
)
(/usr/local/texlive/2026/texmf-dist/tex/generic/pgf/basiclayer/pgfcoreexternal.
code.tex
File: pgfcoreexternal.code.tex 2025-08-29 v3.1.11a (3.1.11a)
\pgfexternal@startupbox=\box115
)
(/usr/local/texlive/2026/texmf-dist/tex/generic/pgf/basiclayer/pgfcorelayers.co
de.tex
File: pgfcorelayers.code.tex 2025-08-29 v3.1.11a (3.1.11a)
)
(/usr/local/texlive/2026/texmf-dist/tex/generic/pgf/basiclayer/pgfcoretranspare
ncy.code.tex
File: pgfcoretransparency.code.tex 2025-08-29 v3.1.11a (3.1.11a)
)
(/usr/local/texlive/2026/texmf-dist/tex/generic/pgf/basiclayer/pgfcorepatterns.
code.tex
File: pgfcorepatterns.code.tex 2025-08-29 v3.1.11a (3.1.11a)
)
(/usr/local/texlive/2026/texmf-dist/tex/generic/pgf/basiclayer/pgfcorerdf.code.
tex
File: pgfcorerdf.code.tex 2025-08-29 v3.1.11a (3.1.11a)
)))
(/usr/local/texlive/2026/texmf-dist/tex/generic/pgf/modules/pgfmoduleshapes.cod
e.tex
File: pgfmoduleshapes.code.tex 2025-08-29 v3.1.11a (3.1.11a)
\pgfnodeparttextbox=\box116
)
(/usr/local/texlive/2026/texmf-dist/tex/generic/pgf/modules/pgfmoduleplot.code.
tex
File: pgfmoduleplot.code.tex 2025-08-29 v3.1.11a (3.1.11a)
)
(/usr/local/texlive/2026/texmf-dist/tex/latex/pgf/compatibility/pgfcomp-version
-0-65.sty
Package: pgfcomp-version-0-65 2025-08-29 v3.1.11a (3.1.11a)
\pgf@nodesepstart=\dimen302
\pgf@nodesepend=\dimen303
)
(/usr/local/texlive/2026/texmf-dist/tex/latex/pgf/compatibility/pgfcomp-version
-1-18.sty
Package: pgfcomp-version-1-18 2025-08-29 v3.1.11a (3.1.11a)
))
(/usr/local/texlive/2026/texmf-dist/tex/latex/pgf/utilities/pgffor.sty
(/usr/local/texlive/2026/texmf-dist/tex/latex/pgf/utilities/pgfkeys.sty
(/usr/local/texlive/2026/texmf-dist/tex/generic/pgf/utilities/pgfkeys.code.tex))
 (/usr/local/texlive/2026/texmf-dist/tex/latex/pgf/math/pgfmath.sty
(/usr/local/texlive/2026/texmf-dist/tex/generic/pgf/math/pgfmath.code.tex))
(/usr/local/texlive/2026/texmf-dist/tex/generic/pgf/utilities/pgffor.code.tex
Package: pgffor 2025-08-29 v3.1.11a (3.1.11a)
\pgffor@iter=\dimen304
\pgffor@skip=\dimen305
\pgffor@stack=\toks36
\pgffor@toks=\toks37
))
(/usr/local/texlive/2026/texmf-dist/tex/generic/pgf/frontendlayer/tikz/tikz.cod
e.tex
Package: tikz 2025-08-29 v3.1.11a (3.1.11a)

(/usr/local/texlive/2026/texmf-dist/tex/generic/pgf/libraries/pgflibraryplothan
dlers.code.tex
File: pgflibraryplothandlers.code.tex 2025-08-29 v3.1.11a (3.1.11a)
\pgf@plot@mark@count=\count337
\pgfplotmarksize=\dimen306
)
\tikz@lastx=\dimen307
\tikz@lasty=\dimen308
\tikz@lastxsaved=\dimen309
\tikz@lastysaved=\dimen310
\tikz@lastmovetox=\dimen311
\tikz@lastmovetoy=\dimen312
\tikzleveldistance=\dimen313
\tikzsiblingdistance=\dimen314
\tikz@figbox=\box117
\tikz@figbox@bg=\box118
\tikz@tempbox=\box119
\tikz@tempbox@bg=\box120
\tikztreelevel=\count338
\tikznumberofchildren=\count339
\tikznumberofcurrentchild=\count340
\tikz@fig@count=\count341

(/usr/local/texlive/2026/texmf-dist/tex/generic/pgf/modules/pgfmodulematrix.cod
e.tex
File: pgfmodulematrix.code.tex 2025-08-29 v3.1.11a (3.1.11a)
\pgfmatrixcurrentrow=\count342
\pgfmatrixcurrentcolumn=\count343
\pgf@matrix@numberofcolumns=\count344
)
\tikz@expandcount=\count345

(/usr/local/texlive/2026/texmf-dist/tex/generic/pgf/frontendlayer/tikz/librarie
s/tikzlibrarytopaths.code.tex
File: tikzlibrarytopaths.code.tex 2025-08-29 v3.1.11a (3.1.11a)
)))
(/usr/local/texlive/2026/texmf-dist/tex/generic/pgf/frontendlayer/tikz/librarie
s/tikzlibrarypositioning.code.tex
File: tikzlibrarypositioning.code.tex 2025-08-29 v3.1.11a (3.1.11a)
)
(/usr/local/texlive/2026/texmf-dist/tex/generic/pgf/frontendlayer/tikz/librarie
s/tikzlibrarydecorations.pathmorphing.code.tex
(/usr/local/texlive/2026/texmf-dist/tex/generic/pgf/frontendlayer/tikz/librarie
s/tikzlibrarydecorations.code.tex
(/usr/local/texlive/2026/texmf-dist/tex/generic/pgf/modules/pgfmoduledecoration
s.code.tex
\pgfdecoratedcompleteddistance=\dimen315
\pgfdecoratedremainingdistance=\dimen316
\pgfdecoratedinputsegmentcompleteddistance=\dimen317
\pgfdecoratedinputsegmentremainingdistance=\dimen318
\pgf@decorate@distancetomove=\dimen319
\pgf@decorate@repeatstate=\count346
\pgfdecorationsegmentamplitude=\dimen320
\pgfdecorationsegmentlength=\dimen321
)
\tikz@lib@dec@box=\box121
)
(/usr/local/texlive/2026/texmf-dist/tex/generic/pgf/libraries/decorations/pgfli
brarydecorations.pathmorphing.code.tex))
(/usr/local/texlive/2026/texmf-dist/tex/latex/pgfplots/pgfplots.sty
(/usr/local/texlive/2026/texmf-dist/tex/generic/pgfplots/pgfplots.revision.tex)
Package: pgfplots 2025/08/14 v1.18.2 Data Visualization (1.18.2)
(/usr/local/texlive/2026/texmf-dist/tex/generic/pgfplots/pgfplots.code.tex
(/usr/local/texlive/2026/texmf-dist/tex/generic/pgfplots/pgfplotscore.code.tex
Package pgfplots info on input line 124: Initializing with LUA version Lua 5.3
\pgfplots@luabackend@table=\catcodetable16
\t@pgfplots@toka=\toks38
\t@pgfplots@tokb=\toks39
\t@pgfplots@tokc=\toks40
\pgfplots@tmpa=\dimen322
\c@pgfplots@coordindex=\count347
\c@pgfplots@scanlineindex=\count348

(/usr/local/texlive/2026/texmf-dist/tex/generic/pgfplots/sys/pgfplotssysgeneric
.code.tex))
(/usr/local/texlive/2026/texmf-dist/tex/generic/pgfplots/libs/pgfplotslibrary.c
ode.tex)
(/usr/local/texlive/2026/texmf-dist/tex/generic/pgfplots/oldpgfcompatib/pgfplot
soldpgfsupp_loader.code.tex
(/usr/local/texlive/2026/texmf-dist/tex/generic/pgf/libraries/pgflibraryfpu.cod
e.tex)
(/usr/local/texlive/2026/texmf-dist/tex/generic/pgfplots/oldpgfcompatib/pgfplot
soldpgfsupp_pgfutil-common-lists.tex)
(/usr/local/texlive/2026/texmf-dist/tex/generic/pgf/libraries/luamath/pgflibrar
yluamath.code.tex)
Package pgfplots info on input line 292: luamath library shipped with pgf 3.1.1
1a is up-to-date
)
(/usr/local/texlive/2026/texmf-dist/tex/generic/pgfplots/util/pgfplotsutil.code
.tex
Package pgfplots info on input line 82: Found new luatex: initializing lua comm
ands instead of write18 (shell-escape)

(/usr/local/texlive/2026/texmf-dist/tex/generic/pgfplots/liststructure/pgfplots
liststructure.code.tex)
(/usr/local/texlive/2026/texmf-dist/tex/generic/pgfplots/liststructure/pgfplots
liststructureext.code.tex)
(/usr/local/texlive/2026/texmf-dist/tex/generic/pgfplots/liststructure/pgfplots
array.code.tex
\c@pgfplotsarray@tmp=\count349
)
(/usr/local/texlive/2026/texmf-dist/tex/generic/pgfplots/liststructure/pgfplots
matrix.code.tex)
(/usr/local/texlive/2026/texmf-dist/tex/generic/pgfplots/numtable/pgfplotstable
shared.code.tex
\c@pgfplotstable@counta=\count350
\t@pgfplotstable@a=\toks41
)
(/usr/local/texlive/2026/texmf-dist/tex/generic/pgfplots/liststructure/pgfplots
deque.code.tex)
(/usr/local/texlive/2026/texmf-dist/tex/generic/pgfplots/util/pgfplotsbinary.co
de.tex
(/usr/local/texlive/2026/texmf-dist/tex/generic/pgfplots/util/pgfplotsbinary.da
ta.code.tex))
(/usr/local/texlive/2026/texmf-dist/tex/generic/pgfplots/util/pgfplotsutil.verb
.code.tex)
(/usr/local/texlive/2026/texmf-dist/tex/generic/pgfplots/libs/pgflibrarypgfplot
s.surfshading.code.tex
\c@pgfplotslibrarysurf@no=\count351

(/usr/local/texlive/2026/texmf-dist/tex/generic/pgfplots/sys/pgflibrarypgfplots
.surfshading.pgfsys-luatex.def)))
(/usr/local/texlive/2026/texmf-dist/tex/generic/pgfplots/util/pgfplotscolormap.
code.tex
(/usr/local/texlive/2026/texmf-dist/tex/generic/pgfplots/util/pgfplotscolor.cod
e.tex))
(/usr/local/texlive/2026/texmf-dist/tex/generic/pgfplots/pgfplotsstackedplots.c
ode.tex)
(/usr/local/texlive/2026/texmf-dist/tex/generic/pgfplots/pgfplotsplothandlers.c
ode.tex
(/usr/local/texlive/2026/texmf-dist/tex/generic/pgfplots/pgfplotsmeshplothandle
r.code.tex
(/usr/local/texlive/2026/texmf-dist/tex/generic/pgfplots/pgfplotsmeshplotimage.
code.tex)))
(/usr/local/texlive/2026/texmf-dist/tex/generic/pgfplots/pgfplots.scaling.code.
tex)
(/usr/local/texlive/2026/texmf-dist/tex/generic/pgfplots/pgfplotscoordprocessin
g.code.tex)
(/usr/local/texlive/2026/texmf-dist/tex/generic/pgfplots/pgfplots.errorbars.cod
e.tex)
(/usr/local/texlive/2026/texmf-dist/tex/generic/pgfplots/pgfplots.markers.code.
tex)
(/usr/local/texlive/2026/texmf-dist/tex/generic/pgfplots/pgfplotsticks.code.tex
)
(/usr/local/texlive/2026/texmf-dist/tex/generic/pgfplots/pgfplots.paths.code.te
x)
(/usr/local/texlive/2026/texmf-dist/tex/generic/pgf/frontendlayer/tikz/librarie
s/tikzlibrarydecorations.pathreplacing.code.tex
(/usr/local/texlive/2026/texmf-dist/tex/generic/pgf/libraries/decorations/pgfli
brarydecorations.pathreplacing.code.tex))
(/usr/local/texlive/2026/texmf-dist/tex/generic/pgfplots/libs/tikzlibrarypgfplo
ts.contourlua.code.tex)
\pgfplots@numplots=\count352
\pgfplots@xmin@reg=\dimen323
\pgfplots@xmax@reg=\dimen324
\pgfplots@ymin@reg=\dimen325
\pgfplots@ymax@reg=\dimen326
\pgfplots@zmin@reg=\dimen327
\pgfplots@zmax@reg=\dimen328
)
(/usr/local/texlive/2026/texmf-dist/tex/generic/pgf/frontendlayer/tikz/librarie
s/tikzlibraryplotmarks.code.tex
File: tikzlibraryplotmarks.code.tex 2025-08-29 v3.1.11a (3.1.11a)

(/usr/local/texlive/2026/texmf-dist/tex/generic/pgf/libraries/pgflibraryplotmar
ks.code.tex
File: pgflibraryplotmarks.code.tex 2025-08-29 v3.1.11a (3.1.11a)
)))
(/usr/local/texlive/2026/texmf-dist/tex/generic/pgfplots/libs/tikzlibrarypgfplo
ts.statistics.code.tex)
(/usr/local/texlive/2026/texmf-dist/tex/latex/amsmath/amsmath.sty
Package: amsmath 2026/05/19 v2.18d AMS math features
\@mathmargin=\skip61

For additional information on amsmath, use the `?' option.
(/usr/local/texlive/2026/texmf-dist/tex/latex/amsmath/amstext.sty
Package: amstext 2024/11/17 v2.01 AMS text

(/usr/local/texlive/2026/texmf-dist/tex/latex/amsmath/amsgen.sty
File: amsgen.sty 1999/11/30 v2.0 generic functions
\@emptytoks=\toks42
\ex@=\dimen329
))
(/usr/local/texlive/2026/texmf-dist/tex/latex/amsmath/amsbsy.sty
Package: amsbsy 1999/11/29 v1.2d Bold Symbols
\pmbraise@=\dimen330
)
(/usr/local/texlive/2026/texmf-dist/tex/latex/amsmath/amsopn.sty
Package: amsopn 2022/04/08 v2.04 operator names
)
\inf@bad=\count353
LaTeX Info: Redefining \frac on input line 235.
\uproot@=\count354
\leftroot@=\count355
LaTeX Info: Redefining \overline on input line 398.
LaTeX Info: Redefining \colon on input line 409.
\classnum@=\count356
\DOTSCASE@=\count357
LaTeX Info: Redefining \ldots on input line 495.
LaTeX Info: Redefining \dots on input line 498.
LaTeX Info: Redefining \cdots on input line 619.
\Mathstrutbox@=\box122
\strutbox@=\box123
LaTeX Info: Redefining \big on input line 721.
LaTeX Info: Redefining \Big on input line 722.
LaTeX Info: Redefining \bigg on input line 723.
LaTeX Info: Redefining \Bigg on input line 724.
\big@size=\dimen331
LaTeX Font Info:    Redeclaring font encoding OML on input line 742.
LaTeX Font Info:    Redeclaring font encoding OMS on input line 743.
\macc@depth=\count358
LaTeX Info: Redefining \bmod on input line 904.
LaTeX Info: Redefining \pmod on input line 909.
LaTeX Info: Redefining \smash on input line 939.
LaTeX Info: Redefining \relbar on input line 969.
LaTeX Info: Redefining \Relbar on input line 970.
\c@MaxMatrixCols=\count359
\dotsspace@=\muskip17
\c@parentequation=\count360
\dspbrk@lvl=\count361
\tag@help=\toks43
\row@=\count362
\column@=\count363
\maxfields@=\count364
\andhelp@=\toks44
\eqnshift@=\dimen332
\alignsep@=\dimen333
\tagshift@=\dimen334
\tagwidth@=\dimen335
\totwidth@=\dimen336
\lineht@=\dimen337
\@envbody=\toks45
\multlinegap=\skip62
\multlinetaggap=\skip63
\mathdisplay@stack=\toks46
LaTeX Info: Redefining \[ on input line 2965.
LaTeX Info: Redefining \] on input line 2966.
)
(/usr/local/texlive/2026/texmf-dist/tex/latex/enumitem/enumitem.sty
Package: enumitem 2025/02/06 v3.11 Customized lists
\enitkv@toks@=\toks47
\labelindent=\skip64
\enit@outerparindent=\dimen338
\enit@toks=\toks48
\enit@inbox=\box124
\enit@count@id=\count365
\enitdp@description=\count366
)
(/usr/local/texlive/2026/texmf-dist/tex/latex/fancybox/fancybox.sty
Package: fancybox 2010/05/15 1.4

Style option: `fancybox' v1.4 <2010/05/15> (tvz)
\@fancybox=\box125
\shadowsize=\dimen339
\@Sbox=\box126
\do@VerbBox=\toks49
\the@fancyput=\toks50
\this@fancyput=\toks51
\EndVerbatimTokens=\toks52
\Verbatim@Outfile=\write4
\Verbatim@Infile=\read4
) (/usr/local/texlive/2026/texmf-dist/tex/latex/apacite/apacite.sty
Package: apacite 2013/07/21 v6.03 APA citation
\c@BibCnt=\count367
\bibleftmargin=\skip65
\bibindent=\skip66
\bibparsep=\skip67
\bibitemsep=\skip68
\biblabelsep=\skip69
)
(/usr/local/texlive/2026/texmf-dist/tex/latex/natbib/natbib.sty
Package: natbib 2010/09/13 8.31b (PWD, AO)
\bibhang=\skip70
\bibsep=\skip71
LaTeX Info: Redefining \cite on input line 694.
\c@NAT@ctr=\count368
)
LaTeX Info: Redefining \BBA on input line 59.

(/usr/local/texlive/2026/texmf-dist/tex/latex/fancyvrb/fancyvrb.sty
Package: fancyvrb 2026/04/16 4.6a verbatim text (tvz,hv)
\FV@CodeLineNo=\count369
\FV@InFile=\read5
\FV@TabBox=\box127
\c@FancyVerbLine=\count370
\FV@StepNumber=\count371
\FV@OutFile=\write5
LaTeX Info: Redefining \UseVerb on input line 1230.
)
(/usr/local/texlive/2026/texmf-dist/tex/latex/caption/caption.sty
Package: caption 2023/08/05 v3.6o Customizing captions (AR)

(/usr/local/texlive/2026/texmf-dist/tex/latex/caption/caption3.sty
Package: caption3 2023/07/31 v2.4d caption3 kernel (AR)
\caption@tempdima=\dimen340
\captionmargin=\dimen341
\caption@leftmargin=\dimen342
\caption@rightmargin=\dimen343
\caption@width=\dimen344
\caption@indent=\dimen345
\caption@parindent=\dimen346
\caption@hangindent=\dimen347
Package caption Info: Standard document class detected.
)
\c@caption@flags=\count372
\c@continuedfloat=\count373
Package caption Info: float package is loaded.
Package caption Info: longtable package is loaded.

(/usr/local/texlive/2026/texmf-dist/tex/latex/caption/ltcaption.sty
Package: ltcaption 2021/01/08 v1.4c longtable captions (AR)
))
(/usr/local/texlive/2026/texmf-dist/tex/latex/changepage/changepage.sty
Package: changepage 2009/10/20 v1.0c check page and change page layout
\c@cp@cntr=\count374
\cp@tempcnt=\count375
LaTeX Info: Redefining \checkoddpage on input line 59.
)
\c@textsample=\count376

(/usr/local/texlive/2026/texmf-dist/tex/latex/hyperref/hyperref.sty
Package: hyperref 2026-06-17 v7.01r Hypertext links for LaTeX

(/usr/local/texlive/2026/texmf-dist/tex/latex/kvsetkeys/kvsetkeys.sty
Package: kvsetkeys 2022-10-05 v1.19 Key value parser (HO)
)
(/usr/local/texlive/2026/texmf-dist/tex/generic/kvdefinekeys/kvdefinekeys.sty
Package: kvdefinekeys 2019-12-19 v1.6 Define keys (HO)
)
(/usr/local/texlive/2026/texmf-dist/tex/generic/pdfescape/pdfescape.sty
Package: pdfescape 2019/12/09 v1.15 Implements pdfTeX's escape features (HO)

(/usr/local/texlive/2026/texmf-dist/tex/generic/ltxcmds/ltxcmds.sty
Package: ltxcmds 2023-12-04 v1.26 LaTeX kernel commands for general use (HO)
)
(/usr/local/texlive/2026/texmf-dist/tex/generic/pdftexcmds/pdftexcmds.sty
Package: pdftexcmds 2020-06-27 v0.33 Utility functions of pdfTeX for LuaTeX (HO
)

(/usr/local/texlive/2026/texmf-dist/tex/generic/infwarerr/infwarerr.sty
Package: infwarerr 2019/12/03 v1.5 Providing info/warning/error messages (HO)
)
Package pdftexcmds Info: \pdf@primitive is available.
Package pdftexcmds Info: \pdf@ifprimitive is available.
Package pdftexcmds Info: \pdfdraftmode found.
\pdftexcmds@toks=\toks53
))
(/usr/local/texlive/2026/texmf-dist/tex/latex/hycolor/hycolor.sty
Package: hycolor 2020-01-27 v1.10 Color options for hyperref/bookmark (HO)
)
(/usr/local/texlive/2026/texmf-dist/tex/latex/hyperref/nameref.sty
Package: nameref 2026-01-29 v2.58 Cross-referencing by name of section

(/usr/local/texlive/2026/texmf-dist/tex/latex/refcount/refcount.sty
Package: refcount 2019/12/15 v3.6 Data extraction from label references (HO)
)
(/usr/local/texlive/2026/texmf-dist/tex/generic/gettitlestring/gettitlestring.s
ty
Package: gettitlestring 2019/12/15 v1.6 Cleanup title references (HO)
 (/usr/local/texlive/2026/texmf-dist/tex/latex/kvoptions/kvoptions.sty
Package: kvoptions 2022-06-15 v3.15 Key value format for package options (HO)
))
\c@section@level=\count377
)
(/usr/local/texlive/2026/texmf-dist/tex/generic/stringenc/stringenc.sty
Package: stringenc 2019/11/29 v1.12 Convert strings between diff. encodings (HO
)
)
\@linkdim=\dimen348
\Hy@linkcounter=\count378
\Hy@pagecounter=\count379

(/usr/local/texlive/2026/texmf-dist/tex/latex/hyperref/pd1enc.def
File: pd1enc.def 2026-06-17 v7.01r Hyperref: PDFDocEncoding definition (HO)
)
(/usr/local/texlive/2026/texmf-dist/tex/generic/intcalc/intcalc.sty
Package: intcalc 2019/12/15 v1.3 Expandable calculations with integers (HO)
)
\Hy@SavedSpaceFactor=\count380

(/usr/local/texlive/2026/texmf-dist/tex/latex/hyperref/puenc.def
File: puenc.def 2026-06-17 v7.01r Hyperref: PDF Unicode definition (HO)
)
Package hyperref Info: Option `colorlinks' set `true' on input line 4070.
Package hyperref Info: Hyper figures OFF on input line 4199.
Package hyperref Info: Link nesting OFF on input line 4204.
Package hyperref Info: Hyper index ON on input line 4207.
Package hyperref Info: Plain pages OFF on input line 4214.
Package hyperref Info: Backreferencing OFF on input line 4219.
Package hyperref Info: Implicit mode ON; LaTeX internals redefined.
Package hyperref Info: Bookmarks ON on input line 4466.
\c@Hy@tempcnt=\count381

(/usr/local/texlive/2026/texmf-dist/tex/latex/url/url.sty
\Urlmuskip=\muskip18
Package: url 2013/09/16  ver 3.4  Verb mode for urls, etc.
)
LaTeX Info: Redefining \url on input line 4805.
\XeTeXLinkMargin=\dimen349

(/usr/local/texlive/2026/texmf-dist/tex/generic/bitset/bitset.sty
Package: bitset 2019/12/09 v1.3 Handle bit-vector datatype (HO)

(/usr/local/texlive/2026/texmf-dist/tex/generic/bigintcalc/bigintcalc.sty
Package: bigintcalc 2019/12/15 v1.5 Expandable calculations on big integers (HO
)
))
\Fld@menulength=\count382
\Field@Width=\dimen350
\Fld@charsize=\dimen351
Package hyperref Info: Hyper figures OFF on input line 6091.
Package hyperref Info: Link nesting OFF on input line 6096.
Package hyperref Info: Hyper index ON on input line 6099.
Package hyperref Info: backreferencing OFF on input line 6106.
Package hyperref Info: Link coloring ON on input line 6109.
Package hyperref Info: Link coloring with OCG OFF on input line 6116.
Package hyperref Info: PDF/A mode OFF on input line 6121.
\Hy@abspage=\count383
\c@Item=\count384
\c@Hfootnote=\count385
)
Package hyperref Info: Driver (autodetected): hluatex.

(/usr/local/texlive/2026/texmf-dist/tex/latex/hyperref/hluatex.def
File: hluatex.def 2026-06-17 v7.01r Hyperref driver for luaTeX
\Fld@listcount=\count386
\c@bookmark@seq@number=\count387

(/usr/local/texlive/2026/texmf-dist/tex/latex/rerunfilecheck/rerunfilecheck.sty
Package: rerunfilecheck 2025-06-21 v1.11 Rerun checks for auxiliary files (HO)

(/usr/local/texlive/2026/texmf-dist/tex/generic/uniquecounter/uniquecounter.sty
Package: uniquecounter 2019/12/15 v1.4 Provide unlimited unique counter (HO)
)
Package uniquecounter Info: New unique counter `rerunfilecheck' on input line 2
84.
)
\Hy@SectionHShift=\skip72
) (./examples.aux)
\openout1 = examples.aux

LaTeX Font Info:    Checking defaults for OML/cmm/m/it on input line 91.
LaTeX Font Info:    ... okay on input line 91.
LaTeX Font Info:    Checking defaults for OMS/cmsy/m/n on input line 91.
LaTeX Font Info:    ... okay on input line 91.
LaTeX Font Info:    Checking defaults for OT1/cmr/m/n on input line 91.
LaTeX Font Info:    ... okay on input line 91.
LaTeX Font Info:    Checking defaults for T1/cmr/m/n on input line 91.
LaTeX Font Info:    ... okay on input line 91.
LaTeX Font Info:    Checking defaults for TS1/cmr/m/n on input line 91.
LaTeX Font Info:    ... okay on input line 91.
LaTeX Font Info:    Checking defaults for TU/lmr/m/n on input line 91.
LaTeX Font Info:    ... okay on input line 91.
LaTeX Font Info:    Checking defaults for OMX/cmex/m/n on input line 91.
LaTeX Font Info:    ... okay on input line 91.
LaTeX Font Info:    Checking defaults for U/cmr/m/n on input line 91.
LaTeX Font Info:    ... okay on input line 91.
LaTeX Font Info:    Checking defaults for PD1/pdf/m/n on input line 91.
LaTeX Font Info:    ... okay on input line 91.
LaTeX Font Info:    Checking defaults for PU/pdf/m/n on input line 91.
LaTeX Font Info:    ... okay on input line 91.

Package fontspec Info: 
(fontspec)             Adjusting the maths setup (use [no-math] to avoid
(fontspec)             this).

\symlegacymaths=\mathgroup4
LaTeX Font Info:    Overwriting symbol font `legacymaths' in version `bold'
(Font)                  OT1/cmr/m/n --> OT1/cmr/bx/n on input line 91.
LaTeX Font Info:    Redeclaring math accent \acute on input line 91.
LaTeX Font Info:    Redeclaring math accent \grave on input line 91.
LaTeX Font Info:    Redeclaring math accent \ddot on input line 91.
LaTeX Font Info:    Redeclaring math accent \tilde on input line 91.
LaTeX Font Info:    Redeclaring math accent \bar on input line 91.
LaTeX Font Info:    Redeclaring math accent \breve on input line 91.
LaTeX Font Info:    Redeclaring math accent \check on input line 91.
LaTeX Font Info:    Redeclaring math accent \hat on input line 91.
LaTeX Font Info:    Redeclaring math accent \dot on input line 91.
LaTeX Font Info:    Redeclaring math accent \mathring on input line 91.
LaTeX Font Info:    Redeclaring math symbol \Gamma on input line 91.
LaTeX Font Info:    Redeclaring math symbol \Delta on input line 91.
LaTeX Font Info:    Redeclaring math symbol \Theta on input line 91.
LaTeX Font Info:    Redeclaring math symbol \Lambda on input line 91.
LaTeX Font Info:    Redeclaring math symbol \Xi on input line 91.
LaTeX Font Info:    Redeclaring math symbol \Pi on input line 91.
LaTeX Font Info:    Redeclaring math symbol \Sigma on input line 91.
LaTeX Font Info:    Redeclaring math symbol \Upsilon on input line 91.
LaTeX Font Info:    Redeclaring math symbol \Phi on input line 91.
LaTeX Font Info:    Redeclaring math symbol \Psi on input line 91.
LaTeX Font Info:    Redeclaring math symbol \Omega on input line 91.
LaTeX Font Info:    Redeclaring math symbol \mathdollar on input line 91.
LaTeX Font Info:    Redeclaring symbol font `operators' on input line 91.
LaTeX Font Info:    Encoding `OT1' has changed to `TU' for symbol font
(Font)              `operators' in the math version `normal' on input line 91.
LaTeX Font Info:    Overwriting symbol font `operators' in version `normal'
(Font)                  OT1/cmr/m/n --> TU/DejaVuSerif(0)/m/n on input line 91.

LaTeX Font Info:    Encoding `OT1' has changed to `TU' for symbol font
(Font)              `operators' in the math version `bold' on input line 91.
LaTeX Font Info:    Overwriting symbol font `operators' in version `bold'
(Font)                  OT1/cmr/bx/n --> TU/DejaVuSerif(0)/m/n on input line 91
.
LaTeX Font Info:    Overwriting symbol font `operators' in version `normal'
(Font)                  TU/DejaVuSerif(0)/m/n --> TU/DejaVuSerif(0)/m/n on inpu
t line 91.
LaTeX Font Info:    Overwriting math alphabet `\mathit' in version `normal'
(Font)                  OT1/cmr/m/it --> TU/DejaVuSerif(0)/m/it on input line 9
1.
LaTeX Font Info:    Overwriting math alphabet `\mathbf' in version `normal'
(Font)                  OT1/cmr/bx/n --> TU/DejaVuSerif(0)/b/n on input line 91
.
LaTeX Font Info:    Overwriting math alphabet `\mathsf' in version `normal'
(Font)                  OT1/cmss/m/n --> TU/lmss/m/n on input line 91.
LaTeX Font Info:    Overwriting math alphabet `\mathtt' in version `normal'
(Font)                  OT1/cmtt/m/n --> TU/lmtt/m/n on input line 91.
LaTeX Font Info:    Overwriting symbol font `operators' in version `bold'
(Font)                  TU/DejaVuSerif(0)/m/n --> TU/DejaVuSerif(0)/b/n on inpu
t line 91.
LaTeX Font Info:    Overwriting math alphabet `\mathit' in version `bold'
(Font)                  OT1/cmr/bx/it --> TU/DejaVuSerif(0)/b/it on input line 
91.
LaTeX Font Info:    Overwriting math alphabet `\mathsf' in version `bold'
(Font)                  OT1/cmss/bx/n --> TU/lmss/b/n on input line 91.
LaTeX Font Info:    Overwriting math alphabet `\mathtt' in version `bold'
(Font)                  OT1/cmtt/m/n --> TU/lmtt/b/n on input line 91.

*geometry* driver: auto-detecting
*geometry* detected driver: luatex
*geometry* verbose mode - [ preamble ] result:
* driver: luatex
* paper: letterpaper
* layout: <same size as paper>
* layoutoffset:(h,v)=(0.0pt,0.0pt)
* modes: 
* h-part:(L,W,R)=(72.26999pt, 469.75502pt, 72.26999pt)
* v-part:(T,H,B)=(72.26999pt, 650.43001pt, 72.26999pt)
* \paperwidth=614.295pt
* \paperheight=794.96999pt
* \textwidth=469.75502pt
* \textheight=650.43001pt
* \oddsidemargin=0.0pt
* \evensidemargin=0.0pt
* \topmargin=-37.0pt
* \headheight=12.0pt
* \headsep=25.0pt
* \topskip=10.0pt
* \footskip=30.0pt
* \marginparwidth=65.0pt
* \marginparsep=11.0pt
* \columnsep=0.0pt
* \skip\footins=9.0pt plus 4.0pt minus 2.0pt
* \hoffset=0.0pt
* \voffset=0.0pt
* \mag=1000
* \@twocolumnfalse
* \@twosidefalse
* \@mparswitchfalse
* \@reversemarginfalse
* (1in=72.27pt=25.4mm, 1cm=28.453pt)

(/usr/local/texlive/2026/texmf-dist/tex/context/base/mkii/supp-pdf.mkii
[Loading MPS to PDF converter (version 2006.09.02).]
\scratchcounter=\count388
\scratchdimen=\dimen352
\scratchbox=\box128
\nofMPsegments=\count389
\nofMParguments=\count390
\everyMPshowfont=\toks54
\MPscratchCnt=\count391
\MPscratchDim=\dimen353
\MPnumerator=\count392
\makeMPintoPDFobject=\count393
\everyMPtoPDFconversion=\toks55
) (/usr/local/texlive/2026/texmf-dist/tex/latex/epstopdf-pkg/epstopdf-base.sty
Package: epstopdf-base 2020-01-24 v2.11 Base part for package epstopdf
Package epstopdf-base Info: Redefining graphics rule for `.eps' on input line 4
85.

(/usr/local/texlive/2026/texmf-dist/tex/latex/latexconfig/epstopdf-sys.cfg
File: epstopdf-sys.cfg 2010/07/13 v1.3 Configuration of (r)epstopdf for TeX Liv
e
))
Package pgfplots notification 'compat/show suggested version=true': document ha
s been generated with the most recent feature set (\pgfplotsset{compat=1.18}).

\c@maskedRefs=\count394
(/usr/local/texlive/2026/texmf-dist/tex/latex/apacite/english.apc
File: english.apc 2013/07/21 v6.03 apacite language file
LaTeX Info: Redefining \BPBI on input line 129.
LaTeX Info: Redefining \BHBI on input line 130.
)
Package caption Info: Begin \AtBeginDocument code.
Package caption Info: changepage package is loaded.
\caption@adjustwidth@hsize=\dimen354
\caption@adjustwidth@linewidth=\dimen355
Package caption Info: hyperref package is loaded.
Package caption Info: End \AtBeginDocument code.
Package hyperref Info: Link coloring ON on input line 91.

(./examples.out) (./examples.out)
\@outlinefile=\write6

\openout6 = examples.out
Package babel Info: Main language set to 'american'.
 (./examples.toc)
\tf@toc=\write7

\openout7 = examples.toc

(/home/eyamrog/PycharmProjects/cl_st1_anna/cl_st1_ph2_anna/examples/f1_pos/f1_p
os_001.tex [1

{/usr/local/texlive/2026/texmf-var/fonts/map/pdftex/updmap/pdftex.map}] [2] [3]
 [4] [5])
(/home/eyamrog/PycharmProjects/cl_st1_anna/cl_st1_ph2_anna/examples/f1_pos/f1_p
os_002.tex
Overfull \hbox (15.0638pt too wide) in paragraph at lines 1--107
[]  \TU/DejaVuSerif(0)/m/n/10 5.5.4 Or-ga-ni-za-ção das unidades cur-ric-u-lar
es da trilha de apro-fun-da-mento Unidade
 []

[6] [7] [8] [9] [10] [11] [12] [13] [14])
(/home/eyamrog/PycharmProjects/cl_st1_anna/cl_st1_ph2_anna/examples/f1_pos/f1_p
os_003.tex [15] [16] [17] [18] [19] [20] [21] [22] [23] [24] [25])
(/home/eyamrog/PycharmProjects/cl_st1_anna/cl_st1_ph2_anna/examples/f1_pos/f1_p
os_004.tex [26] [27] [28] [29])
(/home/eyamrog/PycharmProjects/cl_st1_anna/cl_st1_ph2_anna/examples/f1_pos/f1_p
os_005.tex
Overfull \hbox (16.15994pt too wide) in paragraph at lines 1--72
[]  \TU/DejaVuSerif(0)/m/n/10 3 MÚLTI-PLAS JU-VEN-TUDES DO EN-SINO MÉ-DIO : DI
-VER-SI-DADE COMO PRINCÍ-
 []

[30] [31] [32] [33] [34] [35])
(/home/eyamrog/PycharmProjects/cl_st1_anna/cl_st1_ph2_anna/examples/f1_pos/f1_p
os_006.tex
Overfull \hbox (25.51924pt too wide) in paragraph at lines 1--96
\TU/DejaVuSerif(0)/m/n/10 RE-ITOS HU-MANOS, DE CUL-TURAS E DE PRO-DUÇÃO DE AL-
I-MEN-TOS SAUDÁVEIS
 []

[36] [37] [38] [39] [40] [41] [42] [43] [44] [45] [46])
(/home/eyamrog/PycharmProjects/cl_st1_anna/cl_st1_ph2_anna/examples/f1_pos/f1_p
os_007.tex [47] [48] [49] [50] [51] [52] [53] [54] [55])
(/home/eyamrog/PycharmProjects/cl_st1_anna/cl_st1_ph2_anna/examples/f1_pos/f1_p
os_008.tex [56] [57] [58] [59])
(/home/eyamrog/PycharmProjects/cl_st1_anna/cl_st1_ph2_anna/examples/f1_pos/f1_p
os_009.tex [60] [61] [62] [63] [64] [65] [66] [67] [68] [69])
(/home/eyamrog/PycharmProjects/cl_st1_anna/cl_st1_ph2_anna/examples/f1_pos/f1_p
os_010.tex [70] [71] [72] [73] [74] [75])
(/home/eyamrog/PycharmProjects/cl_st1_anna/cl_st1_ph2_anna/examples/f1_pos/f1_p
os_011.tex [76] [77] [78] [79] [80] [81])
(/home/eyamrog/PycharmProjects/cl_st1_anna/cl_st1_ph2_anna/examples/f1_pos/f1_p
os_012.tex [82] [83] [84] [85] [86] [87])
(/home/eyamrog/PycharmProjects/cl_st1_anna/cl_st1_ph2_anna/examples/f1_pos/f1_p
os_013.tex [88] [89] [90] [91])
(/home/eyamrog/PycharmProjects/cl_st1_anna/cl_st1_ph2_anna/examples/f1_pos/f1_p
os_014.tex [92] [93] [94] [95])
(/home/eyamrog/PycharmProjects/cl_st1_anna/cl_st1_ph2_anna/examples/f1_pos/f1_p
os_015.tex [96] [97] [98] [99])
(/home/eyamrog/PycharmProjects/cl_st1_anna/cl_st1_ph2_anna/examples/f1_pos/f1_p
os_016.tex [100] [101])
(/home/eyamrog/PycharmProjects/cl_st1_anna/cl_st1_ph2_anna/examples/f1_pos/f1_p
os_017.tex [102]
Overfull \hbox (0.80666pt too wide) in paragraph at lines 1--58
[]  \TU/DejaVuSerif(0)/m/n/10 1 FOR-MAÇÃO GERAL BÁSICA A re-or-ga-ni-za-ç
ão cur-ric-u-lar pro-posta para o Novo
 []

[103] [104] [105])
(/home/eyamrog/PycharmProjects/cl_st1_anna/cl_st1_ph2_anna/examples/f1_pos/f1_p
os_018.tex [106] [107] [108] [109] [110] [111] [112] [113])
(/home/eyamrog/PycharmProjects/cl_st1_anna/cl_st1_ph2_anna/examples/f1_pos/f1_p
os_019.tex [114] [115] [116])
(/home/eyamrog/PycharmProjects/cl_st1_anna/cl_st1_ph2_anna/examples/f1_pos/f1_p
os_020.tex
Overfull \hbox (9.64876pt too wide) in paragraph at lines 1--40
[]  \TU/DejaVuSerif(0)/m/n/10 5.1.3 \TU/DejaVuSerif(0)/b/n/10 En-cam-in-hamen-to
s \TU/DejaVuSerif(0)/m/n/10 para as in-di-cações \TU/DejaVuSerif(0)/b/n/10 met
odológ-i-cas \TU/DejaVuSerif(0)/m/n/10 Como men-cionado,
 []

[117] [118] [119])
(/home/eyamrog/PycharmProjects/cl_st1_anna/cl_st1_ph2_anna/examples/f1_pos/f1_p
os_021.tex [120] [121] [122] [123] [124] [125] [126] [127] [128])
(/home/eyamrog/PycharmProjects/cl_st1_anna/cl_st1_ph2_anna/examples/f1_pos/f1_p
os_022.tex [129] [130] [131] [132] [133] [134] [135] [136] [137])
(/home/eyamrog/PycharmProjects/cl_st1_anna/cl_st1_ph2_anna/examples/f1_pos/f1_p
os_023.tex [138] [139] [140] [141] [142] [143] [144] [145] [146])
(/home/eyamrog/PycharmProjects/cl_st1_anna/cl_st1_ph2_anna/examples/f1_pos/f1_p
os_024.tex
Overfull \hbox (0.31966pt too wide) in paragraph at lines 1--76
\TU/DejaVuSerif(0)/m/n/10 dos, den-tre tan-tas out-ras prob-lemáti-cas \TU/Dej
aVuSerif(0)/b/n/10 que \TU/DejaVuSerif(0)/m/n/10 in-ter-ferem no tra-balho pedag
ógico
 []

[147] [148] [149] [150] [151] [152] [153])
(/home/eyamrog/PycharmProjects/cl_st1_anna/cl_st1_ph2_anna/examples/f1_pos/f1_p
os_025.tex [154] [155] [156] [157] [158] [159])
(/home/eyamrog/PycharmProjects/cl_st1_anna/cl_st1_ph2_anna/examples/f1_pos/f1_p
os_026.tex [160] [161] [162] [163] [164] [165] [166] [167] [168] [169])
(/home/eyamrog/PycharmProjects/cl_st1_anna/cl_st1_ph2_anna/examples/f1_pos/f1_p
os_027.tex [170] [171] [172] [173])
(/home/eyamrog/PycharmProjects/cl_st1_anna/cl_st1_ph2_anna/examples/f1_pos/f1_p
os_028.tex
Missing character: There is no ° (U+00B0) in font nullfont!
Missing character: There is no ° (U+00B0) in font nullfont!
Missing character: There is no ° (U+00B0) in font nullfont!
Missing character: There is no ° (U+00B0) in font nullfont!
[174] [175] [176] [177] [178] [179
Missing character: There is no ° (U+00B0) in font nullfont!
Missing character: There is no ° (U+00B0) in font nullfont!
] [180])
(/home/eyamrog/PycharmProjects/cl_st1_anna/cl_st1_ph2_anna/examples/f1_pos/f1_p
os_029.tex [181] [182] [183] [184] [185] [186] [187] [188] [189] [190])
(/home/eyamrog/PycharmProjects/cl_st1_anna/cl_st1_ph2_anna/examples/f1_pos/f1_p
os_030.tex [191] [192] [193] [194] [195] [196])
(/home/eyamrog/PycharmProjects/cl_st1_anna/cl_st1_ph2_anna/examples/f1_pos/f1_p
os_031.tex [197] [198] [199] [200] [201] [202] [203] [204] [205] [206] [207])
(/home/eyamrog/PycharmProjects/cl_st1_anna/cl_st1_ph2_anna/examples/f1_pos/f1_p
os_032.tex [208] [209] [210] [211] [212] [213])
(/home/eyamrog/PycharmProjects/cl_st1_anna/cl_st1_ph2_anna/examples/f1_pos/f1_p
os_033.tex
Missing character: There is no ° (U+00B0) in font nullfont!

Overfull \hbox (7.20975pt too wide) in paragraph at lines 1--93
[]  \TU/DejaVuSerif(0)/m/n/10 4 NOVA PER-SPEC-TIVA CUR-RIC-U-LAR NO EN-SINO M
É-DIO : FOR-MAÇÃO GERAL
 []

Missing character: There is no ° (U+00B0) in font nullfont!
[214] [215] [216] [217] [218] [219] [220
Missing character: There is no ° (U+00B0) in font nullfont!
])
(/home/eyamrog/PycharmProjects/cl_st1_anna/cl_st1_ph2_anna/examples/f1_pos/f1_p
os_034.tex [221] [222] [223] [224] [225] [226])
(/home/eyamrog/PycharmProjects/cl_st1_anna/cl_st1_ph2_anna/examples/f1_pos/f1_p
os_035.tex
Missing character: There is no ° (U+00B0) in font nullfont!
Missing character: There is no ° (U+00B0) in font nullfont!
[227
Missing character: There is no ° (U+00B0) in font nullfont!
] [228] [229] [230])
(/home/eyamrog/PycharmProjects/cl_st1_anna/cl_st1_ph2_anna/examples/f1_pos/f1_p
os_036.tex [231] [232] [233] [234] [235])
(/home/eyamrog/PycharmProjects/cl_st1_anna/cl_st1_ph2_anna/examples/f1_pos/f1_p
os_037.tex [236] [237] [238])
(/home/eyamrog/PycharmProjects/cl_st1_anna/cl_st1_ph2_anna/examples/f1_pos/f1_p
os_038.tex
Overfull \hbox (25.9134pt too wide) in paragraph at lines 1--58
\TU/DejaVuSerif(0)/m/n/10 rículo têm sua origem em con-tex-tos históri-cos e em con-cep
ções \TU/DejaVuSerif(0)/b/n/10 teóri-cas hegemôni-
 []

[239] [240] [241] [242])
(/home/eyamrog/PycharmProjects/cl_st1_anna/cl_st1_ph2_anna/examples/f1_pos/f1_p
os_039.tex [243] [244])
(/home/eyamrog/PycharmProjects/cl_st1_anna/cl_st1_ph2_anna/examples/f1_pos/f1_p
os_040.tex [245]
Overfull \hbox (7.72249pt too wide) in paragraph at lines 1--42
\TU/DejaVuSerif(0)/m/n/10 ciedade \TU/DejaVuSerif(0)/b/n/10 con-tem-porânea viv
e-mos um \TU/DejaVuSerif(0)/m/n/10 tempo de in-ten-sas mu-danças : a dinâmica
 []

[246] [247])
(/home/eyamrog/PycharmProjects/cl_st1_anna/cl_st1_ph2_anna/examples/f1_pos/f1_p
os_041.tex [248] [249] [250] [251] [252] [253] [254])
(/home/eyamrog/PycharmProjects/cl_st1_anna/cl_st1_ph2_anna/examples/f1_pos/f1_p
os_042.tex
Overfull \hbox (16.83626pt too wide) in paragraph at lines 1--152
\TU/DejaVuSerif(0)/m/n/10 dos(as), par-tic-i-pa-tivos(as), ou-sa-dos(as), re-fle
x-ivos(as), críti-cos(as), autônomos(as),
 []


Overfull \hbox (21.89778pt too wide) in paragraph at lines 1--152
\TU/DejaVuSerif(0)/m/n/10 livres de pre-con-ceitos, cria-tivos(as), cu-riosos(as
), in-ves-ti-gadores(as), solidários(as),
 []

[255] [256] [257] [258] [259] [260] [261] [262] [263])
(/home/eyamrog/PycharmProjects/cl_st1_anna/cl_st1_ph2_anna/examples/f1_pos/f1_p
os_043.tex [264] [265] [266] [267] [268] [269])
(/home/eyamrog/PycharmProjects/cl_st1_anna/cl_st1_ph2_anna/examples/f1_pos/f1_p
os_044.tex [270] [271] [272] [273] [274] [275] [276])
(/home/eyamrog/PycharmProjects/cl_st1_anna/cl_st1_ph2_anna/examples/f1_pos/f1_p
os_045.tex [277] [278] [279] [280] [281] [282])
(/home/eyamrog/PycharmProjects/cl_st1_anna/cl_st1_ph2_anna/examples/f1_pos/f1_p
os_046.tex [283] [284] [285] [286] [287] [288])
(/home/eyamrog/PycharmProjects/cl_st1_anna/cl_st1_ph2_anna/examples/f1_pos/f1_p
os_047.tex [289] [290] [291] [292] [293])
(/home/eyamrog/PycharmProjects/cl_st1_anna/cl_st1_ph2_anna/examples/f1_pos/f1_p
os_048.tex [294] [295] [296] [297] [298])
(/home/eyamrog/PycharmProjects/cl_st1_anna/cl_st1_ph2_anna/examples/f1_pos/f1_p
os_049.tex [299] [300] [301] [302] [303] [304] [305])
(/home/eyamrog/PycharmProjects/cl_st1_anna/cl_st1_ph2_anna/examples/f1_pos/f1_p
os_050.tex [306] [307] [308] [309] [310] [311] [312])
(/home/eyamrog/PycharmProjects/cl_st1_anna/cl_st1_ph2_anna/examples/f1_pos/f1_p
os_051.tex [313] [314] [315] [316])
(/home/eyamrog/PycharmProjects/cl_st1_anna/cl_st1_ph2_anna/examples/f1_pos/f1_p
os_052.tex
Overfull \hbox (16.5345pt too wide) in paragraph at lines 1--106
\TU/DejaVuSerif(0)/m/n/10 cepções ac-erca do cur-rículo, \TU/DejaVuSerif(0)/
b/n/10 abor-da-gens \TU/DejaVuSerif(0)/m/n/10 epis-te-mológ-i-cas, didáti-cas,
 \TU/DejaVuSerif(0)/b/n/10 metodológ-
 []

[317] [318] [319] [320] [321] [322])
(/home/eyamrog/PycharmProjects/cl_st1_anna/cl_st1_ph2_anna/examples/f1_pos/f1_p
os_053.tex [323] [324] [325] [326] [327] [328] [329] [330] [331] [332])
(/home/eyamrog/PycharmProjects/cl_st1_anna/cl_st1_ph2_anna/examples/f1_pos/f1_p
os_054.tex [333] [334] [335] [336] [337])
(/home/eyamrog/PycharmProjects/cl_st1_anna/cl_st1_ph2_anna/examples/f1_pos/f1_p
os_055.tex [338] [339])
(/home/eyamrog/PycharmProjects/cl_st1_anna/cl_st1_ph2_anna/examples/f1_pos/f1_p
os_056.tex
Missing character: There is no ° (U+00B0) in font nullfont!
Missing character: There is no ° (U+00B0) in font nullfont!
Missing character: There is no ° (U+00B0) in font nullfont!
Missing character: There is no ° (U+00B0) in font nullfont!
[340] [341
Missing character: There is no ° (U+00B0) in font nullfont!
Missing character: There is no ° (U+00B0) in font nullfont!
] [342] [343] [344] [345])
(/home/eyamrog/PycharmProjects/cl_st1_anna/cl_st1_ph2_anna/examples/f1_pos/f1_p
os_057.tex [346] [347] [348] [349] [350])
(/home/eyamrog/PycharmProjects/cl_st1_anna/cl_st1_ph2_anna/examples/f1_pos/f1_p
os_058.tex [351] [352] [353] [354] [355])
(/home/eyamrog/PycharmProjects/cl_st1_anna/cl_st1_ph2_anna/examples/f1_pos/f1_p
os_059.tex
Missing character: There is no ° (U+00B0) in font nullfont!
Missing character: There is no ° (U+00B0) in font nullfont!
Missing character: There is no ° (U+00B0) in font nullfont!
Missing character: There is no ° (U+00B0) in font nullfont!
Missing character: There is no ° (U+00B0) in font nullfont!
Missing character: There is no ° (U+00B0) in font nullfont!
[356] [357
Missing character: There is no ° (U+00B0) in font nullfont!
Missing character: There is no ° (U+00B0) in font nullfont!
Missing character: There is no ° (U+00B0) in font nullfont!
] [358])
(/home/eyamrog/PycharmProjects/cl_st1_anna/cl_st1_ph2_anna/examples/f1_pos/f1_p
os_060.tex [359] [360] [361] [362] [363])
(/home/eyamrog/PycharmProjects/cl_st1_anna/cl_st1_ph2_anna/examples/f1_pos/f1_p
os_061.tex [364] [365] [366] [367] [368] [369] [370] [371] [372])
(/home/eyamrog/PycharmProjects/cl_st1_anna/cl_st1_ph2_anna/examples/f1_pos/f1_p
os_062.tex
Overfull \hbox (3.5887pt too wide) in paragraph at lines 1--135
\TU/DejaVuSerif(0)/m/n/10 atenção nas úl-ti-mas dé-cadas, \TU/DejaVuSerif(0
)/b/n/10 des-per-tando \TU/DejaVuSerif(0)/m/n/10 in-ter-esses nos cam-pos : psi-
cológico,
 []

[373] [374] [375] [376] [377] [378] [379])
(/home/eyamrog/PycharmProjects/cl_st1_anna/cl_st1_ph2_anna/examples/f1_pos/f1_p
os_063.tex [380] [381] [382] [383] [384])
(/home/eyamrog/PycharmProjects/cl_st1_anna/cl_st1_ph2_anna/examples/f1_pos/f1_p
os_064.tex [385] [386] [387] [388] [389])
(/home/eyamrog/PycharmProjects/cl_st1_anna/cl_st1_ph2_anna/examples/f1_pos/f1_p
os_065.tex [390] [391] [392] [393])
(/home/eyamrog/PycharmProjects/cl_st1_anna/cl_st1_ph2_anna/examples/f1_pos/f1_p
os_066.tex [394] [395] [396] [397])
(/home/eyamrog/PycharmProjects/cl_st1_anna/cl_st1_ph2_anna/examples/f1_pos/f1_p
os_067.tex [398] [399] [400] [401])
(/home/eyamrog/PycharmProjects/cl_st1_anna/cl_st1_ph2_anna/examples/f1_pos/f1_p
os_068.tex [402] [403] [404])
(/home/eyamrog/PycharmProjects/cl_st1_anna/cl_st1_ph2_anna/examples/f1_pos/f1_p
os_069.tex [405] [406] [407])
(/home/eyamrog/PycharmProjects/cl_st1_anna/cl_st1_ph2_anna/examples/f1_pos/f1_p
os_070.tex [408] [409])
(/home/eyamrog/PycharmProjects/cl_st1_anna/cl_st1_ph2_anna/examples/f1_pos/f1_p
os_071.tex [410] [411] [412] [413] [414] [415] [416])
(/home/eyamrog/PycharmProjects/cl_st1_anna/cl_st1_ph2_anna/examples/f1_pos/f1_p
os_072.tex
Overfull \hbox (0.32259pt too wide) in paragraph at lines 1--146
\TU/DejaVuSerif(0)/m/n/10 fera.uol.com.br/2018/06/05/nao-existe-mais-lugar-para-
quem-nao-quer-mudar-
 []

[417] [418] [419] [420] [421] [422] [423] [424] [425] [426])
(/home/eyamrog/PycharmProjects/cl_st1_anna/cl_st1_ph2_anna/examples/f1_pos/f1_p
os_073.tex [427] [428] [429] [430] [431])
(/home/eyamrog/PycharmProjects/cl_st1_anna/cl_st1_ph2_anna/examples/f1_pos/f1_p
os_074.tex [432] [433] [434] [435] [436] [437] [438])
(/home/eyamrog/PycharmProjects/cl_st1_anna/cl_st1_ph2_anna/examples/f1_pos/f1_p
os_075.tex [439] [440] [441] [442] [443])
(/home/eyamrog/PycharmProjects/cl_st1_anna/cl_st1_ph2_anna/examples/f1_pos/f1_p
os_076.tex [444] [445] [446] [447] [448])
(/home/eyamrog/PycharmProjects/cl_st1_anna/cl_st1_ph2_anna/examples/f1_pos/f1_p
os_077.tex [449] [450] [451] [452] [453])
(/home/eyamrog/PycharmProjects/cl_st1_anna/cl_st1_ph2_anna/examples/f1_pos/f1_p
os_078.tex [454] [455] [456])
(/home/eyamrog/PycharmProjects/cl_st1_anna/cl_st1_ph2_anna/examples/f1_pos/f1_p
os_079.tex
Overfull \hbox (42.0511pt too wide) in paragraph at lines 1--73
\TU/DejaVuSerif(0)/m/n/10 Refer-ên-cia Cur-ric-u-lar para Mato Grosso ap-re-sen
ta os seguintes princí-pios \TU/DejaVuSerif(0)/b/n/10 norteadores
 []

[457] [458] [459] [460] [461])
(/home/eyamrog/PycharmProjects/cl_st1_anna/cl_st1_ph2_anna/examples/f1_pos/f1_p
os_080.tex [462] [463] [464] [465])
(/home/eyamrog/PycharmProjects/cl_st1_anna/cl_st1_ph2_anna/examples/f1_pos/f1_p
os_081.tex [466] [467] [468] [469])
(/home/eyamrog/PycharmProjects/cl_st1_anna/cl_st1_ph2_anna/examples/f1_pos/f1_p
os_082.tex [470] [471] [472] [473] [474])
(/home/eyamrog/PycharmProjects/cl_st1_anna/cl_st1_ph2_anna/examples/f1_pos/f1_p
os_083.tex [475] [476] [477] [478] [479] [480])
(/home/eyamrog/PycharmProjects/cl_st1_anna/cl_st1_ph2_anna/examples/f1_pos/f1_p
os_084.tex [481] [482] [483] [484])
(/home/eyamrog/PycharmProjects/cl_st1_anna/cl_st1_ph2_anna/examples/f1_pos/f1_p
os_085.tex [485] [486] [487] [488] [489])
(/home/eyamrog/PycharmProjects/cl_st1_anna/cl_st1_ph2_anna/examples/f1_pos/f1_p
os_086.tex [490] [491] [492] [493])
(/home/eyamrog/PycharmProjects/cl_st1_anna/cl_st1_ph2_anna/examples/f1_pos/f1_p
os_087.tex [494] [495])
(/home/eyamrog/PycharmProjects/cl_st1_anna/cl_st1_ph2_anna/examples/f1_pos/f1_p
os_088.tex [496] [497] [498] [499])
(/home/eyamrog/PycharmProjects/cl_st1_anna/cl_st1_ph2_anna/examples/f1_pos/f1_p
os_089.tex
Overfull \hbox (24.54622pt too wide) in paragraph at lines 1--59
[]  \TU/DejaVuSerif(0)/m/n/10 3.1.3 Avali-ação da Apren-diza-gem Com base nos pres-su-pos-tos \TU/DejaVuSerif(0)/b/n/10 te
óri-cos norteadores
 []

[500] [501] [502])
(/home/eyamrog/PycharmProjects/cl_st1_anna/cl_st1_ph2_anna/examples/f1_pos/f1_p
os_090.tex [503] [504] [505] [506])
(/home/eyamrog/PycharmProjects/cl_st1_anna/cl_st1_ph2_anna/examples/f1_pos/f1_p
os_091.tex [507] [508] [509] [510])
(/home/eyamrog/PycharmProjects/cl_st1_anna/cl_st1_ph2_anna/examples/f1_pos/f1_p
os_092.tex [511] [512] [513] [514])
(/home/eyamrog/PycharmProjects/cl_st1_anna/cl_st1_ph2_anna/examples/f1_pos/f1_p
os_093.tex [515] [516] [517])
(/home/eyamrog/PycharmProjects/cl_st1_anna/cl_st1_ph2_anna/examples/f1_pos/f1_p
os_094.tex [518] [519] [520] [521])
(/home/eyamrog/PycharmProjects/cl_st1_anna/cl_st1_ph2_anna/examples/f1_pos/f1_p
os_095.tex [522] [523])
(/home/eyamrog/PycharmProjects/cl_st1_anna/cl_st1_ph2_anna/examples/f1_pos/f1_p
os_096.tex [524] [525] [526])
(/home/eyamrog/PycharmProjects/cl_st1_anna/cl_st1_ph2_anna/examples/f1_pos/f1_p
os_097.tex [527] [528] [529])
(/home/eyamrog/PycharmProjects/cl_st1_anna/cl_st1_ph2_anna/examples/f1_pos/f1_p
os_098.tex [530] [531] [532])
(/home/eyamrog/PycharmProjects/cl_st1_anna/cl_st1_ph2_anna/examples/f1_pos/f1_p
os_099.tex [533] [534])
(/home/eyamrog/PycharmProjects/cl_st1_anna/cl_st1_ph2_anna/examples/f1_pos/f1_p
os_100.tex [535] [536] [537])
(/home/eyamrog/PycharmProjects/cl_st1_anna/cl_st1_ph2_anna/examples/f1_pos/f1_p
os_101.tex
Missing character: There is no ° (U+00B0) in font nullfont!
Missing character: There is no ° (U+00B0) in font nullfont!
Missing character: There is no ° (U+00B0) in font nullfont!
Missing character: There is no ° (U+00B0) in font nullfont!
[538] [539
Missing character: There is no ° (U+00B0) in font nullfont!
] [540] [541] [542] [543
Missing character: There is no ° (U+00B0) in font nullfont!
] [544] [545] [546])
(/home/eyamrog/PycharmProjects/cl_st1_anna/cl_st1_ph2_anna/examples/f1_pos/f1_p
os_102.tex [547] [548] [549] [550] [551])
(/home/eyamrog/PycharmProjects/cl_st1_anna/cl_st1_ph2_anna/examples/f1_pos/f1_p
os_103.tex
Overfull \hbox (9.37044pt too wide) in paragraph at lines 1--55
\TU/DejaVuSerif(0)/m/n/10 histórica é in-stru-mento im-por-tante na busca por apreen-s
ão das ações dos agentes
 []

[552] [553] [554])
(/home/eyamrog/PycharmProjects/cl_st1_anna/cl_st1_ph2_anna/examples/f1_pos/f1_p
os_104.tex [555] [556] [557] [558] [559] [560] [561] [562])
(/home/eyamrog/PycharmProjects/cl_st1_anna/cl_st1_ph2_anna/examples/f1_pos/f1_p
os_105.tex [563] [564] [565] [566] [567] [568] [569] [570])
(/home/eyamrog/PycharmProjects/cl_st1_anna/cl_st1_ph2_anna/examples/f1_pos/f1_p
os_106.tex [571] [572] [573])
(/home/eyamrog/PycharmProjects/cl_st1_anna/cl_st1_ph2_anna/examples/f1_pos/f1_p
os_107.tex [574] [575] [576] [577])
(/home/eyamrog/PycharmProjects/cl_st1_anna/cl_st1_ph2_anna/examples/f1_pos/f1_p
os_108.tex [578] [579])
(/home/eyamrog/PycharmProjects/cl_st1_anna/cl_st1_ph2_anna/examples/f1_pos/f1_p
os_109.tex [580] [581] [582])
(/home/eyamrog/PycharmProjects/cl_st1_anna/cl_st1_ph2_anna/examples/f1_pos/f1_p
os_110.tex [583] [584] [585] [586])
(/home/eyamrog/PycharmProjects/cl_st1_anna/cl_st1_ph2_anna/examples/f1_pos/f1_p
os_111.tex [587] [588] [589] [590] [591] [592])
(/home/eyamrog/PycharmProjects/cl_st1_anna/cl_st1_ph2_anna/examples/f1_pos/f1_p
os_112.tex [593] [594] [595])
(/home/eyamrog/PycharmProjects/cl_st1_anna/cl_st1_ph2_anna/examples/f1_pos/f1_p
os_113.tex [596] [597] [598])
(/home/eyamrog/PycharmProjects/cl_st1_anna/cl_st1_ph2_anna/examples/f1_pos/f1_p
os_114.tex
Overfull \hbox (4.01888pt too wide) in paragraph at lines 1--59
[]  \TU/DejaVuSerif(0)/m/n/10 3.4 Ciên-cias Hu-manas e So-ci-ais Apli-cadas As apren-diza-gens essen-ci-ais definidas
 []

[599] [600] [601] [602] [603])
(/home/eyamrog/PycharmProjects/cl_st1_anna/cl_st1_ph2_anna/examples/f1_pos/f1_p
os_115.tex [604] [605] [606])
(/home/eyamrog/PycharmProjects/cl_st1_anna/cl_st1_ph2_anna/examples/f1_pos/f1_p
os_116.tex [607] [608] [609])
(/home/eyamrog/PycharmProjects/cl_st1_anna/cl_st1_ph2_anna/examples/f1_pos/f1_p
os_117.tex
Missing character: There is no ° (U+00B0) in font nullfont!
Missing character: There is no ° (U+00B0) in font nullfont!
[610] [611] [612
Missing character: There is no ° (U+00B0) in font nullfont!
])
(/home/eyamrog/PycharmProjects/cl_st1_anna/cl_st1_ph2_anna/examples/f1_pos/f1_p
os_118.tex [613] [614])
(/home/eyamrog/PycharmProjects/cl_st1_anna/cl_st1_ph2_anna/examples/f1_pos/f1_p
os_119.tex [615] [616])
(/home/eyamrog/PycharmProjects/cl_st1_anna/cl_st1_ph2_anna/examples/f1_pos/f1_p
os_120.tex [617] [618])
(/home/eyamrog/PycharmProjects/cl_st1_anna/cl_st1_ph2_anna/examples/f1_pos/f1_p
os_121.tex [619] [620] [621] [622] [623])
(/home/eyamrog/PycharmProjects/cl_st1_anna/cl_st1_ph2_anna/examples/f1_pos/f1_p
os_122.tex [624] [625] [626] [627])
(/home/eyamrog/PycharmProjects/cl_st1_anna/cl_st1_ph2_anna/examples/f1_pos/f1_p
os_123.tex [628] [629] [630] [631] [632] [633] [634])
(/home/eyamrog/PycharmProjects/cl_st1_anna/cl_st1_ph2_anna/examples/f1_pos/f1_p
os_124.tex [635] [636] [637])
(/home/eyamrog/PycharmProjects/cl_st1_anna/cl_st1_ph2_anna/examples/f1_pos/f1_p
os_125.tex [638] [639] [640] [641] [642])
(/home/eyamrog/PycharmProjects/cl_st1_anna/cl_st1_ph2_anna/examples/f1_pos/f1_p
os_126.tex
Overfull \hbox (10.57578pt too wide) in paragraph at lines 1--75
\TU/DejaVuSerif(0)/m/n/10 porque isso traduz in-flex-i-bil-i-dade. O mundo \TU/
DejaVuSerif(0)/b/n/10 at-ual \TU/DejaVuSerif(0)/m/n/10 re-quer movi-mento, di-na
mismo,
 []


Overfull \hbox (5.50652pt too wide) in paragraph at lines 1--75
\TU/DejaVuSerif(0)/m/n/10 alunos/as ex-ata-mente como ele apren-deu. Isso é \T
U/DejaVuSerif(0)/b/n/10 prova \TU/DejaVuSerif(0)/m/n/10 de seu atraso pedagógic
o
 []

[643] [644] [645])
(/home/eyamrog/PycharmProjects/cl_st1_anna/cl_st1_ph2_anna/examples/f1_pos/f1_p
os_127.tex
Overfull \hbox (2.09343pt too wide) in paragraph at lines 1--46
\TU/DejaVuSerif(0)/m/n/10 liza-ção de no-vas fer-ra-men-tas para a efe-ti-va
ção da co-mu-ni-cação. Dessa maneira,
 []

[646] [647] [648])
(/home/eyamrog/PycharmProjects/cl_st1_anna/cl_st1_ph2_anna/examples/f1_pos/f1_p
os_128.tex [649] [650] [651])
(/home/eyamrog/PycharmProjects/cl_st1_anna/cl_st1_ph2_anna/examples/f1_pos/f1_p
os_129.tex [652] [653] [654])
(/home/eyamrog/PycharmProjects/cl_st1_anna/cl_st1_ph2_anna/examples/f1_pos/f1_p
os_130.tex [655] [656] [657])
(/home/eyamrog/PycharmProjects/cl_st1_anna/cl_st1_ph2_anna/examples/f1_pos/f1_p
os_131.tex [658] [659] [660] [661] [662])
(/home/eyamrog/PycharmProjects/cl_st1_anna/cl_st1_ph2_anna/examples/f1_pos/f1_p
os_132.tex [663] [664] [665] [666] [667] [668])
(/home/eyamrog/PycharmProjects/cl_st1_anna/cl_st1_ph2_anna/examples/f1_pos/f1_p
os_133.tex [669] [670] [671] [672])
(/home/eyamrog/PycharmProjects/cl_st1_anna/cl_st1_ph2_anna/examples/f1_pos/f1_p
os_134.tex
Overfull \hbox (14.16881pt too wide) in paragraph at lines 1--71
\TU/DejaVuSerif(0)/m/n/10 CON-HEC-I-MENTO LIN-GUA-GENS E SUAS TEC-NOLO-GIAS ; CI
ÊN-CIAS HU-MANAS
 []


Overfull \hbox (2.83235pt too wide) in paragraph at lines 1--71
\TU/DejaVuSerif(0)/m/n/10 tex-tos fun-da-men-ta-dos \TU/DejaVuSerif(0)/b/n/10 qu
e \TU/DejaVuSerif(0)/m/n/10 con-sid-eram o con-texto so-cial e a par-tic-i-pa
ção cidadã.
 []

[673] [674] [675] [676] [677])
(/home/eyamrog/PycharmProjects/cl_st1_anna/cl_st1_ph2_anna/examples/f1_pos/f1_p
os_135.tex
Missing character: There is no ° (U+00B0) in font nullfont!
Missing character: There is no ° (U+00B0) in font nullfont!
[678
Missing character: There is no ° (U+00B0) in font nullfont!
] [679] [680] [681])
(/home/eyamrog/PycharmProjects/cl_st1_anna/cl_st1_ph2_anna/examples/f1_pos/f1_p
os_136.tex [682] [683] [684])
(/home/eyamrog/PycharmProjects/cl_st1_anna/cl_st1_ph2_anna/examples/f1_pos/f1_p
os_137.tex
Missing character: There is no ° (U+00B0) in font nullfont!
Missing character: There is no ° (U+00B0) in font nullfont!
[685] [686])
(/home/eyamrog/PycharmProjects/cl_st1_anna/cl_st1_ph2_anna/examples/f1_pos/f1_p
os_138.tex [687
Missing character: There is no ° (U+00B0) in font nullfont!
] [688])
(/home/eyamrog/PycharmProjects/cl_st1_anna/cl_st1_ph2_anna/examples/f1_pos/f1_p
os_139.tex [689] [690] [691])
(/home/eyamrog/PycharmProjects/cl_st1_anna/cl_st1_ph2_anna/examples/f1_pos/f1_p
os_140.tex
Overfull \hbox (12.73503pt too wide) in paragraph at lines 1--40
\TU/DejaVuSerif(0)/m/n/10 gêneros orais da lín-gua ma-terna, para atin-gir ide
n-ti-dade so-cial e cul-tural. Cumpre
 []

[692] [693])
(/home/eyamrog/PycharmProjects/cl_st1_anna/cl_st1_ph2_anna/examples/f1_pos/f1_p
os_141.tex [694] [695] [696] [697] [698] [699] [700])
(/home/eyamrog/PycharmProjects/cl_st1_anna/cl_st1_ph2_anna/examples/f1_pos/f1_p
os_142.tex [701] [702] [703] [704] [705])
(/home/eyamrog/PycharmProjects/cl_st1_anna/cl_st1_ph2_anna/examples/f1_pos/f1_p
os_143.tex [706] [707] [708] [709])
(/home/eyamrog/PycharmProjects/cl_st1_anna/cl_st1_ph2_anna/examples/f1_pos/f1_p
os_144.tex
Missing character: There is no ° (U+00B0) in font nullfont!
Missing character: There is no ° (U+00B0) in font nullfont!
Missing character: There is no ° (U+00B0) in font nullfont!
Missing character: There is no ° (U+00B0) in font nullfont!
[710] [711] [712] [713] [714] [715
Missing character: There is no ° (U+00B0) in font nullfont!
Missing character: There is no ° (U+00B0) in font nullfont!
])
(/home/eyamrog/PycharmProjects/cl_st1_anna/cl_st1_ph2_anna/examples/f1_pos/f1_p
os_145.tex [716] [717] [718] [719] [720])
(/home/eyamrog/PycharmProjects/cl_st1_anna/cl_st1_ph2_anna/examples/f1_pos/f1_p
os_146.tex [721] [722] [723] [724] [725] [726])
(/home/eyamrog/PycharmProjects/cl_st1_anna/cl_st1_ph2_anna/examples/f1_pos/f1_p
os_147.tex [727] [728] [729])
(/home/eyamrog/PycharmProjects/cl_st1_anna/cl_st1_ph2_anna/examples/f1_pos/f1_p
os_148.tex [730] [731] [732] [733])
(/home/eyamrog/PycharmProjects/cl_st1_anna/cl_st1_ph2_anna/examples/f1_pos/f1_p
os_149.tex [734] [735] [736] [737])
(/home/eyamrog/PycharmProjects/cl_st1_anna/cl_st1_ph2_anna/examples/f1_pos/f1_p
os_150.tex [738] [739] [740] [741])
(/home/eyamrog/PycharmProjects/cl_st1_anna/cl_st1_ph2_anna/examples/f1_pos/f1_p
os_151.tex [742] [743] [744])
(/home/eyamrog/PycharmProjects/cl_st1_anna/cl_st1_ph2_anna/examples/f1_pos/f1_p
os_152.tex [745] [746] [747])
(/home/eyamrog/PycharmProjects/cl_st1_anna/cl_st1_ph2_anna/examples/f1_pos/f1_p
os_153.tex [748] [749] [750] [751])
(/home/eyamrog/PycharmProjects/cl_st1_anna/cl_st1_ph2_anna/examples/f1_pos/f1_p
os_154.tex
Overfull \hbox (2.99205pt too wide) in paragraph at lines 1--54
[]  \TU/DejaVuSerif(0)/m/n/10 SABERES ES-CO-LARES DOS COM-PO-NENTES CUR-RIC-U-LA
RES DAS CIÊN-CIAS
 []

[752] [753] [754])
(/home/eyamrog/PycharmProjects/cl_st1_anna/cl_st1_ph2_anna/examples/f1_pos/f1_p
os_155.tex [755] [756] [757])
(/home/eyamrog/PycharmProjects/cl_st1_anna/cl_st1_ph2_anna/examples/f1_pos/f1_p
os_156.tex [758] [759] [760] [761])
(/home/eyamrog/PycharmProjects/cl_st1_anna/cl_st1_ph2_anna/examples/f1_pos/f1_p
os_157.tex [762] [763] [764])
(/home/eyamrog/PycharmProjects/cl_st1_anna/cl_st1_ph2_anna/examples/f1_pos/f1_p
os_158.tex [765] [766])
(/home/eyamrog/PycharmProjects/cl_st1_anna/cl_st1_ph2_anna/examples/f1_pos/f1_p
os_159.tex [767] [768])
(/home/eyamrog/PycharmProjects/cl_st1_anna/cl_st1_ph2_anna/examples/f1_pos/f1_p
os_160.tex [769] [770] [771] [772] [773])
(/home/eyamrog/PycharmProjects/cl_st1_anna/cl_st1_ph2_anna/examples/f1_pos/f1_p
os_161.tex [774] [775] [776])
(/home/eyamrog/PycharmProjects/cl_st1_anna/cl_st1_ph2_anna/examples/f1_pos/f1_p
os_162.tex [777])
(/home/eyamrog/PycharmProjects/cl_st1_anna/cl_st1_ph2_anna/examples/f1_pos/f1_p
os_163.tex
Overfull \hbox (33.96167pt too wide) in paragraph at lines 1--27
\TU/DejaVuSerif(0)/m/n/10 Text Sam-ple 163: POS Dim 1 – sp – Score 29.00 
– sp/sp_ef_cien-cias_hu-manas_geo_1.txt 
 []

[778] [779])
(/home/eyamrog/PycharmProjects/cl_st1_anna/cl_st1_ph2_anna/examples/f1_pos/f1_p
os_164.tex
Overfull \hbox (33.96167pt too wide) in paragraph at lines 1--40
\TU/DejaVuSerif(0)/m/n/10 Text Sam-ple 164: POS Dim 1 – sp – Score 28.00 
– sp/sp_ef_cien-cias_hu-manas_geo_2.txt 
 []

[780] [781])
(/home/eyamrog/PycharmProjects/cl_st1_anna/cl_st1_ph2_anna/examples/f1_pos/f1_p
os_165.tex
Overfull \hbox (30.39233pt too wide) in paragraph at lines 1--37
\TU/DejaVuSerif(0)/m/n/10 Text Sam-ple 165: POS Dim 1 – sp – Score 28.00 
– sp/sp_ef_cien-cias_hu-manas_his_1.txt 
 []

[782] [783] [784])
(/home/eyamrog/PycharmProjects/cl_st1_anna/cl_st1_ph2_anna/examples/f1_pos/f1_p
os_166.tex [785] [786] [787])
(/home/eyamrog/PycharmProjects/cl_st1_anna/cl_st1_ph2_anna/examples/f1_pos/f1_p
os_167.tex [788] [789])
(/home/eyamrog/PycharmProjects/cl_st1_anna/cl_st1_ph2_anna/examples/f1_pos/f1_p
os_168.tex [790] [791] [792])
(/home/eyamrog/PycharmProjects/cl_st1_anna/cl_st1_ph2_anna/examples/f1_pos/f1_p
os_169.tex
Overfull \hbox (33.96167pt too wide) in paragraph at lines 1--30
\TU/DejaVuSerif(0)/m/n/10 Text Sam-ple 169: POS Dim 1 – sp – Score 26.00 
– sp/sp_ef_cien-cias_hu-manas_geo_3.txt 
 []

[793] [794])
(/home/eyamrog/PycharmProjects/cl_st1_anna/cl_st1_ph2_anna/examples/f1_pos/f1_p
os_170.tex [795] [796])
(/home/eyamrog/PycharmProjects/cl_st1_anna/cl_st1_ph2_anna/examples/f1_pos/f1_p
os_171.tex
Overfull \hbox (4.79869pt too wide) in paragraph at lines 1--68
[]  \TU/DejaVuSerif(0)/m/n/10 COM-PO-NENTES CUR-RIC-U-LARES DA ÁREA DE LIN-GUA-
GENS Os com-po-nentes
 []

[797] [798] [799] [800] [801])
(/home/eyamrog/PycharmProjects/cl_st1_anna/cl_st1_ph2_anna/examples/f1_pos/f1_p
os_172.tex [802] [803] [804] [805])
(/home/eyamrog/PycharmProjects/cl_st1_anna/cl_st1_ph2_anna/examples/f1_pos/f1_p
os_173.tex [806] [807] [808] [809])
(/home/eyamrog/PycharmProjects/cl_st1_anna/cl_st1_ph2_anna/examples/f1_pos/f1_p
os_174.tex [810] [811] [812] [813])
(/home/eyamrog/PycharmProjects/cl_st1_anna/cl_st1_ph2_anna/examples/f1_pos/f1_p
os_175.tex [814] [815])
(/home/eyamrog/PycharmProjects/cl_st1_anna/cl_st1_ph2_anna/examples/f1_pos/f1_p
os_176.tex
Missing character: There is no ° (U+00B0) in font nullfont!
Missing character: There is no ° (U+00B0) in font nullfont!
Missing character: There is no ° (U+00B0) in font nullfont!
Missing character: There is no ° (U+00B0) in font nullfont!
[816] [817] [818
Missing character: There is no ° (U+00B0) in font nullfont!
Missing character: There is no ° (U+00B0) in font nullfont!
] [819])
(/home/eyamrog/PycharmProjects/cl_st1_anna/cl_st1_ph2_anna/examples/f1_pos/f1_p
os_177.tex [820] [821])
(/home/eyamrog/PycharmProjects/cl_st1_anna/cl_st1_ph2_anna/examples/f1_pos/f1_p
os_178.tex [822] [823] [824])
(/home/eyamrog/PycharmProjects/cl_st1_anna/cl_st1_ph2_anna/examples/f1_pos/f1_p
os_179.tex [825] [826] [827] [828])
(/home/eyamrog/PycharmProjects/cl_st1_anna/cl_st1_ph2_anna/examples/f1_pos/f1_p
os_180.tex [829] [830])
(/home/eyamrog/PycharmProjects/cl_st1_anna/cl_st1_ph2_anna/examples/f1_pos/f1_p
os_181.tex [831] [832])
(/home/eyamrog/PycharmProjects/cl_st1_anna/cl_st1_ph2_anna/examples/f1_pos/f1_p
os_182.tex [833] [834] [835] [836] [837])
(/home/eyamrog/PycharmProjects/cl_st1_anna/cl_st1_ph2_anna/examples/f1_pos/f1_p
os_183.tex [838] [839] [840] [841])
(/home/eyamrog/PycharmProjects/cl_st1_anna/cl_st1_ph2_anna/examples/f1_pos/f1_p
os_184.tex [842] [843] [844] [845] [846])
(/home/eyamrog/PycharmProjects/cl_st1_anna/cl_st1_ph2_anna/examples/f1_pos/f1_p
os_185.tex [847] [848])
(/home/eyamrog/PycharmProjects/cl_st1_anna/cl_st1_ph2_anna/examples/f1_pos/f1_p
os_186.tex [849] [850])
(/home/eyamrog/PycharmProjects/cl_st1_anna/cl_st1_ph2_anna/examples/f1_pos/f1_p
os_187.tex [851] [852] [853])
(/home/eyamrog/PycharmProjects/cl_st1_anna/cl_st1_ph2_anna/examples/f1_pos/f1_p
os_188.tex
Overfull \hbox (13.06868pt too wide) in paragraph at lines 1--46
\TU/DejaVuSerif(0)/m/n/10 es-ta-b-ele-cesse \TU/DejaVuSerif(0)/b/n/10 en-quanto \TU/DejaVuSerif(0)/m/n/10 ci
ên-cia, con-tribuindo as-sim para \TU/DejaVuSerif(0)/b/n/10 que \TU/DejaVuSeri
f(0)/m/n/10 mod-e-los matemáti-
 []

[854] [855] [856])
(/home/eyamrog/PycharmProjects/cl_st1_anna/cl_st1_ph2_anna/examples/f1_pos/f1_p
os_189.tex
Overfull \hbox (66.91573pt too wide) in paragraph at lines 1--24
[]  \TU/DejaVuSerif(0)/m/n/10 3.3.7 A LÍN-GUA POR-TUGUESA NO EN-SINO FUN-DA-MEN
-TAL : \TU/DejaVuSerif(0)/b/n/10 UM \TU/DejaVuSerif(0)/m/n/10 VIÉS \TU/DejaVuS
erif(0)/b/n/10 METODOLÓGICO
 []

[857] [858])
(/home/eyamrog/PycharmProjects/cl_st1_anna/cl_st1_ph2_anna/examples/f1_pos/f1_p
os_190.tex [859] [860])
(/home/eyamrog/PycharmProjects/cl_st1_anna/cl_st1_ph2_anna/examples/f1_pos/f1_p
os_191.tex [861] [862] [863])
(/home/eyamrog/PycharmProjects/cl_st1_anna/cl_st1_ph2_anna/examples/f1_pos/f1_p
os_192.tex
Missing character: There is no ° (U+00B0) in font nullfont!
Missing character: There is no ° (U+00B0) in font nullfont!
[864] [865] [866])
(/home/eyamrog/PycharmProjects/cl_st1_anna/cl_st1_ph2_anna/examples/f1_pos/f1_p
os_193.tex [867
Missing character: There is no ° (U+00B0) in font nullfont!
] [868] [869] [870])
(/home/eyamrog/PycharmProjects/cl_st1_anna/cl_st1_ph2_anna/examples/f1_pos/f1_p
os_194.tex [871] [872] [873] [874])
(/home/eyamrog/PycharmProjects/cl_st1_anna/cl_st1_ph2_anna/examples/f1_pos/f1_p
os_195.tex [875] [876])
(/home/eyamrog/PycharmProjects/cl_st1_anna/cl_st1_ph2_anna/examples/f1_pos/f1_p
os_196.tex [877] [878] [879])
(/home/eyamrog/PycharmProjects/cl_st1_anna/cl_st1_ph2_anna/examples/f1_pos/f1_p
os_197.tex
Overfull \hbox (3.75847pt too wide) in paragraph at lines 1--120
[]  \TU/DejaVuSerif(0)/m/n/10 13.3. Pro-jeto de vida e pós-médio \TU/DejaVuSe
rif(0)/b/n/10 En-quanto \TU/DejaVuSerif(0)/m/n/10 unidades cur-ric-u-lares obri-
gatórias,
 []

[880] [881] [882] [883] [884])
(/home/eyamrog/PycharmProjects/cl_st1_anna/cl_st1_ph2_anna/examples/f1_pos/f1_p
os_198.tex [885] [886] [887] [888] [889] [890])
(/home/eyamrog/PycharmProjects/cl_st1_anna/cl_st1_ph2_anna/examples/f1_pos/f1_p
os_199.tex [891] [892])
(/home/eyamrog/PycharmProjects/cl_st1_anna/cl_st1_ph2_anna/examples/f1_pos/f1_p
os_200.tex [893] [894])
(/home/eyamrog/PycharmProjects/cl_st1_anna/cl_st1_ph2_anna/examples/f1_pos/f1_p
os_201.tex [895] [896] [897] [898] [899] [900] [901])
(/home/eyamrog/PycharmProjects/cl_st1_anna/cl_st1_ph2_anna/examples/f1_pos/f1_p
os_202.tex [902] [903] [904])
(/home/eyamrog/PycharmProjects/cl_st1_anna/cl_st1_ph2_anna/examples/f1_pos/f1_p
os_203.tex [905] [906] [907] [908] [909])
(/home/eyamrog/PycharmProjects/cl_st1_anna/cl_st1_ph2_anna/examples/f1_pos/f1_p
os_204.tex
Overfull \hbox (0.63242pt too wide) in paragraph at lines 1--54
[]  \TU/DejaVuSerif(0)/m/n/10 2.8. For-mação Con-tin-u-ada A so-ciedade \TU/D
ejaVuSerif(0)/b/n/10 at-ual \TU/DejaVuSerif(0)/m/n/10 está em con-stante trans-
for-mação,
 []

[910] [911] [912])
(/home/eyamrog/PycharmProjects/cl_st1_anna/cl_st1_ph2_anna/examples/f1_pos/f1_p
os_205.tex [913] [914] [915])
(/home/eyamrog/PycharmProjects/cl_st1_anna/cl_st1_ph2_anna/examples/f1_pos/f1_p
os_206.tex
Missing character: There is no ° (U+00B0) in font nullfont!
Missing character: There is no ° (U+00B0) in font nullfont!
Missing character: There is no ° (U+00B0) in font nullfont!
Missing character: There is no ° (U+00B0) in font nullfont!
Missing character: There is no ° (U+00B0) in font nullfont!
Missing character: There is no ° (U+00B0) in font nullfont!
[916] [917
Missing character: There is no ° (U+00B0) in font nullfont!
Missing character: There is no ° (U+00B0) in font nullfont!
Missing character: There is no ° (U+00B0) in font nullfont!
] [918])
(/home/eyamrog/PycharmProjects/cl_st1_anna/cl_st1_ph2_anna/examples/f1_pos/f1_p
os_207.tex [919] [920] [921] [922])
(/home/eyamrog/PycharmProjects/cl_st1_anna/cl_st1_ph2_anna/examples/f1_pos/f1_p
os_208.tex [923] [924] [925])
(/home/eyamrog/PycharmProjects/cl_st1_anna/cl_st1_ph2_anna/examples/f1_pos/f1_p
os_209.tex [926] [927])
(/home/eyamrog/PycharmProjects/cl_st1_anna/cl_st1_ph2_anna/examples/f1_pos/f1_p
os_210.tex [928] [929])
(/home/eyamrog/PycharmProjects/cl_st1_anna/cl_st1_ph2_anna/examples/f1_pos/f1_p
os_211.tex [930] [931] [932] [933] [934])
(/home/eyamrog/PycharmProjects/cl_st1_anna/cl_st1_ph2_anna/examples/f1_pos/f1_p
os_212.tex
Overfull \hbox (0.35083pt too wide) in paragraph at lines 1--80
[]  \TU/DejaVuSerif(0)/m/n/10 Ed-u-cação Física O Ref-er-en-cial Cur-ric-u-la
r Ama-zo-nense de Ed-u-cação Física Anos
 []

[935] [936] [937] [938] [939])
(/home/eyamrog/PycharmProjects/cl_st1_anna/cl_st1_ph2_anna/examples/f1_pos/f1_p
os_213.tex [940] [941] [942] [943])
(/home/eyamrog/PycharmProjects/cl_st1_anna/cl_st1_ph2_anna/examples/f1_pos/f1_p
os_214.tex [944] [945] [946])
(/home/eyamrog/PycharmProjects/cl_st1_anna/cl_st1_ph2_anna/examples/f1_pos/f1_p
os_215.tex [947] [948] [949] [950])
(/home/eyamrog/PycharmProjects/cl_st1_anna/cl_st1_ph2_anna/examples/f1_pos/f1_p
os_216.tex [951] [952] [953] [954])
(/home/eyamrog/PycharmProjects/cl_st1_anna/cl_st1_ph2_anna/examples/f1_pos/f1_p
os_217.tex [955] [956] [957] [958] [959])
(/home/eyamrog/PycharmProjects/cl_st1_anna/cl_st1_ph2_anna/examples/f1_pos/f1_p
os_218.tex
Overfull \hbox (3.00813pt too wide) in paragraph at lines 1--31
\TU/DejaVuSerif(0)/m/n/10 so-ci-ais an-tagôni-cas \TU/DejaVuSerif(0)/b/n/10 que
 \TU/DejaVuSerif(0)/m/n/10 provo-cam di-vergên-cia de con-cepções e de atendi
-mento.
 []

[960] [961])
(/home/eyamrog/PycharmProjects/cl_st1_anna/cl_st1_ph2_anna/examples/f1_pos/f1_p
os_219.tex [962] [963])
(/home/eyamrog/PycharmProjects/cl_st1_anna/cl_st1_ph2_anna/examples/f1_pos/f1_p
os_220.tex [964] [965] [966])
(/home/eyamrog/PycharmProjects/cl_st1_anna/cl_st1_ph2_anna/examples/f1_pos/f1_p
os_221.tex [967] [968] [969] [970])
(/home/eyamrog/PycharmProjects/cl_st1_anna/cl_st1_ph2_anna/examples/f1_pos/f1_p
os_222.tex [971] [972] [973] [974])
(/home/eyamrog/PycharmProjects/cl_st1_anna/cl_st1_ph2_anna/examples/f1_pos/f1_p
os_223.tex [975] [976] [977] [978] [979])
(/home/eyamrog/PycharmProjects/cl_st1_anna/cl_st1_ph2_anna/examples/f1_pos/f1_p
os_224.tex [980] [981])
(/home/eyamrog/PycharmProjects/cl_st1_anna/cl_st1_ph2_anna/examples/f1_pos/f1_p
os_225.tex [982] [983] [984])
(/home/eyamrog/PycharmProjects/cl_st1_anna/cl_st1_ph2_anna/examples/f1_pos/f1_p
os_226.tex [985] [986] [987])
(/home/eyamrog/PycharmProjects/cl_st1_anna/cl_st1_ph2_anna/examples/f1_pos/f1_p
os_227.tex [988] [989])
(/home/eyamrog/PycharmProjects/cl_st1_anna/cl_st1_ph2_anna/examples/f1_pos/f1_p
os_228.tex [990] [991] [992] [993])
(/home/eyamrog/PycharmProjects/cl_st1_anna/cl_st1_ph2_anna/examples/f1_pos/f1_p
os_229.tex [994] [995])
(/home/eyamrog/PycharmProjects/cl_st1_anna/cl_st1_ph2_anna/examples/f1_pos/f1_p
os_230.tex [996] [997] [998] [999])
(/home/eyamrog/PycharmProjects/cl_st1_anna/cl_st1_ph2_anna/examples/f1_pos/f1_p
os_231.tex [1000] [1001] [1002] [1003] [1004])
(/home/eyamrog/PycharmProjects/cl_st1_anna/cl_st1_ph2_anna/examples/f1_pos/f1_p
os_232.tex [1005] [1006] [1007])
(/home/eyamrog/PycharmProjects/cl_st1_anna/cl_st1_ph2_anna/examples/f1_pos/f1_p
os_233.tex [1008] [1009] [1010] [1011])
(/home/eyamrog/PycharmProjects/cl_st1_anna/cl_st1_ph2_anna/examples/f1_pos/f1_p
os_234.tex [1012] [1013] [1014])
(/home/eyamrog/PycharmProjects/cl_st1_anna/cl_st1_ph2_anna/examples/f1_pos/f1_p
os_235.tex [1015] [1016])
(/home/eyamrog/PycharmProjects/cl_st1_anna/cl_st1_ph2_anna/examples/f1_pos/f1_p
os_236.tex [1017] [1018])
(/home/eyamrog/PycharmProjects/cl_st1_anna/cl_st1_ph2_anna/examples/f1_pos/f1_p
os_237.tex [1019] [1020] [1021])
(/home/eyamrog/PycharmProjects/cl_st1_anna/cl_st1_ph2_anna/examples/f1_pos/f1_p
os_238.tex [1022] [1023] [1024])
(/home/eyamrog/PycharmProjects/cl_st1_anna/cl_st1_ph2_anna/examples/f1_pos/f1_p
os_239.tex [1025] [1026] [1027])
(/home/eyamrog/PycharmProjects/cl_st1_anna/cl_st1_ph2_anna/examples/f1_pos/f1_p
os_240.tex [1028] [1029])
(/home/eyamrog/PycharmProjects/cl_st1_anna/cl_st1_ph2_anna/examples/f1_pos/f1_p
os_241.tex
Overfull \hbox (9.52669pt too wide) in paragraph at lines 1--51
[]  \TU/DejaVuSerif(0)/m/n/10 3.4.6 Di-re-trizes para o en-sino do com-po-nente cur-ric-u-lar 3.4.6.1 Filosofia S
ócrates
 []

[1030] [1031] [1032])
(/home/eyamrog/PycharmProjects/cl_st1_anna/cl_st1_ph2_anna/examples/f1_pos/f1_p
os_242.tex [1033] [1034] [1035])
(/home/eyamrog/PycharmProjects/cl_st1_anna/cl_st1_ph2_anna/examples/f1_pos/f1_p
os_243.tex [1036] [1037] [1038])
(/home/eyamrog/PycharmProjects/cl_st1_anna/cl_st1_ph2_anna/examples/f1_pos/f1_p
os_244.tex [1039] [1040] [1041])
(/home/eyamrog/PycharmProjects/cl_st1_anna/cl_st1_ph2_anna/examples/f1_pos/f1_p
os_245.tex [1042] [1043] [1044])
(/home/eyamrog/PycharmProjects/cl_st1_anna/cl_st1_ph2_anna/examples/f1_pos/f1_p
os_246.tex [1045] [1046])
(/home/eyamrog/PycharmProjects/cl_st1_anna/cl_st1_ph2_anna/examples/f1_pos/f1_p
os_247.tex [1047] [1048])
(/home/eyamrog/PycharmProjects/cl_st1_anna/cl_st1_ph2_anna/examples/f1_pos/f1_p
os_248.tex
Overfull \hbox (1.89624pt too wide) in paragraph at lines 1--18
\TU/DejaVuSerif(0)/m/n/10 Text Sam-ple 248: POS Dim 1 – mg – Score 27.00 
– mg/mg_ef_lin-gua-gens_lp_9.txt 
 []


Overfull \hbox (43.86946pt too wide) in paragraph at lines 1--18
\TU/DejaVuSerif(0)/m/n/10 os vari-a-dos re-cur-sos semióti-cos mo-bi-liza-dos, 
é con-sen-sual en-tre muitos \TU/DejaVuSerif(0)/b/n/10 pesquisadores\TU/DejaVu
Serif(0)/m/n/10 .
 []


Overfull \hbox (15.62727pt too wide) in paragraph at lines 1--18
\TU/DejaVuSerif(0)/m/n/10 tra-men-tos e suas im-pli-cações para a par-tic-i-pa
ção so-cial na vida pública, econômica
 []

[1049] [1050])
(/home/eyamrog/PycharmProjects/cl_st1_anna/cl_st1_ph2_anna/examples/f1_pos/f1_p
os_249.tex
Overfull \hbox (21.41772pt too wide) in paragraph at lines 1--27
\TU/DejaVuSerif(0)/m/n/10 Text Sam-ple 249: POS Dim 1 – mg – Score 26.00 
– mg/mg_ef_lin-gua-gens_ed_fis_3.txt 
 []

[1051] [1052])
(/home/eyamrog/PycharmProjects/cl_st1_anna/cl_st1_ph2_anna/examples/f1_pos/f1_p
os_250.tex [1053] [1054] [1055])
(/home/eyamrog/PycharmProjects/cl_st1_anna/cl_st1_ph2_anna/examples/f1_pos/f1_p
os_251.tex
Overfull \hbox (19.4353pt too wide) in paragraph at lines 1--44
\TU/DejaVuSerif(0)/m/n/10 Text Sam-ple 251: POS Dim 1 – rj – Score 32.00 
– rj/rj_ef_cien-cias_hu-manas_his_3.txt 
 []

[1056] [1057] [1058])
(/home/eyamrog/PycharmProjects/cl_st1_anna/cl_st1_ph2_anna/examples/f1_pos/f1_p
os_252.tex [1059] [1060] [1061])
(/home/eyamrog/PycharmProjects/cl_st1_anna/cl_st1_ph2_anna/examples/f1_pos/f1_p
os_253.tex [1062] [1063])
(/home/eyamrog/PycharmProjects/cl_st1_anna/cl_st1_ph2_anna/examples/f1_pos/f1_p
os_254.tex [1064] [1065])
(/home/eyamrog/PycharmProjects/cl_st1_anna/cl_st1_ph2_anna/examples/f1_pos/f1_p
os_255.tex
Overfull \hbox (3.63802pt too wide) in paragraph at lines 1--26
\TU/DejaVuSerif(0)/m/n/10 cial para eman-ci-pação e au-tono-mia dos \TU/DejaV
uSerif(0)/b/n/10 su-jeitos \TU/DejaVuSerif(0)/m/n/10 in-seri-dos nos con-tex-tos
 (re)pro-
 []

[1066])
(/home/eyamrog/PycharmProjects/cl_st1_anna/cl_st1_ph2_anna/examples/f1_pos/f1_p
os_256.tex
Overfull \hbox (19.4353pt too wide) in paragraph at lines 1--22
\TU/DejaVuSerif(0)/m/n/10 Text Sam-ple 256: POS Dim 1 – rj – Score 24.00 
– rj/rj_ef_cien-cias_hu-manas_his_1.txt 
 []

[1067] [1068])
(/home/eyamrog/PycharmProjects/cl_st1_anna/cl_st1_ph2_anna/examples/f1_pos/f1_p
os_257.tex [1069] [1070] [1071])
(/home/eyamrog/PycharmProjects/cl_st1_anna/cl_st1_ph2_anna/examples/f1_pos/f1_p
os_258.tex
Overfull \hbox (19.4353pt too wide) in paragraph at lines 1--22
\TU/DejaVuSerif(0)/m/n/10 Text Sam-ple 258: POS Dim 1 – rj – Score 23.00 
– rj/rj_ef_cien-cias_hu-manas_his_2.txt 
 []

[1072])
(/home/eyamrog/PycharmProjects/cl_st1_anna/cl_st1_ph2_anna/examples/f1_pos/f1_p
os_259.tex [1073] [1074])
(/home/eyamrog/PycharmProjects/cl_st1_anna/cl_st1_ph2_anna/examples/f1_pos/f1_p
os_260.tex
Overfull \hbox (15.95874pt too wide) in paragraph at lines 1--47
\TU/DejaVuSerif(0)/m/n/10 Text Sam-ple 260: POS Dim 1 – rj – Score 22.00 
– rj/rj_ef_cien-cias_da_na-tureza_2.txt 
 []

[1075] [1076] [1077])
(/home/eyamrog/PycharmProjects/cl_st1_anna/cl_st1_ph2_anna/examples/f1_pos/f1_p
os_261.tex [1078] [1079] [1080] [1081] [1082])
(/home/eyamrog/PycharmProjects/cl_st1_anna/cl_st1_ph2_anna/examples/f1_pos/f1_p
os_262.tex [1083] [1084] [1085])
(/home/eyamrog/PycharmProjects/cl_st1_anna/cl_st1_ph2_anna/examples/f1_pos/f1_p
os_263.tex [1086] [1087] [1088])
(/home/eyamrog/PycharmProjects/cl_st1_anna/cl_st1_ph2_anna/examples/f1_pos/f1_p
os_264.tex [1089] [1090] [1091] [1092])
(/home/eyamrog/PycharmProjects/cl_st1_anna/cl_st1_ph2_anna/examples/f1_pos/f1_p
os_265.tex [1093] [1094] [1095])
(/home/eyamrog/PycharmProjects/cl_st1_anna/cl_st1_ph2_anna/examples/f1_pos/f1_p
os_266.tex [1096] [1097] [1098] [1099] [1100])
(/home/eyamrog/PycharmProjects/cl_st1_anna/cl_st1_ph2_anna/examples/f1_pos/f1_p
os_267.tex
Overfull \hbox (3.42662pt too wide) in paragraph at lines 1--36
[]  \TU/DejaVuSerif(0)/m/n/10 5.2 METODOLO-GIAS E ES-TRATÉ-GIAS DIDÁTICO PEDAG
ÓG-I-CAS O Doc-u-mento
 []


Overfull \hbox (6.50261pt too wide) in paragraph at lines 1--36
\TU/DejaVuSerif(0)/m/n/10 ver-si-dade de saberes e vivên-cias cul-tur-ais. Na 
Base Na-cional Co-mum Curricular-
 []

[1101] [1102] [1103])
(/home/eyamrog/PycharmProjects/cl_st1_anna/cl_st1_ph2_anna/examples/f1_pos/f1_p
os_268.tex [1104] [1105] [1106])
(/home/eyamrog/PycharmProjects/cl_st1_anna/cl_st1_ph2_anna/examples/f1_pos/f1_p
os_269.tex
Overfull \hbox (1.69217pt too wide) in paragraph at lines 1--50
[]  \TU/DejaVuSerif(0)/m/n/10 4.6.2 COM-PETÊN-CIAS ES-PECÍ-FI-CAS DE MATEMÁTI
CA PARA O EN-SINO FUN-
 []

[1107] [1108] [1109])
(/home/eyamrog/PycharmProjects/cl_st1_anna/cl_st1_ph2_anna/examples/f1_pos/f1_p
os_270.tex [1110] [1111] [1112])
(/home/eyamrog/PycharmProjects/cl_st1_anna/cl_st1_ph2_anna/examples/f1_pos/f1_p
os_271.tex
Overfull \hbox (49.32976pt too wide) in paragraph at lines 1--317
\TU/DejaVuSerif(0)/m/n/10 https://www.in-fo-pe-dia.pt/di-cionar-ios/lingua-portu
guesa/cinésica. Acesso em 08/07/2019.
 []


Overfull \hbox (28.50539pt too wide) in paragraph at lines 1--317
\TU/DejaVuSerif(0)/m/n/10 roupa. Disponível em : https://www.di-cio.com.br/es-t
iliza-cao/. Acesso em 08/07/2019.
 []


Overfull \hbox (20.43816pt too wide) in paragraph at lines 1--317
\TU/DejaVuSerif(0)/m/n/10 com.org.br/pa-pers/na-cionais/2009/re-sumos/R4-0863-1.
pdf. Acesso em 08/07/2019.
 []


Overfull \hbox (1.85823pt too wide) in paragraph at lines 1--317
\TU/DejaVuSerif(0)/m/n/10 gens ( mul-ti-midiática ) Fo-tor-re-porta-gens : re-p
ortagem essen-cial-mente \TU/DejaVuSerif(0)/b/n/10 baseada
 []


Overfull \hbox (4.6906pt too wide) in paragraph at lines 1--317
\TU/DejaVuSerif(0)/m/n/10 em fo-tografias, acom-pan-hadas de pe-que-nas leg-en-d
as. Disponível em : https://di-
 []


Overfull \hbox (5.42677pt too wide) in paragraph at lines 1--317
\TU/DejaVuSerif(0)/m/n/10 cionario.prib-eram.org/fo-tor-re-portagem. Acesso em 
08/07/2019. Foto-denúncias
 []


Overfull \hbox (109.87126pt too wide) in paragraph at lines 1--317
\TU/DejaVuSerif(0)/m/n/10 como se \TU/DejaVuSerif(0)/b/n/10 diz\TU/DejaVuSerif(
0)/m/n/10 , vale mais \TU/DejaVuSerif(0)/b/n/10 que \TU/DejaVuSerif(0)/m/n/10 mi
l palavras. Disponível em : https://brainly.com.br/tarefa/21518958read-
 []


Overfull \hbox (8.43782pt too wide) in paragraph at lines 1--317
\TU/DejaVuSerif(0)/m/n/10 http://www.for-mu-lade-jo-gos.com.br/single-post/2016/
06/27/3-Gameplay-O-que-é-
 []


Overfull \hbox (1.81023pt too wide) in paragraph at lines 1--317
\TU/DejaVuSerif(0)/m/n/10 https://repos-i-to-rio.ufsc.br/bit-stream/han-dle/1234
56789/94735/299780. Acesso
 []


Overfull \hbox (7.83073pt too wide) in paragraph at lines 1--317
\TU/DejaVuSerif(0)/m/n/10 em 08/07/2019. Gêneros mul-ti-ssemióti-cos Gêneros mul-ti-ssemi
óti-cos são gêneros
 []


Overfull \hbox (29.09212pt too wide) in paragraph at lines 1--317
\TU/DejaVuSerif(0)/m/n/10 https://www.es-creven-doo-fu-turo.org.br/for-ma-cao/pe
rgunte-a-olimpia/178/diferencas-
 []


Overfull \hbox (44.21584pt too wide) in paragraph at lines 1--317
\TU/DejaVuSerif(0)/m/n/10 e-aplicacoes-entre-multissemiotico-e-multimidiatico. 
Acesso em 05/07/2019. Disponível
 []


Overfull \hbox (44.01155pt too wide) in paragraph at lines 1--317
\TU/DejaVuSerif(0)/m/n/10 em : https://ciber-du-vi-das.iscte-iul.pt/con-sul-to-r
io/per-gun-tas/semiose-e-semiotica/34036.
 []


Overfull \hbox (29.09212pt too wide) in paragraph at lines 1--317
\TU/DejaVuSerif(0)/m/n/10 https://www.es-creven-doo-fu-turo.org.br/for-ma-cao/pe
rgunte-a-olimpia/178/diferencas-
 []


Overfull \hbox (9.91896pt too wide) in paragraph at lines 1--317
\TU/DejaVuSerif(0)/m/n/10 e-aplicacoes-entre-multissemiotico-e-multimidiatico. 
Acesso em 08/07/2019. GIF
 []


Overfull \hbox (15.00287pt too wide) in paragraph at lines 1--317
\TU/DejaVuSerif(0)/m/n/10 do-texto/hiper-texto.html. Acesso em 08/07/2019. O hip
er-texto é, em sua definição,
 []


Overfull \hbox (48.8488pt too wide) in paragraph at lines 1--317
\TU/DejaVuSerif(0)/m/n/10 com as suas fontes e sig-nifi-ca-dos. Disponível em 
: https://www.sig-nifi-ca-dos.com.br/icono-
 []


Overfull \hbox (19.77165pt too wide) in paragraph at lines 1--317
\TU/DejaVuSerif(0)/b/n/10 um \TU/DejaVuSerif(0)/m/n/10 pro-duto em pub-li-ci-dad
es de rá-dio ou tele-visão. Disponível em : https://www.sig-
 []


Overfull \hbox (0.6009pt too wide) in paragraph at lines 1--317
\TU/DejaVuSerif(0)/m/n/10 https://www.tec-mundo.com.br/cu-riosi-dade/4204-machin
ima-quando-o-cenario-
 []


Overfull \hbox (13.96355pt too wide) in paragraph at lines 1--317
\TU/DejaVuSerif(0)/m/n/10 http://www.co-mu-niqueiro.com/di-cionario/mancha-grafi
ca. Acesso em 08/07/2019.
 []


Overfull \hbox (5.07439pt too wide) in paragraph at lines 1--317
\TU/DejaVuSerif(0)/m/n/10 Disponível em : https://www.sig-nifi-ca-dos.com.br/me
me/. Acesso em 08/07/2019.
 []


Overfull \hbox (77.20818pt too wide) in paragraph at lines 1--317
\TU/DejaVuSerif(0)/m/n/10 amanhã. Disponível em : https://www.di-cionar-i-oin-
for-mal.com.br/modal-iza%C3%A7%C3%A3o/
 []


Overfull \hbox (14.79524pt too wide) in paragraph at lines 1--317
\TU/DejaVuSerif(0)/m/n/10 fice.com/pt-br/ar-ti-cle/o-que-%C3%A9-um-slide-mestre-
b9abb2a0-7aef-4257-a14e-
 []


Overfull \hbox (21.55794pt too wide) in paragraph at lines 1--317
\TU/DejaVuSerif(0)/m/n/10 cao.es-tadao.com.br/blogs/blog-dos-colegios-santa-mari
a/tdic-no-cotidiano-escolar/.
 []


Overfull \hbox (25.5944pt too wide) in paragraph at lines 1--317
\TU/DejaVuSerif(0)/m/n/10 tuguescereja.ed-i-torasaraiva.com.br/textos-multimodai
s-leitura-e-producao/. Acesso
 []

[1113] [1114] [1115] [1116] [1117] [1118] [1119] [1120] [1121] [1122])
(/home/eyamrog/PycharmProjects/cl_st1_anna/cl_st1_ph2_anna/examples/f1_pos/f1_p
os_272.tex
Overfull \hbox (7.0511pt too wide) in paragraph at lines 1--90
[]  \TU/DejaVuSerif(0)/m/n/10 História Este texto traz al-guns ques-tion-a-men-
tos ac-erca da \TU/DejaVuSerif(0)/b/n/10 dis-ci-plina \TU/DejaVuSerif(0)/m/n/10
 de História
 []

[1123] [1124] [1125] [1126])
(/home/eyamrog/PycharmProjects/cl_st1_anna/cl_st1_ph2_anna/examples/f1_pos/f1_p
os_273.tex [1127] [1128] [1129] [1130] [1131])
(/home/eyamrog/PycharmProjects/cl_st1_anna/cl_st1_ph2_anna/examples/f1_pos/f1_p
os_274.tex
Overfull \hbox (0.34294pt too wide) in paragraph at lines 1--134
\TU/DejaVuSerif(0)/m/n/10 tam-bém \TU/DejaVuSerif(0)/b/n/10 con-heci-dos \TU/D
ejaVuSerif(0)/m/n/10 como áu-di-o-livros ou livros fal-a-dos. Fonte : https://w
ww.vi-
 []


Overfull \hbox (3.57649pt too wide) in paragraph at lines 1--134
\TU/DejaVuSerif(0)/m/n/10 hos-feitos.com/en-saios/Jornalismo-e-Estrutura-De-Text
o/62852515.html, acesso,
 []


Overfull \hbox (0.89714pt too wide) in paragraph at lines 1--134
\TU/DejaVuSerif(0)/m/n/10 po-ral. https://www.in-fo-pe-dia.pt/di-cionar-ios/ling
ua-portuguesa/cin%C3%A9sica
 []


Overfull \hbox (1.3431pt too wide) in paragraph at lines 1--134
\TU/DejaVuSerif(0)/m/n/10 tugues/as-sunto/estudo-do-texto/hiper-texto.html Fake News Fake News s
ão notí-
 []


Overfull \hbox (8.19695pt too wide) in paragraph at lines 1--134
\TU/DejaVuSerif(0)/m/n/10 mações ir-reais \TU/DejaVuSerif(0)/b/n/10 que \TU/D
ejaVuSerif(0)/m/n/10 apelam para o emo-cional do leitor/es-pec-ta-dor. https://b
rasile-
 []


Overfull \hbox (2.33919pt too wide) in paragraph at lines 1--134
\TU/DejaVuSerif(0)/m/n/10 histórias de filmes, livros, séries, histórias em 
quadrin-hos, videogames, mangás,
 []


Overfull \hbox (6.95833pt too wide) in paragraph at lines 1--134
\TU/DejaVuSerif(0)/m/n/10 https://brainly.com.br/tarefa/21518958read-more Game-p
lay Game-play nada mais
 []


Overfull \hbox (8.98308pt too wide) in paragraph at lines 1--134
\TU/DejaVuSerif(0)/m/n/10 https://repos-i-to-rio.ufsc.br/bit-stream/han-dle/1234
56789/94735/299780. Gêneros
 []


Overfull \hbox (30.77605pt too wide) in paragraph at lines 1--134
\TU/DejaVuSerif(0)/m/n/10 es-crita ), vi-sual, sonora, cor-po-ral e dig-i-tal. 
https://www.es-creven-doo-fu-turo.org.br/for-
 []


Overfull \hbox (6.52376pt too wide) in paragraph at lines 1--134
\TU/DejaVuSerif(0)/m/n/10 ma-cao/pergunte-a-olimpia/178/diferencas-e-aplicacoes-
entre-multissemiotico-e-
 []


Overfull \hbox (19.9222pt too wide) in paragraph at lines 1--134
\TU/DejaVuSerif(0)/m/n/10 creven-doo-fu-turo.org.br/for-ma-cao/pergunte-a-olimpi
a/178/diferencas-e-aplicacoes-
 []


Overfull \hbox (1.32195pt too wide) in paragraph at lines 1--134
\TU/DejaVuSerif(0)/m/n/10 ape-nas preto e branco. https://www.tech-tudo.com.br/a
r-ti-gos/noti-cia/2012/04/o-
 []


Overfull \hbox (53.38689pt too wide) in paragraph at lines 1--134
\TU/DejaVuSerif(0)/m/n/10 para outro ( a ), o ponto de par-tida para os links. 
Fonte : https://sites.google.com/site/sites-
 []


Overfull \hbox (2.50847pt too wide) in paragraph at lines 1--134
\TU/DejaVuSerif(0)/m/n/10 os moldes da gramática nor-ma-tiva. https://www.di-ci
onar-i-oin-for-mal.com.br/mul-
 []


Overfull \hbox (31.69466pt too wide) in paragraph at lines 1--134
\TU/DejaVuSerif(0)/m/n/10 http://por-tuguescereja.ed-i-torasaraiva.com.br/textos
-multimodais-leitura-e-producao/
 []


Overfull \hbox (22.70085pt too wide) in paragraph at lines 1--134
\TU/DejaVuSerif(0)/m/n/10 mon-tagem, tor-nando -se re-tal-hos de vários tex-tos
. https://pt.wikipedia.org/wiki/Pas-
 []


Overfull \hbox (16.52214pt too wide) in paragraph at lines 1--134
\TU/DejaVuSerif(0)/m/n/10 sig-nifi-cação e co-mu-ni-cação. https://pt.wikipe
dia.org/wiki/Semi%C3%B3tica Slams
 []


Overfull \hbox (29.83757pt too wide) in paragraph at lines 1--134
\TU/DejaVuSerif(0)/m/n/10 criar \TU/DejaVuSerif(0)/b/n/10 uma \TU/DejaVuSerif(0
)/m/n/10 playlist com suas músi-cas fa-voritas. https://play.google.com/store/a
pps/de-
 []


Overfull \hbox (90.57487pt too wide) in paragraph at lines 1--134
\TU/DejaVuSerif(0)/m/n/10 ção de \TU/DejaVuSerif(0)/b/n/10 uma \TU/DejaVuSeri
f(0)/m/n/10 men-sagem em de-ter-mi-nada situ-ação co-mu-nica-tiva. https://pt.
wikipedia.org/wiki/Tex-
 []


Overfull \hbox (2.32454pt too wide) in paragraph at lines 1--134
\TU/DejaVuSerif(0)/m/n/10 ter-netinno-va-tion.com.br/blog/entenda-o-conceito-de-
transmidia-e-a-cultura-da-
 []

[1132] [1133] [1134] [1135] [1136] [1137] [1138] [1139])
(/home/eyamrog/PycharmProjects/cl_st1_anna/cl_st1_ph2_anna/examples/f1_pos/f1_p
os_275.tex [1140] [1141] [1142] [1143] [1144] [1145])
(/home/eyamrog/PycharmProjects/cl_st1_anna/cl_st1_ph2_anna/examples/f1_pos/f1_p
os_276.tex [1146] [1147])
(/home/eyamrog/PycharmProjects/cl_st1_anna/cl_st1_ph2_anna/examples/f1_pos/f1_p
os_277.tex [1148] [1149] [1150] [1151])
(/home/eyamrog/PycharmProjects/cl_st1_anna/cl_st1_ph2_anna/examples/f1_pos/f1_p
os_278.tex [1152] [1153] [1154])
(/home/eyamrog/PycharmProjects/cl_st1_anna/cl_st1_ph2_anna/examples/f1_pos/f1_p
os_279.tex [1155] [1156] [1157])
(/home/eyamrog/PycharmProjects/cl_st1_anna/cl_st1_ph2_anna/examples/f1_pos/f1_p
os_280.tex [1158] [1159] [1160])
(/home/eyamrog/PycharmProjects/cl_st1_anna/cl_st1_ph2_anna/examples/f1_neg/f1_n
eg_001.tex [1161])
(/home/eyamrog/PycharmProjects/cl_st1_anna/cl_st1_ph2_anna/examples/f1_neg/f1_n
eg_002.tex [1162])
(/home/eyamrog/PycharmProjects/cl_st1_anna/cl_st1_ph2_anna/examples/f1_neg/f1_n
eg_003.tex)
(/home/eyamrog/PycharmProjects/cl_st1_anna/cl_st1_ph2_anna/examples/f1_neg/f1_n
eg_004.tex
Overfull \hbox (7.36006pt too wide) in paragraph at lines 1--3
[]  \TU/DejaVuSerif(0)/m/n/10 COM-PETÊN-CIAS ES-PECÍ-FI-CAS DE EN-SINO RE-LI-G
IOSO PARA O EN-SINO FUN-
 []


Overfull \hbox (10.39316pt too wide) in paragraph at lines 1--3
\TU/DejaVuSerif(0)/m/n/10 DA-MEN-TAL 1. con-hecer os as-pec-tos es-tru-tu-rantes
 das difer-entes tradições/movi-
 []

)
(/home/eyamrog/PycharmProjects/cl_st1_anna/cl_st1_ph2_anna/examples/f1_neg/f1_n
eg_005.tex [1163])
(/home/eyamrog/PycharmProjects/cl_st1_anna/cl_st1_ph2_anna/examples/f1_neg/f1_n
eg_006.tex
Overfull \hbox (6.07205pt too wide) in paragraph at lines 1--14
[]  \TU/DejaVuSerif(0)/m/n/10 8 ) OS EIXOS ES-TRU-TU-RANTES AS-SO-CI-A-DOS AO IT
IN-ERÁRIO DA FOR-MAÇÃO
 []

[1164])
(/home/eyamrog/PycharmProjects/cl_st1_anna/cl_st1_ph2_anna/examples/f1_neg/f1_n
eg_007.tex)
(/home/eyamrog/PycharmProjects/cl_st1_anna/cl_st1_ph2_anna/examples/f1_neg/f1_n
eg_008.tex [1165])
(/home/eyamrog/PycharmProjects/cl_st1_anna/cl_st1_ph2_anna/examples/f1_neg/f1_n
eg_009.tex)
(/home/eyamrog/PycharmProjects/cl_st1_anna/cl_st1_ph2_anna/examples/f1_neg/f1_n
eg_010.tex [1166])
(/home/eyamrog/PycharmProjects/cl_st1_anna/cl_st1_ph2_anna/examples/f1_neg/f1_n
eg_011.tex)
(/home/eyamrog/PycharmProjects/cl_st1_anna/cl_st1_ph2_anna/examples/f1_neg/f1_n
eg_012.tex [1167])
(/home/eyamrog/PycharmProjects/cl_st1_anna/cl_st1_ph2_anna/examples/f1_neg/f1_n
eg_013.tex)
(/home/eyamrog/PycharmProjects/cl_st1_anna/cl_st1_ph2_anna/examples/f1_neg/f1_n
eg_014.tex [1168])
(/home/eyamrog/PycharmProjects/cl_st1_anna/cl_st1_ph2_anna/examples/f1_neg/f1_n
eg_015.tex)
(/home/eyamrog/PycharmProjects/cl_st1_anna/cl_st1_ph2_anna/examples/f1_neg/f1_n
eg_016.tex
Overfull \hbox (8.61938pt too wide) in paragraph at lines 1--13
[]  \TU/DejaVuSerif(0)/m/n/10 Prezado(a) Pro-fes-sor(a), É com imensa sat-is-fa
ção e a sen-sação de de-ver cumprido
 []

[1169])
(/home/eyamrog/PycharmProjects/cl_st1_anna/cl_st1_ph2_anna/examples/f1_neg/f1_n
eg_017.tex [1170])
(/home/eyamrog/PycharmProjects/cl_st1_anna/cl_st1_ph2_anna/examples/f1_neg/f1_n
eg_018.tex)
(/home/eyamrog/PycharmProjects/cl_st1_anna/cl_st1_ph2_anna/examples/f1_neg/f1_n
eg_019.tex [1171] [1172])
(/home/eyamrog/PycharmProjects/cl_st1_anna/cl_st1_ph2_anna/examples/f1_neg/f1_n
eg_020.tex [1173])
(/home/eyamrog/PycharmProjects/cl_st1_anna/cl_st1_ph2_anna/examples/f1_neg/f1_n
eg_021.tex)
(/home/eyamrog/PycharmProjects/cl_st1_anna/cl_st1_ph2_anna/examples/f1_neg/f1_n
eg_022.tex)
(/home/eyamrog/PycharmProjects/cl_st1_anna/cl_st1_ph2_anna/examples/f1_neg/f1_n
eg_023.tex [1174])
(/home/eyamrog/PycharmProjects/cl_st1_anna/cl_st1_ph2_anna/examples/f1_neg/f1_n
eg_024.tex)
(/home/eyamrog/PycharmProjects/cl_st1_anna/cl_st1_ph2_anna/examples/f1_neg/f1_n
eg_025.tex
Overfull \hbox (21.26808pt too wide) in paragraph at lines 1--13
\TU/DejaVuSerif(0)/m/n/10 SINO FUN-DA-MEN-TAL 1. Com-preen-der a lín-gua como 
fenô-meno cul-tural, histórico,
 []

[1175])
(/home/eyamrog/PycharmProjects/cl_st1_anna/cl_st1_ph2_anna/examples/f1_neg/f1_n
eg_026.tex)
(/home/eyamrog/PycharmProjects/cl_st1_anna/cl_st1_ph2_anna/examples/f1_neg/f1_n
eg_027.tex [1176])
(/home/eyamrog/PycharmProjects/cl_st1_anna/cl_st1_ph2_anna/examples/f1_neg/f1_n
eg_028.tex [1177])
(/home/eyamrog/PycharmProjects/cl_st1_anna/cl_st1_ph2_anna/examples/f1_neg/f1_n
eg_029.tex)
(/home/eyamrog/PycharmProjects/cl_st1_anna/cl_st1_ph2_anna/examples/f1_neg/f1_n
eg_030.tex
Overfull \hbox (2.83675pt too wide) in paragraph at lines 1--5
\TU/DejaVuSerif(0)/m/n/10 cuja com-posição é ex-pli-cada a seguir : Se-gundo esse crit
ério, o código EI02TS01
 []

[1178])
(/home/eyamrog/PycharmProjects/cl_st1_anna/cl_st1_ph2_anna/examples/f1_neg/f1_n
eg_031.tex)
(/home/eyamrog/PycharmProjects/cl_st1_anna/cl_st1_ph2_anna/examples/f1_neg/f1_n
eg_032.tex [1179])
(/home/eyamrog/PycharmProjects/cl_st1_anna/cl_st1_ph2_anna/examples/f1_neg/f1_n
eg_033.tex
Overfull \hbox (1.0271pt too wide) in paragraph at lines 1--8
\TU/DejaVuSerif(0)/m/n/10 Text Sam-ple 313: NEG Dim 1 – rj – Score 3.00 
– rj/rj_inf_e_ef_ap-re-sen-ta-cao_2.txt 
 []

[1180])
(/home/eyamrog/PycharmProjects/cl_st1_anna/cl_st1_ph2_anna/examples/f1_neg/f1_n
eg_034.tex)
(/home/eyamrog/PycharmProjects/cl_st1_anna/cl_st1_ph2_anna/examples/f1_neg/f1_n
eg_035.tex [1181])
(/home/eyamrog/PycharmProjects/cl_st1_anna/cl_st1_ph2_anna/examples/f1_neg/f1_n
eg_036.tex [1182])
(/home/eyamrog/PycharmProjects/cl_st1_anna/cl_st1_ph2_anna/examples/f1_neg/f1_n
eg_037.tex
Overfull \hbox (1.0271pt too wide) in paragraph at lines 1--10
\TU/DejaVuSerif(0)/m/n/10 Text Sam-ple 317: NEG Dim 1 – rj – Score 4.00 
– rj/rj_inf_e_ef_ap-re-sen-ta-cao_1.txt 
 []

)
(/home/eyamrog/PycharmProjects/cl_st1_anna/cl_st1_ph2_anna/examples/f1_neg/f1_n
eg_038.tex
Missing character: There is no ° (U+00B0) in font nullfont!
Missing character: There is no ° (U+00B0) in font nullfont!
Missing character: There is no ° (U+00B0) in font nullfont!
Missing character: There is no ° (U+00B0) in font nullfont!
Missing character: There is no ° (U+00B0) in font nullfont!
Missing character: There is no ° (U+00B0) in font nullfont!
Missing character: There is no ° (U+00B0) in font nullfont!
Missing character: There is no ° (U+00B0) in font nullfont!
Missing character: There is no ° (U+00B0) in font nullfont!
Missing character: There is no ° (U+00B0) in font nullfont!
Missing character: There is no ° (U+00B0) in font nullfont!
Missing character: There is no ° (U+00B0) in font nullfont!
Missing character: There is no ° (U+00B0) in font nullfont!
Missing character: There is no ° (U+00B0) in font nullfont!
Missing character: There is no ° (U+00B0) in font nullfont!
Missing character: There is no ° (U+00B0) in font nullfont!
Missing character: There is no ° (U+00B0) in font nullfont!
Missing character: There is no ° (U+00B0) in font nullfont!
Missing character: There is no ° (U+00B0) in font nullfont!
Missing character: There is no ° (U+00B0) in font nullfont!
Missing character: There is no ° (U+00B0) in font nullfont!
Missing character: There is no ° (U+00B0) in font nullfont!
Missing character: There is no ° (U+00B0) in font nullfont!
Missing character: There is no ° (U+00B0) in font nullfont!
Missing character: There is no ° (U+00B0) in font nullfont!
Missing character: There is no ° (U+00B0) in font nullfont!
Missing character: There is no ° (U+00B0) in font nullfont!
Missing character: There is no ° (U+00B0) in font nullfont!
[1183
Missing character: There is no ° (U+00B0) in font nullfont!
Missing character: There is no ° (U+00B0) in font nullfont!
Missing character: There is no ° (U+00B0) in font nullfont!
Missing character: There is no ° (U+00B0) in font nullfont!
])
(/home/eyamrog/PycharmProjects/cl_st1_anna/cl_st1_ph2_anna/examples/f1_neg/f1_n
eg_039.tex [1184
Missing character: There is no ° (U+00B0) in font nullfont!
Missing character: There is no ° (U+00B0) in font nullfont!
Missing character: There is no ° (U+00B0) in font nullfont!
Missing character: There is no ° (U+00B0) in font nullfont!
Missing character: There is no ° (U+00B0) in font nullfont!
Missing character: There is no ° (U+00B0) in font nullfont!
Missing character: There is no ° (U+00B0) in font nullfont!
Missing character: There is no ° (U+00B0) in font nullfont!
Missing character: There is no ° (U+00B0) in font nullfont!
Missing character: There is no ° (U+00B0) in font nullfont!
])
(/home/eyamrog/PycharmProjects/cl_st1_anna/cl_st1_ph2_anna/examples/f1_neg/f1_n
eg_040.tex [1185] [1186])
(/home/eyamrog/PycharmProjects/cl_st1_anna/cl_st1_ph2_anna/examples/f1_neg/f1_n
eg_041.tex)
(/home/eyamrog/PycharmProjects/cl_st1_anna/cl_st1_ph2_anna/examples/f1_neg/f1_n
eg_042.tex [1187])
(/home/eyamrog/PycharmProjects/cl_st1_anna/cl_st1_ph2_anna/examples/f1_neg/f1_n
eg_043.tex [1188])
(/home/eyamrog/PycharmProjects/cl_st1_anna/cl_st1_ph2_anna/examples/f1_neg/f1_n
eg_044.tex [1189])
(/home/eyamrog/PycharmProjects/cl_st1_anna/cl_st1_ph2_anna/examples/f1_neg/f1_n
eg_045.tex)
(/home/eyamrog/PycharmProjects/cl_st1_anna/cl_st1_ph2_anna/examples/f1_neg/f1_n
eg_046.tex
Overfull \hbox (4.62434pt too wide) in paragraph at lines 1--20
[]  \TU/DejaVuSerif(0)/m/n/10 2.11.4 Pop-u-lações em situ-ação de Itin-er
ân-cia De acordo com o Pare-cer CNE/CEB
 []


Overfull \hbox (33.59407pt too wide) in paragraph at lines 1--20
\TU/DejaVuSerif(0)/m/n/10 load&alias=10770-rceb003-12-pdf-1&category_slug=maio-2
012-pdf&Itemid=30192.
 []

[1190])
(/home/eyamrog/PycharmProjects/cl_st1_anna/cl_st1_ph2_anna/examples/f1_neg/f1_n
eg_047.tex
Overfull \hbox (4.15698pt too wide) in paragraph at lines 1--3
\TU/DejaVuSerif(0)/m/n/10 Text Sam-ple 327: NEG Dim 1 – mg – Score 3.00 
– mg/mg_ef_lin-gua-gens_lp_16.txt 
 []


Overfull \hbox (6.96126pt too wide) in paragraph at lines 1--3
\TU/DejaVuSerif(0)/m/n/10 códi-gos, carta aberta, carta de so-lic-i-tação, ca
rta de recla-mação, abaixo-assinado,
 []

[1191])
(/home/eyamrog/PycharmProjects/cl_st1_anna/cl_st1_ph2_anna/examples/f1_neg/f1_n
eg_048.tex [1192])
(/home/eyamrog/PycharmProjects/cl_st1_anna/cl_st1_ph2_anna/examples/f1_neg/f1_n
eg_049.tex [1193])
(/home/eyamrog/PycharmProjects/cl_st1_anna/cl_st1_ph2_anna/examples/f1_neg/f1_n
eg_050.tex [1194])
(/home/eyamrog/PycharmProjects/cl_st1_anna/cl_st1_ph2_anna/examples/f1_neg/f1_n
eg_051.tex)
(/home/eyamrog/PycharmProjects/cl_st1_anna/cl_st1_ph2_anna/examples/f1_neg/f1_n
eg_052.tex
Overfull \hbox (7.36006pt too wide) in paragraph at lines 1--9
[]  \TU/DejaVuSerif(0)/m/n/10 COM-PETÊN-CIAS ES-PECÍ-FI-CAS DE EN-SINO RE-LI-G
IOSO PARA O EN-SINO FUN-
 []


Overfull \hbox (12.44394pt too wide) in paragraph at lines 1--9
\TU/DejaVuSerif(0)/m/n/10 DA-MEN-TAL 1. Con-hecer os as-pec-tos es-tru-tu-rantes
 das difer-entes tradições/movi-
 []

[1195])
(/home/eyamrog/PycharmProjects/cl_st1_anna/cl_st1_ph2_anna/examples/f1_neg/f1_n
eg_053.tex
Overfull \hbox (9.46925pt too wide) in paragraph at lines 1--13
[]  \TU/DejaVuSerif(0)/m/n/10 5. AR-QUITE-TURA CUR-RIC-U-LAR As al-ter-ações 
in-tro-duzi-das na Lei nº 9.394/1996
 []


Overfull \hbox (0.174pt too wide) in paragraph at lines 1--13
\TU/DejaVuSerif(0)/m/n/10 ( Lei de Di-re-trizes e Bases da Ed-u-cação Na-ciona
l - LDB ) pela Lei nº 13.415/2017
 []

)
(/home/eyamrog/PycharmProjects/cl_st1_anna/cl_st1_ph2_anna/examples/f1_neg/f1_n
eg_054.tex
Overfull \hbox (5.39334pt too wide) in paragraph at lines 1--3
[]  \TU/DejaVuSerif(0)/m/n/10 IN-STRU-MEN-TOS E PRO-CED-I-MEN-TOS DE AVALI-AÇ
ÃO - ANOS INI-CI-AIS - Avali-
 []

[1196])
(/home/eyamrog/PycharmProjects/cl_st1_anna/cl_st1_ph2_anna/examples/f1_neg/f1_n
eg_055.tex
Overfull \hbox (7.25858pt too wide) in paragraph at lines 1--6
[]  \TU/DejaVuSerif(0)/m/n/10 IN-STRU-MEN-TOS E PRO-CED-I-MEN-TOS DE AVALI-AÇ
ÃO - ANOS INI-CI-AIS Avaliar
 []

)
(/home/eyamrog/PycharmProjects/cl_st1_anna/cl_st1_ph2_anna/examples/f1_neg/f1_n
eg_056.tex [1197])
(/home/eyamrog/PycharmProjects/cl_st1_anna/cl_st1_ph2_anna/examples/f1_neg/f1_n
eg_057.tex)
(/home/eyamrog/PycharmProjects/cl_st1_anna/cl_st1_ph2_anna/examples/f1_neg/f1_n
eg_058.tex [1198])
(/home/eyamrog/PycharmProjects/cl_st1_anna/cl_st1_ph2_anna/examples/f1_neg/f1_n
eg_059.tex)
(/home/eyamrog/PycharmProjects/cl_st1_anna/cl_st1_ph2_anna/examples/f1_neg/f1_n
eg_060.tex [1199]
Overfull \hbox (1.14856pt too wide) in paragraph at lines 1--13
[]  \TU/DejaVuSerif(0)/m/n/10 QUADRO DAS COM-PETÊN-CIAS ES-PECÍ-FI-CAS DE ED-U
-CAÇÃO FÍSICA 1. Com-
 []

)
(/home/eyamrog/PycharmProjects/cl_st1_anna/cl_st1_ph2_anna/examples/f1_neg/f1_n
eg_061.tex
Overfull \hbox (2.46355pt too wide) in paragraph at lines 1--8
\TU/DejaVuSerif(0)/m/n/10 per-passa to-dos os níveis, eta-pas e de-mais modal-i
-dades. Nesse sen-tido, a Política
 []

)
(/home/eyamrog/PycharmProjects/cl_st1_anna/cl_st1_ph2_anna/examples/f1_neg/f1_n
eg_062.tex [1200])
(/home/eyamrog/PycharmProjects/cl_st1_anna/cl_st1_ph2_anna/examples/f1_neg/f1_n
eg_063.tex [1201])
(/home/eyamrog/PycharmProjects/cl_st1_anna/cl_st1_ph2_anna/examples/f1_neg/f1_n
eg_064.tex
Overfull \hbox (1.34204pt too wide) in paragraph at lines 1--6
[]  \TU/DejaVuSerif(0)/m/n/10 3.2.5 Com-petên-cias/Ha-bil-i-dades O Doc-u-mento
 Cur-ric-u-lar do En-sino Mé-dio para
 []

)
(/home/eyamrog/PycharmProjects/cl_st1_anna/cl_st1_ph2_anna/examples/f1_neg/f1_n
eg_065.tex
Overfull \hbox (5.20735pt too wide) in paragraph at lines 1--8
\TU/DejaVuSerif(0)/m/n/10 es-critos e out-ros, am-pliando o repertório das man-
i-fes-tações cul-tur-ais da tradição
 []

[1202])
(/home/eyamrog/PycharmProjects/cl_st1_anna/cl_st1_ph2_anna/examples/f1_neg/f1_n
eg_066.tex [1203])
(/home/eyamrog/PycharmProjects/cl_st1_anna/cl_st1_ph2_anna/examples/f1_neg/f1_n
eg_067.tex [1204])
(/home/eyamrog/PycharmProjects/cl_st1_anna/cl_st1_ph2_anna/examples/f1_neg/f1_n
eg_068.tex)
(/home/eyamrog/PycharmProjects/cl_st1_anna/cl_st1_ph2_anna/examples/f1_neg/f1_n
eg_069.tex [1205])
(/home/eyamrog/PycharmProjects/cl_st1_anna/cl_st1_ph2_anna/examples/f1_neg/f1_n
eg_070.tex
Overfull \hbox (9.86751pt too wide) in paragraph at lines 1--10
\TU/DejaVuSerif(0)/m/n/10 saúde, iden-ti-f-i-cando seus princí-pios de-ter-mi-
nantes na co-le-tivi-dade, vis-lum-brando
 []

[1206] [1207])
(/home/eyamrog/PycharmProjects/cl_st1_anna/cl_st1_ph2_anna/examples/f1_neg/f1_n
eg_071.tex)
(/home/eyamrog/PycharmProjects/cl_st1_anna/cl_st1_ph2_anna/examples/f1_neg/f1_n
eg_072.tex [1208])
(/home/eyamrog/PycharmProjects/cl_st1_anna/cl_st1_ph2_anna/examples/f1_neg/f1_n
eg_073.tex)
(/home/eyamrog/PycharmProjects/cl_st1_anna/cl_st1_ph2_anna/examples/f1_neg/f1_n
eg_074.tex [1209])
(/home/eyamrog/PycharmProjects/cl_st1_anna/cl_st1_ph2_anna/examples/f1_neg/f1_n
eg_075.tex [1210])
(/home/eyamrog/PycharmProjects/cl_st1_anna/cl_st1_ph2_anna/examples/f1_neg/f1_n
eg_076.tex [1211])
(/home/eyamrog/PycharmProjects/cl_st1_anna/cl_st1_ph2_anna/examples/f1_neg/f1_n
eg_077.tex [1212])
(/home/eyamrog/PycharmProjects/cl_st1_anna/cl_st1_ph2_anna/examples/f1_neg/f1_n
eg_078.tex
Overfull \hbox (18.90852pt too wide) in paragraph at lines 1--30
\TU/DejaVuSerif(0)/m/n/10 Unidades de En-sino da Ed-u-cação In-fan-til, con-si
derando a es-peci-fi-ci-dade necessária
 []

[1213])
(/home/eyamrog/PycharmProjects/cl_st1_anna/cl_st1_ph2_anna/examples/f1_neg/f1_n
eg_079.tex)
(/home/eyamrog/PycharmProjects/cl_st1_anna/cl_st1_ph2_anna/examples/f1_neg/f1_n
eg_080.tex [1214])
(/home/eyamrog/PycharmProjects/cl_st1_anna/cl_st1_ph2_anna/examples/f1_neg/f1_n
eg_081.tex [1215])
(/home/eyamrog/PycharmProjects/cl_st1_anna/cl_st1_ph2_anna/examples/f1_neg/f1_n
eg_082.tex)
(/home/eyamrog/PycharmProjects/cl_st1_anna/cl_st1_ph2_anna/examples/f1_neg/f1_n
eg_083.tex [1216])
(/home/eyamrog/PycharmProjects/cl_st1_anna/cl_st1_ph2_anna/examples/f1_neg/f1_n
eg_084.tex [1217])
(/home/eyamrog/PycharmProjects/cl_st1_anna/cl_st1_ph2_anna/examples/f1_neg/f1_n
eg_085.tex [1218])
(/home/eyamrog/PycharmProjects/cl_st1_anna/cl_st1_ph2_anna/examples/f1_neg/f1_n
eg_086.tex [1219])
(/home/eyamrog/PycharmProjects/cl_st1_anna/cl_st1_ph2_anna/examples/f1_neg/f1_n
eg_087.tex)
(/home/eyamrog/PycharmProjects/cl_st1_anna/cl_st1_ph2_anna/examples/f1_neg/f1_n
eg_088.tex [1220])
(/home/eyamrog/PycharmProjects/cl_st1_anna/cl_st1_ph2_anna/examples/f1_neg/f1_n
eg_089.tex)
(/home/eyamrog/PycharmProjects/cl_st1_anna/cl_st1_ph2_anna/examples/f1_neg/f1_n
eg_090.tex [1221])
(/home/eyamrog/PycharmProjects/cl_st1_anna/cl_st1_ph2_anna/examples/f1_neg/f1_n
eg_091.tex
Overfull \hbox (6.12137pt too wide) in paragraph at lines 1--13
[]  \TU/DejaVuSerif(0)/m/n/10 4. CON-CEITOS : DI-RE-ITOS E OB-JE-TIVOS DE APREN-
DIZA-GEM, CA-PACI-DADES,
 []

[1222])
(/home/eyamrog/PycharmProjects/cl_st1_anna/cl_st1_ph2_anna/examples/f1_neg/f1_n
eg_092.tex [1223])
(/home/eyamrog/PycharmProjects/cl_st1_anna/cl_st1_ph2_anna/examples/f1_neg/f1_n
eg_093.tex)
(/home/eyamrog/PycharmProjects/cl_st1_anna/cl_st1_ph2_anna/examples/f1_neg/f1_n
eg_094.tex [1224] [1225])
(/home/eyamrog/PycharmProjects/cl_st1_anna/cl_st1_ph2_anna/examples/f1_neg/f1_n
eg_095.tex [1226])
(/home/eyamrog/PycharmProjects/cl_st1_anna/cl_st1_ph2_anna/examples/f1_neg/f1_n
eg_096.tex)
(/home/eyamrog/PycharmProjects/cl_st1_anna/cl_st1_ph2_anna/examples/f1_neg/f1_n
eg_097.tex [1227])
(/home/eyamrog/PycharmProjects/cl_st1_anna/cl_st1_ph2_anna/examples/f1_neg/f1_n
eg_098.tex [1228] [1229] [1230])
(/home/eyamrog/PycharmProjects/cl_st1_anna/cl_st1_ph2_anna/examples/f1_neg/f1_n
eg_099.tex [1231])
(/home/eyamrog/PycharmProjects/cl_st1_anna/cl_st1_ph2_anna/examples/f1_neg/f1_n
eg_100.tex [1232])
(/home/eyamrog/PycharmProjects/cl_st1_anna/cl_st1_ph2_anna/examples/f1_neg/f1_n
eg_101.tex)
(/home/eyamrog/PycharmProjects/cl_st1_anna/cl_st1_ph2_anna/examples/f1_neg/f1_n
eg_102.tex)
(/home/eyamrog/PycharmProjects/cl_st1_anna/cl_st1_ph2_anna/examples/f1_neg/f1_n
eg_103.tex [1233])
(/home/eyamrog/PycharmProjects/cl_st1_anna/cl_st1_ph2_anna/examples/f1_neg/f1_n
eg_104.tex
Overfull \hbox (36.56015pt too wide) in paragraph at lines 1--9
\TU/DejaVuSerif(0)/m/n/10 FUN-DA-MEN-TAL 1. Con-hecer os as-pec-tos es-tru-tu-ra
ntes das difer-entes tradições/movi-
 []

)
(/home/eyamrog/PycharmProjects/cl_st1_anna/cl_st1_ph2_anna/examples/f1_neg/f1_n
eg_105.tex [1234])
(/home/eyamrog/PycharmProjects/cl_st1_anna/cl_st1_ph2_anna/examples/f1_neg/f1_n
eg_106.tex [1235])
(/home/eyamrog/PycharmProjects/cl_st1_anna/cl_st1_ph2_anna/examples/f1_neg/f1_n
eg_107.tex)
(/home/eyamrog/PycharmProjects/cl_st1_anna/cl_st1_ph2_anna/examples/f1_neg/f1_n
eg_108.tex [1236])
(/home/eyamrog/PycharmProjects/cl_st1_anna/cl_st1_ph2_anna/examples/f1_neg/f1_n
eg_109.tex [1237])
(/home/eyamrog/PycharmProjects/cl_st1_anna/cl_st1_ph2_anna/examples/f1_neg/f1_n
eg_110.tex)
(/home/eyamrog/PycharmProjects/cl_st1_anna/cl_st1_ph2_anna/examples/f1_neg/f1_n
eg_111.tex [1238])
(/home/eyamrog/PycharmProjects/cl_st1_anna/cl_st1_ph2_anna/examples/f1_neg/f1_n
eg_112.tex [1239])
(/home/eyamrog/PycharmProjects/cl_st1_anna/cl_st1_ph2_anna/examples/f1_neg/f1_n
eg_113.tex)
(/home/eyamrog/PycharmProjects/cl_st1_anna/cl_st1_ph2_anna/examples/f1_neg/f1_n
eg_114.tex [1240])
(/home/eyamrog/PycharmProjects/cl_st1_anna/cl_st1_ph2_anna/examples/f1_neg/f1_n
eg_115.tex)
(/home/eyamrog/PycharmProjects/cl_st1_anna/cl_st1_ph2_anna/examples/f1_neg/f1_n
eg_116.tex [1241])
(/home/eyamrog/PycharmProjects/cl_st1_anna/cl_st1_ph2_anna/examples/f1_neg/f1_n
eg_117.tex [1242])
(/home/eyamrog/PycharmProjects/cl_st1_anna/cl_st1_ph2_anna/examples/f1_neg/f1_n
eg_118.tex)
(/home/eyamrog/PycharmProjects/cl_st1_anna/cl_st1_ph2_anna/examples/f1_neg/f1_n
eg_119.tex [1243])
(/home/eyamrog/PycharmProjects/cl_st1_anna/cl_st1_ph2_anna/examples/f1_neg/f1_n
eg_120.tex)
(/home/eyamrog/PycharmProjects/cl_st1_anna/cl_st1_ph2_anna/examples/f1_neg/f1_n
eg_121.tex [1244])
(/home/eyamrog/PycharmProjects/cl_st1_anna/cl_st1_ph2_anna/examples/f1_neg/f1_n
eg_122.tex [1245])
(/home/eyamrog/PycharmProjects/cl_st1_anna/cl_st1_ph2_anna/examples/f1_neg/f1_n
eg_123.tex [1246])
(/home/eyamrog/PycharmProjects/cl_st1_anna/cl_st1_ph2_anna/examples/f1_neg/f1_n
eg_124.tex)
(/home/eyamrog/PycharmProjects/cl_st1_anna/cl_st1_ph2_anna/examples/f1_neg/f1_n
eg_125.tex [1247])
(/home/eyamrog/PycharmProjects/cl_st1_anna/cl_st1_ph2_anna/examples/f1_neg/f1_n
eg_126.tex [1248])
(/home/eyamrog/PycharmProjects/cl_st1_anna/cl_st1_ph2_anna/examples/f1_neg/f1_n
eg_127.tex
Overfull \hbox (180.82552pt too wide) in paragraph at lines 1--15
\TU/DejaVuSerif(0)/m/n/10 https://www.cia.gov/li-brary/pub-li-ca-tions/re-source
s/the-world-factbook/fields/335rank.html](https://www.cia.gov/li-
 []

[1249])
(/home/eyamrog/PycharmProjects/cl_st1_anna/cl_st1_ph2_anna/examples/f1_neg/f1_n
eg_128.tex [1250])
(/home/eyamrog/PycharmProjects/cl_st1_anna/cl_st1_ph2_anna/examples/f1_neg/f1_n
eg_129.tex)
(/home/eyamrog/PycharmProjects/cl_st1_anna/cl_st1_ph2_anna/examples/f1_neg/f1_n
eg_130.tex [1251])
(/home/eyamrog/PycharmProjects/cl_st1_anna/cl_st1_ph2_anna/examples/f1_neg/f1_n
eg_131.tex [1252])
(/home/eyamrog/PycharmProjects/cl_st1_anna/cl_st1_ph2_anna/examples/f1_neg/f1_n
eg_132.tex)
(/home/eyamrog/PycharmProjects/cl_st1_anna/cl_st1_ph2_anna/examples/f1_neg/f1_n
eg_133.tex
Overfull \hbox (1.57097pt too wide) in paragraph at lines 1--27
\TU/DejaVuSerif(0)/m/n/10 u-men-tos/2020/Ap-re-sen-ta-cao_Co-le-tiva_Im-prensa_S
aeb_2019.pdf. Acesso em 23
 []

[1253])
(/home/eyamrog/PycharmProjects/cl_st1_anna/cl_st1_ph2_anna/examples/f1_neg/f1_n
eg_134.tex [1254])
(/home/eyamrog/PycharmProjects/cl_st1_anna/cl_st1_ph2_anna/examples/f1_neg/f1_n
eg_135.tex [1255])
(/home/eyamrog/PycharmProjects/cl_st1_anna/cl_st1_ph2_anna/examples/f1_neg/f1_n
eg_136.tex [1256])
(/home/eyamrog/PycharmProjects/cl_st1_anna/cl_st1_ph2_anna/examples/f1_neg/f1_n
eg_137.tex)
(/home/eyamrog/PycharmProjects/cl_st1_anna/cl_st1_ph2_anna/examples/f1_neg/f1_n
eg_138.tex [1257])
(/home/eyamrog/PycharmProjects/cl_st1_anna/cl_st1_ph2_anna/examples/f1_neg/f1_n
eg_139.tex
Overfull \hbox (3.081pt too wide) in paragraph at lines 1--9
[]  \TU/DejaVuSerif(0)/m/n/10 MATEMÁTICA E SUAS TEC-NOLO-GIAS O bor-dado “ Fi
lé Alagoano ” é Patrimônio
 []

[1258])
(/home/eyamrog/PycharmProjects/cl_st1_anna/cl_st1_ph2_anna/examples/f1_neg/f1_n
eg_140.tex)
(/home/eyamrog/PycharmProjects/cl_st1_anna/cl_st1_ph2_anna/examples/f1_neg/f1_n
eg_141.tex [1259])
(/home/eyamrog/PycharmProjects/cl_st1_anna/cl_st1_ph2_anna/examples/f1_neg/f1_n
eg_142.tex)
(/home/eyamrog/PycharmProjects/cl_st1_anna/cl_st1_ph2_anna/examples/f1_neg/f1_n
eg_143.tex)
(/home/eyamrog/PycharmProjects/cl_st1_anna/cl_st1_ph2_anna/examples/f1_neg/f1_n
eg_144.tex [1260])
(/home/eyamrog/PycharmProjects/cl_st1_anna/cl_st1_ph2_anna/examples/f1_neg/f1_n
eg_145.tex [1261])
(/home/eyamrog/PycharmProjects/cl_st1_anna/cl_st1_ph2_anna/examples/f1_neg/f1_n
eg_146.tex)
(/home/eyamrog/PycharmProjects/cl_st1_anna/cl_st1_ph2_anna/examples/f1_neg/f1_n
eg_147.tex [1262])
(/home/eyamrog/PycharmProjects/cl_st1_anna/cl_st1_ph2_anna/examples/f1_neg/f1_n
eg_148.tex)
(/home/eyamrog/PycharmProjects/cl_st1_anna/cl_st1_ph2_anna/examples/f1_neg/f1_n
eg_149.tex [1263])
(/home/eyamrog/PycharmProjects/cl_st1_anna/cl_st1_ph2_anna/examples/f1_neg/f1_n
eg_150.tex [1264])
(/home/eyamrog/PycharmProjects/cl_st1_anna/cl_st1_ph2_anna/examples/f1_neg/f1_n
eg_151.tex)
(/home/eyamrog/PycharmProjects/cl_st1_anna/cl_st1_ph2_anna/examples/f1_neg/f1_n
eg_152.tex)
(/home/eyamrog/PycharmProjects/cl_st1_anna/cl_st1_ph2_anna/examples/f1_neg/f1_n
eg_153.tex
Overfull \hbox (0.44661pt too wide) in paragraph at lines 1--3
[]  \TU/DejaVuSerif(0)/m/n/10 Con-siderando esses pres-su-pos-tos, e em ar-tic-u
-lação com as com-petên-cias gerais
 []

[1265])
(/home/eyamrog/PycharmProjects/cl_st1_anna/cl_st1_ph2_anna/examples/f1_neg/f1_n
eg_154.tex)
(/home/eyamrog/PycharmProjects/cl_st1_anna/cl_st1_ph2_anna/examples/f1_neg/f1_n
eg_155.tex [1266])
(/home/eyamrog/PycharmProjects/cl_st1_anna/cl_st1_ph2_anna/examples/f1_neg/f1_n
eg_156.tex [1267])
(/home/eyamrog/PycharmProjects/cl_st1_anna/cl_st1_ph2_anna/examples/f1_neg/f1_n
eg_157.tex)
(/home/eyamrog/PycharmProjects/cl_st1_anna/cl_st1_ph2_anna/examples/f1_neg/f1_n
eg_158.tex [1268] [1269])
(/home/eyamrog/PycharmProjects/cl_st1_anna/cl_st1_ph2_anna/examples/f1_neg/f1_n
eg_159.tex)
(/home/eyamrog/PycharmProjects/cl_st1_anna/cl_st1_ph2_anna/examples/f1_neg/f1_n
eg_160.tex [1270])
(/home/eyamrog/PycharmProjects/cl_st1_anna/cl_st1_ph2_anna/examples/f1_neg/f1_n
eg_161.tex
Overfull \hbox (1.44736pt too wide) in paragraph at lines 1--10
[]  \TU/DejaVuSerif(0)/m/n/10 CAMPO DE EX-PER-IÊN-CIA : “ ES-PAÇOS, TEM-POS,
 QUAN-TI-DADES, RE-LAÇÕES
 []

[1271])
(/home/eyamrog/PycharmProjects/cl_st1_anna/cl_st1_ph2_anna/examples/f1_neg/f1_n
eg_162.tex)
(/home/eyamrog/PycharmProjects/cl_st1_anna/cl_st1_ph2_anna/examples/f1_neg/f1_n
eg_163.tex [1272])
(/home/eyamrog/PycharmProjects/cl_st1_anna/cl_st1_ph2_anna/examples/f1_neg/f1_n
eg_164.tex)
(/home/eyamrog/PycharmProjects/cl_st1_anna/cl_st1_ph2_anna/examples/f1_neg/f1_n
eg_165.tex
Overfull \hbox (2.91393pt too wide) in paragraph at lines 1--11
\TU/DejaVuSerif(0)/m/n/10 ” OB-JE-TIVOS DE APREN-DIZA-GEM E DE-SEN-VOLVI-MENTO
 Re-con-hecer quando
 []

[1273])
(/home/eyamrog/PycharmProjects/cl_st1_anna/cl_st1_ph2_anna/examples/f1_neg/f1_n
eg_166.tex [1274])
(/home/eyamrog/PycharmProjects/cl_st1_anna/cl_st1_ph2_anna/examples/f1_neg/f1_n
eg_167.tex [1275])
(/home/eyamrog/PycharmProjects/cl_st1_anna/cl_st1_ph2_anna/examples/f1_neg/f1_n
eg_168.tex [1276])
(/home/eyamrog/PycharmProjects/cl_st1_anna/cl_st1_ph2_anna/examples/f1_neg/f1_n
eg_169.tex)
(/home/eyamrog/PycharmProjects/cl_st1_anna/cl_st1_ph2_anna/examples/f1_neg/f1_n
eg_170.tex [1277])
(/home/eyamrog/PycharmProjects/cl_st1_anna/cl_st1_ph2_anna/examples/f1_neg/f1_n
eg_171.tex)
(/home/eyamrog/PycharmProjects/cl_st1_anna/cl_st1_ph2_anna/examples/f1_neg/f1_n
eg_172.tex [1278])
(/home/eyamrog/PycharmProjects/cl_st1_anna/cl_st1_ph2_anna/examples/f1_neg/f1_n
eg_173.tex
Overfull \hbox (7.36006pt too wide) in paragraph at lines 1--9
[]  \TU/DejaVuSerif(0)/m/n/10 COM-PETÊN-CIAS ES-PECÍ-FI-CAS DE EN-SINO RE-LI-G
IOSO PARA O EN-SINO FUN-
 []


Overfull \hbox (12.44394pt too wide) in paragraph at lines 1--9
\TU/DejaVuSerif(0)/m/n/10 DA-MEN-TAL 1. Con-hecer os as-pec-tos es-tru-tu-rantes
 das difer-entes tradições/movi-
 []

)
(/home/eyamrog/PycharmProjects/cl_st1_anna/cl_st1_ph2_anna/examples/f1_neg/f1_n
eg_174.tex
Overfull \hbox (2.8864pt too wide) in paragraph at lines 1--12
\TU/DejaVuSerif(0)/m/n/10 Anal-isar de-man-das, de-lin-ear prob-le-mas e plane-j
ar in-ves-ti-gações. Pro-por hipóte-
 []

)
(/home/eyamrog/PycharmProjects/cl_st1_anna/cl_st1_ph2_anna/examples/f1_neg/f1_n
eg_175.tex
Overfull \hbox (0.98128pt too wide) in paragraph at lines 1--3
\TU/DejaVuSerif(0)/m/n/10 Téc-nica e Profis-sional, re-comenda -se que : - In-s
ti-tu-ições ed-u-ca-cionais de menor
 []


Overfull \hbox (8.18343pt too wide) in paragraph at lines 1--3
\TU/DejaVuSerif(0)/m/n/10 porte sem out-ras in-sti-tu-ições ed-u-ca-cionais na
s ime-di-ações : ofer-tem, pelo menos,
 []

[1279])
(/home/eyamrog/PycharmProjects/cl_st1_anna/cl_st1_ph2_anna/examples/f1_neg/f1_n
eg_176.tex
Overfull \hbox (7.21712pt too wide) in paragraph at lines 1--11
\TU/DejaVuSerif(0)/m/n/10 da-dos es-te-jam in-seri-dos no Sis-tema Na-cional de In-for-ma
ções da Ed-u-cação Profis-
 []

[1280])
(/home/eyamrog/PycharmProjects/cl_st1_anna/cl_st1_ph2_anna/examples/f1_neg/f1_n
eg_177.tex
Overfull \hbox (3.84505pt too wide) in paragraph at lines 1--7
\TU/DejaVuSerif(0)/m/n/10 hece a Ed-u-cação Profis-sional como uma das modal-i
-dades da ed-u-cação, definindo
 []

)
(/home/eyamrog/PycharmProjects/cl_st1_anna/cl_st1_ph2_anna/examples/f1_neg/f1_n
eg_178.tex [1281])
(/home/eyamrog/PycharmProjects/cl_st1_anna/cl_st1_ph2_anna/examples/f1_neg/f1_n
eg_179.tex [1282])
(/home/eyamrog/PycharmProjects/cl_st1_anna/cl_st1_ph2_anna/examples/f1_neg/f1_n
eg_180.tex)
(/home/eyamrog/PycharmProjects/cl_st1_anna/cl_st1_ph2_anna/examples/f1_neg/f1_n
eg_181.tex [1283])
(/home/eyamrog/PycharmProjects/cl_st1_anna/cl_st1_ph2_anna/examples/f1_neg/f1_n
eg_182.tex [1284])
(/home/eyamrog/PycharmProjects/cl_st1_anna/cl_st1_ph2_anna/examples/f1_neg/f1_n
eg_183.tex)
(/home/eyamrog/PycharmProjects/cl_st1_anna/cl_st1_ph2_anna/examples/f1_neg/f1_n
eg_184.tex [1285])
(/home/eyamrog/PycharmProjects/cl_st1_anna/cl_st1_ph2_anna/examples/f1_neg/f1_n
eg_185.tex [1286])
(/home/eyamrog/PycharmProjects/cl_st1_anna/cl_st1_ph2_anna/examples/f1_neg/f1_n
eg_186.tex [1287])
(/home/eyamrog/PycharmProjects/cl_st1_anna/cl_st1_ph2_anna/examples/f1_neg/f1_n
eg_187.tex)
(/home/eyamrog/PycharmProjects/cl_st1_anna/cl_st1_ph2_anna/examples/f1_neg/f1_n
eg_188.tex
Overfull \hbox (12.73853pt too wide) in paragraph at lines 1--19
[]  \TU/DejaVuSerif(0)/m/n/10 Ed-u-cação no Trân-sito A mu-dança de com-por-
ta-mento de con-du-tores e de pedestres
 []

[1288])
(/home/eyamrog/PycharmProjects/cl_st1_anna/cl_st1_ph2_anna/examples/f1_neg/f1_n
eg_189.tex [1289])
(/home/eyamrog/PycharmProjects/cl_st1_anna/cl_st1_ph2_anna/examples/f1_neg/f1_n
eg_190.tex [1290] [1291])
(/home/eyamrog/PycharmProjects/cl_st1_anna/cl_st1_ph2_anna/examples/f1_neg/f1_n
eg_191.tex [1292])
(/home/eyamrog/PycharmProjects/cl_st1_anna/cl_st1_ph2_anna/examples/f1_neg/f1_n
eg_192.tex)
(/home/eyamrog/PycharmProjects/cl_st1_anna/cl_st1_ph2_anna/examples/f1_neg/f1_n
eg_193.tex [1293])
(/home/eyamrog/PycharmProjects/cl_st1_anna/cl_st1_ph2_anna/examples/f1_neg/f1_n
eg_194.tex [1294])
(/home/eyamrog/PycharmProjects/cl_st1_anna/cl_st1_ph2_anna/examples/f1_neg/f1_n
eg_195.tex)
(/home/eyamrog/PycharmProjects/cl_st1_anna/cl_st1_ph2_anna/examples/f1_neg/f1_n
eg_196.tex [1295])
(/home/eyamrog/PycharmProjects/cl_st1_anna/cl_st1_ph2_anna/examples/f1_neg/f1_n
eg_197.tex
Overfull \hbox (2.83896pt too wide) in paragraph at lines 1--14
[]  \TU/DejaVuSerif(0)/m/n/10 LÍN-GUA ES-PAN-HOLA O pre-sente Cur-rículo pre-c
oniza a con-tinuidade do caráter
 []

[1296])
(/home/eyamrog/PycharmProjects/cl_st1_anna/cl_st1_ph2_anna/examples/f1_neg/f1_n
eg_198.tex [1297])
(/home/eyamrog/PycharmProjects/cl_st1_anna/cl_st1_ph2_anna/examples/f1_neg/f1_n
eg_199.tex
Overfull \hbox (2.37427pt too wide) in paragraph at lines 1--19
\TU/DejaVuSerif(0)/m/n/10 dis-cu-tida en-tre os profis-sion-ais da ed-u-cação A hu-manidade, ao longo da hist
ória,
 []

[1298])
(/home/eyamrog/PycharmProjects/cl_st1_anna/cl_st1_ph2_anna/examples/f1_neg/f1_n
eg_200.tex [1299])
(/home/eyamrog/PycharmProjects/cl_st1_anna/cl_st1_ph2_anna/examples/f1_neg/f1_n
eg_201.tex [1300])
(/home/eyamrog/PycharmProjects/cl_st1_anna/cl_st1_ph2_anna/examples/f1_neg/f1_n
eg_202.tex)
(/home/eyamrog/PycharmProjects/cl_st1_anna/cl_st1_ph2_anna/examples/f1_neg/f1_n
eg_203.tex [1301])
(/home/eyamrog/PycharmProjects/cl_st1_anna/cl_st1_ph2_anna/examples/f1_neg/f1_n
eg_204.tex)
(/home/eyamrog/PycharmProjects/cl_st1_anna/cl_st1_ph2_anna/examples/f1_neg/f1_n
eg_205.tex [1302])
(/home/eyamrog/PycharmProjects/cl_st1_anna/cl_st1_ph2_anna/examples/f1_neg/f1_n
eg_206.tex)
(/home/eyamrog/PycharmProjects/cl_st1_anna/cl_st1_ph2_anna/examples/f1_neg/f1_n
eg_207.tex [1303])
(/home/eyamrog/PycharmProjects/cl_st1_anna/cl_st1_ph2_anna/examples/f1_neg/f1_n
eg_208.tex)
(/home/eyamrog/PycharmProjects/cl_st1_anna/cl_st1_ph2_anna/examples/f1_neg/f1_n
eg_209.tex [1304])
(/home/eyamrog/PycharmProjects/cl_st1_anna/cl_st1_ph2_anna/examples/f1_neg/f1_n
eg_210.tex [1305])
(/home/eyamrog/PycharmProjects/cl_st1_anna/cl_st1_ph2_anna/examples/f1_neg/f1_n
eg_211.tex [1306])
(/home/eyamrog/PycharmProjects/cl_st1_anna/cl_st1_ph2_anna/examples/f1_neg/f1_n
eg_212.tex)
(/home/eyamrog/PycharmProjects/cl_st1_anna/cl_st1_ph2_anna/examples/f1_neg/f1_n
eg_213.tex [1307])
(/home/eyamrog/PycharmProjects/cl_st1_anna/cl_st1_ph2_anna/examples/f1_neg/f1_n
eg_214.tex [1308])
(/home/eyamrog/PycharmProjects/cl_st1_anna/cl_st1_ph2_anna/examples/f1_neg/f1_n
eg_215.tex)
(/home/eyamrog/PycharmProjects/cl_st1_anna/cl_st1_ph2_anna/examples/f1_neg/f1_n
eg_216.tex [1309])
(/home/eyamrog/PycharmProjects/cl_st1_anna/cl_st1_ph2_anna/examples/f1_neg/f1_n
eg_217.tex [1310])
(/home/eyamrog/PycharmProjects/cl_st1_anna/cl_st1_ph2_anna/examples/f1_neg/f1_n
eg_218.tex)
(/home/eyamrog/PycharmProjects/cl_st1_anna/cl_st1_ph2_anna/examples/f1_neg/f1_n
eg_219.tex
Overfull \hbox (9.8278pt too wide) in paragraph at lines 1--11
[]  \TU/DejaVuSerif(0)/m/n/10 2.3. Or-ga-ni-za-ção das Ha-bil-i-dades e dos Ob
-je-tos de Con-hec-i-mento em Matemática
 []

[1311])
(/home/eyamrog/PycharmProjects/cl_st1_anna/cl_st1_ph2_anna/examples/f1_neg/f1_n
eg_220.tex [1312])
(/home/eyamrog/PycharmProjects/cl_st1_anna/cl_st1_ph2_anna/examples/f1_neg/f1_n
eg_221.tex [1313])
(/home/eyamrog/PycharmProjects/cl_st1_anna/cl_st1_ph2_anna/examples/f1_neg/f1_n
eg_222.tex [1314] [1315])
(/home/eyamrog/PycharmProjects/cl_st1_anna/cl_st1_ph2_anna/examples/f1_neg/f1_n
eg_223.tex)
(/home/eyamrog/PycharmProjects/cl_st1_anna/cl_st1_ph2_anna/examples/f1_neg/f1_n
eg_224.tex)
(/home/eyamrog/PycharmProjects/cl_st1_anna/cl_st1_ph2_anna/examples/f1_neg/f1_n
eg_225.tex [1316])
(/home/eyamrog/PycharmProjects/cl_st1_anna/cl_st1_ph2_anna/examples/f1_neg/f1_n
eg_226.tex [1317])
(/home/eyamrog/PycharmProjects/cl_st1_anna/cl_st1_ph2_anna/examples/f1_neg/f1_n
eg_227.tex [1318])
(/home/eyamrog/PycharmProjects/cl_st1_anna/cl_st1_ph2_anna/examples/f1_neg/f1_n
eg_228.tex [1319])
(/home/eyamrog/PycharmProjects/cl_st1_anna/cl_st1_ph2_anna/examples/f1_neg/f1_n
eg_229.tex [1320])
(/home/eyamrog/PycharmProjects/cl_st1_anna/cl_st1_ph2_anna/examples/f1_neg/f1_n
eg_230.tex)
(/home/eyamrog/PycharmProjects/cl_st1_anna/cl_st1_ph2_anna/examples/f1_neg/f1_n
eg_231.tex
Overfull \hbox (6.58456pt too wide) in paragraph at lines 1--7
[]  \TU/DejaVuSerif(0)/m/n/10 14.1. CON-TEÚ-DOS/IN-TER-DIS-CI-PLINAR-I-DADE/CON
-TEX-TU-AL-IZA-ÇÃO Em con-
 []

[1321])
(/home/eyamrog/PycharmProjects/cl_st1_anna/cl_st1_ph2_anna/examples/f1_neg/f1_n
eg_232.tex)
(/home/eyamrog/PycharmProjects/cl_st1_anna/cl_st1_ph2_anna/examples/f1_neg/f1_n
eg_233.tex [1322])
(/home/eyamrog/PycharmProjects/cl_st1_anna/cl_st1_ph2_anna/examples/f1_neg/f1_n
eg_234.tex [1323])
(/home/eyamrog/PycharmProjects/cl_st1_anna/cl_st1_ph2_anna/examples/f1_neg/f1_n
eg_235.tex
Overfull \hbox (10.35384pt too wide) in paragraph at lines 1--14
\TU/DejaVuSerif(0)/m/n/10 matemáti-cos, de-sen-vol-vendo a au-toes-tima e a per
-se-ver-ança na busca de soluções.
 []

)
(/home/eyamrog/PycharmProjects/cl_st1_anna/cl_st1_ph2_anna/examples/f1_neg/f1_n
eg_236.tex [1324])
(/home/eyamrog/PycharmProjects/cl_st1_anna/cl_st1_ph2_anna/examples/f1_neg/f1_n
eg_237.tex [1325])
(/home/eyamrog/PycharmProjects/cl_st1_anna/cl_st1_ph2_anna/examples/f1_neg/f1_n
eg_238.tex [1326])
(/home/eyamrog/PycharmProjects/cl_st1_anna/cl_st1_ph2_anna/examples/f1_neg/f1_n
eg_239.tex
Overfull \hbox (12.55598pt too wide) in paragraph at lines 1--13
\TU/DejaVuSerif(0)/m/n/10 mente práti-cas e pro-duções artís-ti-cas e cul-tu
r-ais do seu en-torno so-cial, patrimônio
 []


Overfull \hbox (16.4593pt too wide) in paragraph at lines 1--13
\TU/DejaVuSerif(0)/m/n/10 ma-te-rial e ima-te-rial, dos povos in-dí-ge-nas, das
 co-mu-nidades tradi-cionais brasileiras
 []

)
(/home/eyamrog/PycharmProjects/cl_st1_anna/cl_st1_ph2_anna/examples/f1_neg/f1_n
eg_240.tex [1327])
(/home/eyamrog/PycharmProjects/cl_st1_anna/cl_st1_ph2_anna/examples/f1_neg/f1_n
eg_241.tex)
(/home/eyamrog/PycharmProjects/cl_st1_anna/cl_st1_ph2_anna/examples/f1_neg/f1_n
eg_242.tex [1328])
(/home/eyamrog/PycharmProjects/cl_st1_anna/cl_st1_ph2_anna/examples/f1_neg/f1_n
eg_243.tex)
(/home/eyamrog/PycharmProjects/cl_st1_anna/cl_st1_ph2_anna/examples/f1_neg/f1_n
eg_244.tex
Overfull \hbox (6.50618pt too wide) in paragraph at lines 1--11
\TU/DejaVuSerif(0)/m/n/10 cesso per-ma-nente e sis-temático de tra-balho ed-u-c
a-cional, cen-trado no Patrimônio
 []


Overfull \hbox (0.52019pt too wide) in paragraph at lines 1--11
\TU/DejaVuSerif(0)/m/n/10 co-le-tivo. Por-tanto, ao im-plan-tar-mos a Ed-u-ca
ção Pat-ri-mo-nial, de forma transver-
 []

[1329])
(/home/eyamrog/PycharmProjects/cl_st1_anna/cl_st1_ph2_anna/examples/f1_neg/f1_n
eg_245.tex [1330])
(/home/eyamrog/PycharmProjects/cl_st1_anna/cl_st1_ph2_anna/examples/f1_neg/f1_n
eg_246.tex
Missing character: There is no ° (U+00B0) in font nullfont!
Missing character: There is no ° (U+00B0) in font nullfont!
Missing character: There is no ° (U+00B0) in font nullfont!
Missing character: There is no ° (U+00B0) in font nullfont!
Missing character: There is no ° (U+00B0) in font nullfont!
Missing character: There is no ° (U+00B0) in font nullfont!
[1331
Missing character: There is no ° (U+00B0) in font nullfont!
Missing character: There is no ° (U+00B0) in font nullfont!
Missing character: There is no ° (U+00B0) in font nullfont!
])
(/home/eyamrog/PycharmProjects/cl_st1_anna/cl_st1_ph2_anna/examples/f1_neg/f1_n
eg_247.tex)
(/home/eyamrog/PycharmProjects/cl_st1_anna/cl_st1_ph2_anna/examples/f1_neg/f1_n
eg_248.tex
Missing character: There is no ° (U+00B0) in font nullfont!
Missing character: There is no ° (U+00B0) in font nullfont!
[1332])
(/home/eyamrog/PycharmProjects/cl_st1_anna/cl_st1_ph2_anna/examples/f1_neg/f1_n
eg_249.tex [1333
Missing character: There is no ° (U+00B0) in font nullfont!
])
(/home/eyamrog/PycharmProjects/cl_st1_anna/cl_st1_ph2_anna/examples/f1_neg/f1_n
eg_250.tex [1334])
(/home/eyamrog/PycharmProjects/cl_st1_anna/cl_st1_ph2_anna/examples/f1_neg/f1_n
eg_251.tex)
(/home/eyamrog/PycharmProjects/cl_st1_anna/cl_st1_ph2_anna/examples/f1_neg/f1_n
eg_252.tex [1335])
(/home/eyamrog/PycharmProjects/cl_st1_anna/cl_st1_ph2_anna/examples/f1_neg/f1_n
eg_253.tex [1336])
(/home/eyamrog/PycharmProjects/cl_st1_anna/cl_st1_ph2_anna/examples/f1_neg/f1_n
eg_254.tex)
(/home/eyamrog/PycharmProjects/cl_st1_anna/cl_st1_ph2_anna/examples/f1_neg/f1_n
eg_255.tex [1337])
(/home/eyamrog/PycharmProjects/cl_st1_anna/cl_st1_ph2_anna/examples/f1_neg/f1_n
eg_256.tex
Missing character: There is no ° (U+00B0) in font nullfont!
Missing character: There is no ° (U+00B0) in font nullfont!
[1338
Missing character: There is no ° (U+00B0) in font nullfont!
])
(/home/eyamrog/PycharmProjects/cl_st1_anna/cl_st1_ph2_anna/examples/f1_neg/f1_n
eg_257.tex [1339] [1340])
(/home/eyamrog/PycharmProjects/cl_st1_anna/cl_st1_ph2_anna/examples/f1_neg/f1_n
eg_258.tex [1341])
(/home/eyamrog/PycharmProjects/cl_st1_anna/cl_st1_ph2_anna/examples/f1_neg/f1_n
eg_259.tex [1342])
(/home/eyamrog/PycharmProjects/cl_st1_anna/cl_st1_ph2_anna/examples/f1_neg/f1_n
eg_260.tex [1343])
(/home/eyamrog/PycharmProjects/cl_st1_anna/cl_st1_ph2_anna/examples/f1_neg/f1_n
eg_261.tex [1344])
(/home/eyamrog/PycharmProjects/cl_st1_anna/cl_st1_ph2_anna/examples/f1_neg/f1_n
eg_262.tex)
(/home/eyamrog/PycharmProjects/cl_st1_anna/cl_st1_ph2_anna/examples/f1_neg/f1_n
eg_263.tex [1345])
(/home/eyamrog/PycharmProjects/cl_st1_anna/cl_st1_ph2_anna/examples/f1_neg/f1_n
eg_264.tex [1346])
(/home/eyamrog/PycharmProjects/cl_st1_anna/cl_st1_ph2_anna/examples/f1_neg/f1_n
eg_265.tex [1347] [1348])
(/home/eyamrog/PycharmProjects/cl_st1_anna/cl_st1_ph2_anna/examples/f1_neg/f1_n
eg_266.tex [1349])
(/home/eyamrog/PycharmProjects/cl_st1_anna/cl_st1_ph2_anna/examples/f1_neg/f1_n
eg_267.tex)
(/home/eyamrog/PycharmProjects/cl_st1_anna/cl_st1_ph2_anna/examples/f1_neg/f1_n
eg_268.tex [1350])
(/home/eyamrog/PycharmProjects/cl_st1_anna/cl_st1_ph2_anna/examples/f1_neg/f1_n
eg_269.tex)
(/home/eyamrog/PycharmProjects/cl_st1_anna/cl_st1_ph2_anna/examples/f1_neg/f1_n
eg_270.tex [1351] [1352])
(/home/eyamrog/PycharmProjects/cl_st1_anna/cl_st1_ph2_anna/examples/f1_neg/f1_n
eg_271.tex)
(/home/eyamrog/PycharmProjects/cl_st1_anna/cl_st1_ph2_anna/examples/f1_neg/f1_n
eg_272.tex [1353])
(/home/eyamrog/PycharmProjects/cl_st1_anna/cl_st1_ph2_anna/examples/f1_neg/f1_n
eg_273.tex)
(/home/eyamrog/PycharmProjects/cl_st1_anna/cl_st1_ph2_anna/examples/f1_neg/f1_n
eg_274.tex [1354])
(/home/eyamrog/PycharmProjects/cl_st1_anna/cl_st1_ph2_anna/examples/f1_neg/f1_n
eg_275.tex
Overfull \hbox (12.4809pt too wide) in paragraph at lines 1--12
\TU/DejaVuSerif(0)/m/n/10 com-petên-cias es-pecí-fi-cas. LIN-GUA-GENS EN-SINO FUN-DA-MEN-TAL COM-PET
ÊN-
 []

[1355])
(/home/eyamrog/PycharmProjects/cl_st1_anna/cl_st1_ph2_anna/examples/f1_neg/f1_n
eg_276.tex
Overfull \hbox (11.30598pt too wide) in paragraph at lines 1--5
\TU/DejaVuSerif(0)/m/n/10 lares, teórico-metodológicas e op-era-cionais para 
a im-plan-tação/acom-pan-hamento
 []

)
(/home/eyamrog/PycharmProjects/cl_st1_anna/cl_st1_ph2_anna/examples/f1_neg/f1_n
eg_277.tex [1356])
(/home/eyamrog/PycharmProjects/cl_st1_anna/cl_st1_ph2_anna/examples/f1_neg/f1_n
eg_278.tex
Missing character: There is no ° (U+00B0) in font nullfont!

Overfull \hbox (0.33513pt too wide) in paragraph at lines 1--40
[]  \TU/DejaVuSerif(0)/m/n/10 Unidade Cur-ric-u-lar 1 - A Matemática nos el-e-m
en-tos da na-tureza “ A Matemática
 []

Missing character: There is no ° (U+00B0) in font nullfont!
[1357] [1358])
(/home/eyamrog/PycharmProjects/cl_st1_anna/cl_st1_ph2_anna/examples/f1_neg/f1_n
eg_279.tex
Overfull \hbox (19.07881pt too wide) in paragraph at lines 1--37
[]  \TU/DejaVuSerif(0)/m/n/10 6.2 OFERTA DE ITIN-ERÁRIOS FOR-MA-TIVOS DE FOR-MA
ÇÃO TÉC-NICA E PROFIS-
 []

[1359
Missing character: There is no ° (U+00B0) in font nullfont!
] [1360] [1361])
(/home/eyamrog/PycharmProjects/cl_st1_anna/cl_st1_ph2_anna/examples/f1_neg/f1_n
eg_280.tex [1362])
(/home/eyamrog/PycharmProjects/cl_st1_anna/cl_st1_ph2_anna/examples/f2_pos/f2_p
os_001.tex [1363] [1364])
(/home/eyamrog/PycharmProjects/cl_st1_anna/cl_st1_ph2_anna/examples/f2_pos/f2_p
os_002.tex
Overfull \hbox (25.51924pt too wide) in paragraph at lines 1--96
\TU/DejaVuSerif(0)/m/n/10 RE-ITOS HU-MANOS, DE CUL-TURAS E DE PRO-DUÇÃO DE AL-
I-MEN-TOS SAUDÁVEIS
 []

[1365] [1366] [1367] [1368] [1369] [1370] [1371] [1372] [1373] [1374] [1375])
(/home/eyamrog/PycharmProjects/cl_st1_anna/cl_st1_ph2_anna/examples/f2_pos/f2_p
os_003.tex [1376] [1377] [1378] [1379] [1380] [1381] [1382])
(/home/eyamrog/PycharmProjects/cl_st1_anna/cl_st1_ph2_anna/examples/f2_pos/f2_p
os_004.tex [1383] [1384] [1385] [1386])
(/home/eyamrog/PycharmProjects/cl_st1_anna/cl_st1_ph2_anna/examples/f2_pos/f2_p
os_005.tex
Overfull \hbox (5.58994pt too wide) in paragraph at lines 1--65
[]  \TU/DejaVuSerif(0)/m/n/10 1.5 ED-U-CAÇÃO ES-CO-LAR IN-DÍ-GENA His-tori-ca
-mente, os povos in-dí-ge-nas foram
 []

[1387] [1388] [1389] [1390])
(/home/eyamrog/PycharmProjects/cl_st1_anna/cl_st1_ph2_anna/examples/f2_pos/f2_p
os_006.tex
Overfull \hbox (0.80666pt too wide) in paragraph at lines 1--60
[]  \TU/DejaVuSerif(0)/m/n/10 1 FOR-MAÇÃO GERAL BÁSICA A re-or-ga-ni-za-ç
ão cur-ric-u-lar pro-posta para o Novo
 []

[1391] [1392] [1393] [1394])
(/home/eyamrog/PycharmProjects/cl_st1_anna/cl_st1_ph2_anna/examples/f2_pos/f2_p
os_007.tex [1395] [1396] [1397])
(/home/eyamrog/PycharmProjects/cl_st1_anna/cl_st1_ph2_anna/examples/f2_pos/f2_p
os_008.tex [1398])
(/home/eyamrog/PycharmProjects/cl_st1_anna/cl_st1_ph2_anna/examples/f2_pos/f2_p
os_009.tex
Missing character: There is no ° (U+00B0) in font nullfont!
Missing character: There is no ° (U+00B0) in font nullfont!
[1399] [1400])
(/home/eyamrog/PycharmProjects/cl_st1_anna/cl_st1_ph2_anna/examples/f2_pos/f2_p
os_010.tex [1401
Missing character: There is no ° (U+00B0) in font nullfont!
] [1402])
(/home/eyamrog/PycharmProjects/cl_st1_anna/cl_st1_ph2_anna/examples/f2_pos/f2_p
os_011.tex
Overfull \hbox (3.16888pt too wide) in paragraph at lines 1--83
[]  \TU/DejaVuSerif(0)/m/n/10 5.6 TER-RITÓRIOS E TER-RI-TO-RI-AL-I-DADES DAS PO
P-U-LAÇÕES TRADI-CIONAIS
 []

[1403] [1404] [1405] [1406] [1407])
(/home/eyamrog/PycharmProjects/cl_st1_anna/cl_st1_ph2_anna/examples/f2_pos/f2_p
os_012.tex
Overfull \hbox (2.9759pt too wide) in paragraph at lines 1--18
[]  \TU/DejaVuSerif(0)/m/n/10 Os eixos es-tru-tu-rantes pos-suem grande relev
ân-cia, posto que cumprem a função
 []


Overfull \hbox (0.347pt too wide) in paragraph at lines 1--18
\TU/DejaVuSerif(0)/m/n/10 per-mitindo sua for-mação in-te-gral a par-tir de um
a for-mação so-cial/cidadã conec-
 []

[1408] [1409])
(/home/eyamrog/PycharmProjects/cl_st1_anna/cl_st1_ph2_anna/examples/f2_pos/f2_p
os_013.tex
Overfull \hbox (10.32814pt too wide) in paragraph at lines 1--46
[]  \TU/DejaVuSerif(0)/m/n/10 5.7 IDEN-TI-DADES E TER-RITÓRIOS CATARI-NENSES : CON-CEP
ÇÕES, AVANÇOS
 []

[1410] [1411] [1412] [1413] [1414])
(/home/eyamrog/PycharmProjects/cl_st1_anna/cl_st1_ph2_anna/examples/f2_pos/f2_p
os_014.tex [1415] [1416] [1417])
(/home/eyamrog/PycharmProjects/cl_st1_anna/cl_st1_ph2_anna/examples/f2_pos/f2_p
os_015.tex [1418] [1419] [1420] [1421] [1422] [1423])
(/home/eyamrog/PycharmProjects/cl_st1_anna/cl_st1_ph2_anna/examples/f2_pos/f2_p
os_016.tex [1424] [1425] [1426])
(/home/eyamrog/PycharmProjects/cl_st1_anna/cl_st1_ph2_anna/examples/f2_pos/f2_p
os_017.tex [1427] [1428] [1429] [1430])
(/home/eyamrog/PycharmProjects/cl_st1_anna/cl_st1_ph2_anna/examples/f2_pos/f2_p
os_018.tex
Overfull \hbox (15.0638pt too wide) in paragraph at lines 1--110
[]  \TU/DejaVuSerif(0)/m/n/10 5.5.4 Or-ga-ni-za-ção das unidades cur-ric-u-lar
es da trilha de apro-fun-da-mento Unidade
 []

[1431] [1432] [1433] [1434] [1435] [1436] [1437] [1438] [1439] [1440])
(/home/eyamrog/PycharmProjects/cl_st1_anna/cl_st1_ph2_anna/examples/f2_pos/f2_p
os_019.tex [1441] [1442] [1443] [1444] [1445] [1446] [1447])
(/home/eyamrog/PycharmProjects/cl_st1_anna/cl_st1_ph2_anna/examples/f2_pos/f2_p
os_020.tex
Missing character: There is no ° (U+00B0) in font nullfont!
Missing character: There is no ° (U+00B0) in font nullfont!
Missing character: There is no ° (U+00B0) in font nullfont!
Missing character: There is no ° (U+00B0) in font nullfont!
Missing character: There is no ° (U+00B0) in font nullfont!
Missing character: There is no ° (U+00B0) in font nullfont!
Missing character: There is no ° (U+00B0) in font nullfont!
Missing character: There is no ° (U+00B0) in font nullfont!
Missing character: There is no ° (U+00B0) in font nullfont!
Missing character: There is no ° (U+00B0) in font nullfont!
Missing character: There is no ° (U+00B0) in font nullfont!
Missing character: There is no ° (U+00B0) in font nullfont!
Missing character: There is no ° (U+00B0) in font nullfont!
Missing character: There is no ° (U+00B0) in font nullfont!
Missing character: There is no ° (U+00B0) in font nullfont!
Missing character: There is no ° (U+00B0) in font nullfont!
Missing character: There is no ° (U+00B0) in font nullfont!
Missing character: There is no ° (U+00B0) in font nullfont!
Missing character: There is no ° (U+00B0) in font nullfont!
Missing character: There is no ° (U+00B0) in font nullfont!
Missing character: There is no ° (U+00B0) in font nullfont!
Missing character: There is no ° (U+00B0) in font nullfont!
Missing character: There is no ° (U+00B0) in font nullfont!
Missing character: There is no ° (U+00B0) in font nullfont!
Missing character: There is no ° (U+00B0) in font nullfont!
Missing character: There is no ° (U+00B0) in font nullfont!
Missing character: There is no ° (U+00B0) in font nullfont!
Missing character: There is no ° (U+00B0) in font nullfont!
Missing character: There is no ° (U+00B0) in font nullfont!
Missing character: There is no ° (U+00B0) in font nullfont!
Missing character: There is no ° (U+00B0) in font nullfont!
Missing character: There is no ° (U+00B0) in font nullfont!
Missing character: There is no ° (U+00B0) in font nullfont!

Overfull \hbox (10.38118pt too wide) in paragraph at lines 1--38
\TU/DejaVuSerif(0)/m/n/10 diversidades-e-os-temas-que-oscompoem/7377-caderno-pol
itica-de-educacao-do-
 []

Missing character: There is no ° (U+00B0) in font nullfont!
[1448
Missing character: There is no ° (U+00B0) in font nullfont!
Missing character: There is no ° (U+00B0) in font nullfont!
Missing character: There is no ° (U+00B0) in font nullfont!
] [1449
Missing character: There is no ° (U+00B0) in font nullfont!
Missing character: There is no ° (U+00B0) in font nullfont!
Missing character: There is no ° (U+00B0) in font nullfont!
Missing character: There is no ° (U+00B0) in font nullfont!
Missing character: There is no ° (U+00B0) in font nullfont!
] [1450
Missing character: There is no ° (U+00B0) in font nullfont!
Missing character: There is no ° (U+00B0) in font nullfont!
Missing character: There is no ° (U+00B0) in font nullfont!
Missing character: There is no ° (U+00B0) in font nullfont!
Missing character: There is no ° (U+00B0) in font nullfont!
Missing character: There is no ° (U+00B0) in font nullfont!
Missing character: There is no ° (U+00B0) in font nullfont!
Missing character: There is no ° (U+00B0) in font nullfont!
])
(/home/eyamrog/PycharmProjects/cl_st1_anna/cl_st1_ph2_anna/examples/f2_pos/f2_p
os_021.tex [1451] [1452] [1453] [1454] [1455])
(/home/eyamrog/PycharmProjects/cl_st1_anna/cl_st1_ph2_anna/examples/f2_pos/f2_p
os_022.tex [1456] [1457] [1458] [1459] [1460] [1461])
(/home/eyamrog/PycharmProjects/cl_st1_anna/cl_st1_ph2_anna/examples/f2_pos/f2_p
os_023.tex [1462] [1463] [1464])
(/home/eyamrog/PycharmProjects/cl_st1_anna/cl_st1_ph2_anna/examples/f2_pos/f2_p
os_024.tex
Overfull \hbox (21.81868pt too wide) in paragraph at lines 1--34
\TU/DejaVuSerif(0)/m/n/10 pre-ciso con-sid-erar as condições ob-je-ti-vas e su
b-je-ti-vas dos in-di-ví-duos, que abrangem
 []


Overfull \hbox (20.46858pt too wide) in paragraph at lines 1--34
\TU/DejaVuSerif(0)/m/n/10 di-cadores : es-tu-dos so-cioe-conômi-cos, plane-ja-m
ento de de-sen-volvi-mento econômico
 []


Overfull \hbox (7.44566pt too wide) in paragraph at lines 1--34
\TU/DejaVuSerif(0)/m/n/10 cais. - IN-FRAESTRU-TURA - RE-CUR-SOS HU-MANOS - PO-TE
N-CIAL ECONÔMICO
 []

[1465] [1466] [1467])
(/home/eyamrog/PycharmProjects/cl_st1_anna/cl_st1_ph2_anna/examples/f2_pos/f2_p
os_025.tex
Overfull \hbox (4.01888pt too wide) in paragraph at lines 1--60
[]  \TU/DejaVuSerif(0)/m/n/10 3.4 Ciên-cias Hu-manas e So-ci-ais Apli-cadas As apren-diza-gens essen-ci-ais definidas
 []

[1468] [1469] [1470] [1471])
(/home/eyamrog/PycharmProjects/cl_st1_anna/cl_st1_ph2_anna/examples/f2_pos/f2_p
os_026.tex [1472] [1473])
(/home/eyamrog/PycharmProjects/cl_st1_anna/cl_st1_ph2_anna/examples/f2_pos/f2_p
os_027.tex [1474] [1475])
(/home/eyamrog/PycharmProjects/cl_st1_anna/cl_st1_ph2_anna/examples/f2_pos/f2_p
os_028.tex [1476] [1477] [1478])
(/home/eyamrog/PycharmProjects/cl_st1_anna/cl_st1_ph2_anna/examples/f2_pos/f2_p
os_029.tex [1479] [1480] [1481] [1482] [1483] [1484])
(/home/eyamrog/PycharmProjects/cl_st1_anna/cl_st1_ph2_anna/examples/f2_pos/f2_p
os_030.tex [1485] [1486] [1487] [1488])
(/home/eyamrog/PycharmProjects/cl_st1_anna/cl_st1_ph2_anna/examples/f2_pos/f2_p
os_031.tex [1489] [1490] [1491] [1492] [1493] [1494] [1495] [1496] [1497]
[1498])
(/home/eyamrog/PycharmProjects/cl_st1_anna/cl_st1_ph2_anna/examples/f2_pos/f2_p
os_032.tex [1499] [1500] [1501] [1502] [1503])
(/home/eyamrog/PycharmProjects/cl_st1_anna/cl_st1_ph2_anna/examples/f2_pos/f2_p
os_033.tex [1504] [1505] [1506] [1507])
(/home/eyamrog/PycharmProjects/cl_st1_anna/cl_st1_ph2_anna/examples/f2_pos/f2_p
os_034.tex
Missing character: There is no ° (U+00B0) in font nullfont!
Missing character: There is no ° (U+00B0) in font nullfont!
Missing character: There is no ° (U+00B0) in font nullfont!
Missing character: There is no ° (U+00B0) in font nullfont!
[1508] [1509
Missing character: There is no ° (U+00B0) in font nullfont!
Missing character: There is no ° (U+00B0) in font nullfont!
] [1510] [1511] [1512] [1513])
(/home/eyamrog/PycharmProjects/cl_st1_anna/cl_st1_ph2_anna/examples/f2_pos/f2_p
os_035.tex
Missing character: There is no ° (U+00B0) in font nullfont!
Missing character: There is no ° (U+00B0) in font nullfont!
[1514] [1515] [1516
Missing character: There is no ° (U+00B0) in font nullfont!
] [1517])
(/home/eyamrog/PycharmProjects/cl_st1_anna/cl_st1_ph2_anna/examples/f2_pos/f2_p
os_036.tex [1518] [1519] [1520])
(/home/eyamrog/PycharmProjects/cl_st1_anna/cl_st1_ph2_anna/examples/f2_pos/f2_p
os_037.tex [1521] [1522])
(/home/eyamrog/PycharmProjects/cl_st1_anna/cl_st1_ph2_anna/examples/f2_pos/f2_p
os_038.tex [1523] [1524])
(/home/eyamrog/PycharmProjects/cl_st1_anna/cl_st1_ph2_anna/examples/f2_pos/f2_p
os_039.tex
Overfull \hbox (13.5129pt too wide) in paragraph at lines 1--34
[]  \TU/DejaVuSerif(0)/m/n/10 5.1. ED-U-CAÇÃO AN-TIR-RACISTA, EN-SINO DA HIST
ÓRIA E CUL-TURA AFRICANA
 []

[1525] [1526] [1527])
(/home/eyamrog/PycharmProjects/cl_st1_anna/cl_st1_ph2_anna/examples/f2_pos/f2_p
os_040.tex [1528] [1529])
(/home/eyamrog/PycharmProjects/cl_st1_anna/cl_st1_ph2_anna/examples/f2_pos/f2_p
os_041.tex [1530] [1531] [1532] [1533])
(/home/eyamrog/PycharmProjects/cl_st1_anna/cl_st1_ph2_anna/examples/f2_pos/f2_p
os_042.tex
Overfull \hbox (0.58415pt too wide) in paragraph at lines 1--15
\TU/DejaVuSerif(0)/m/n/10 nº 9.394/96 pre-coniza a ed-u-cação profis-sional 
e tec-nológ-ica ( EPT ) como modal-
 []

[1534] [1535])
(/home/eyamrog/PycharmProjects/cl_st1_anna/cl_st1_ph2_anna/examples/f2_pos/f2_p
os_043.tex [1536] [1537] [1538])
(/home/eyamrog/PycharmProjects/cl_st1_anna/cl_st1_ph2_anna/examples/f2_pos/f2_p
os_044.tex [1539] [1540] [1541] [1542])
(/home/eyamrog/PycharmProjects/cl_st1_anna/cl_st1_ph2_anna/examples/f2_pos/f2_p
os_045.tex [1543] [1544] [1545])
(/home/eyamrog/PycharmProjects/cl_st1_anna/cl_st1_ph2_anna/examples/f2_pos/f2_p
os_046.tex [1546] [1547])
(/home/eyamrog/PycharmProjects/cl_st1_anna/cl_st1_ph2_anna/examples/f2_pos/f2_p
os_047.tex [1548] [1549])
(/home/eyamrog/PycharmProjects/cl_st1_anna/cl_st1_ph2_anna/examples/f2_pos/f2_p
os_048.tex [1550] [1551] [1552] [1553] [1554] [1555] [1556] [1557] [1558])
(/home/eyamrog/PycharmProjects/cl_st1_anna/cl_st1_ph2_anna/examples/f2_pos/f2_p
os_049.tex [1559])
(/home/eyamrog/PycharmProjects/cl_st1_anna/cl_st1_ph2_anna/examples/f2_pos/f2_p
os_050.tex [1560] [1561])
(/home/eyamrog/PycharmProjects/cl_st1_anna/cl_st1_ph2_anna/examples/f2_pos/f2_p
os_051.tex [1562] [1563] [1564] [1565] [1566] [1567] [1568] [1569])
(/home/eyamrog/PycharmProjects/cl_st1_anna/cl_st1_ph2_anna/examples/f2_pos/f2_p
os_052.tex [1570] [1571] [1572] [1573] [1574] [1575] [1576] [1577] [1578]
[1579])
(/home/eyamrog/PycharmProjects/cl_st1_anna/cl_st1_ph2_anna/examples/f2_pos/f2_p
os_053.tex [1580] [1581] [1582] [1583])
(/home/eyamrog/PycharmProjects/cl_st1_anna/cl_st1_ph2_anna/examples/f2_pos/f2_p
os_054.tex [1584] [1585] [1586])
(/home/eyamrog/PycharmProjects/cl_st1_anna/cl_st1_ph2_anna/examples/f2_pos/f2_p
os_055.tex
Missing character: There is no ° (U+00B0) in font nullfont!

Overfull \hbox (7.20975pt too wide) in paragraph at lines 1--95
[]  \TU/DejaVuSerif(0)/m/n/10 4 NOVA PER-SPEC-TIVA CUR-RIC-U-LAR NO EN-SINO M
É-DIO : FOR-MAÇÃO GERAL
 []

Missing character: There is no ° (U+00B0) in font nullfont!
[1587] [1588] [1589] [1590] [1591] [1592] [1593
Missing character: There is no ° (U+00B0) in font nullfont!
])
(/home/eyamrog/PycharmProjects/cl_st1_anna/cl_st1_ph2_anna/examples/f2_pos/f2_p
os_056.tex [1594] [1595] [1596] [1597] [1598])
(/home/eyamrog/PycharmProjects/cl_st1_anna/cl_st1_ph2_anna/examples/f2_pos/f2_p
os_057.tex [1599] [1600])
(/home/eyamrog/PycharmProjects/cl_st1_anna/cl_st1_ph2_anna/examples/f2_pos/f2_p
os_058.tex [1601] [1602] [1603])
(/home/eyamrog/PycharmProjects/cl_st1_anna/cl_st1_ph2_anna/examples/f2_pos/f2_p
os_059.tex [1604] [1605] [1606] [1607])
(/home/eyamrog/PycharmProjects/cl_st1_anna/cl_st1_ph2_anna/examples/f2_pos/f2_p
os_060.tex [1608] [1609] [1610])
(/home/eyamrog/PycharmProjects/cl_st1_anna/cl_st1_ph2_anna/examples/f2_pos/f2_p
os_061.tex
Overfull \hbox (1.66048pt too wide) in paragraph at lines 1--16
\TU/DejaVuSerif(0)/m/n/10 com foco no de-sen-volvi-mento de com-petên-cias e ha
-bil-i-dades de difer-entes áreas
 []

[1611])
(/home/eyamrog/PycharmProjects/cl_st1_anna/cl_st1_ph2_anna/examples/f2_pos/f2_p
os_062.tex [1612] [1613])
(/home/eyamrog/PycharmProjects/cl_st1_anna/cl_st1_ph2_anna/examples/f2_pos/f2_p
os_063.tex [1614] [1615] [1616] [1617])
(/home/eyamrog/PycharmProjects/cl_st1_anna/cl_st1_ph2_anna/examples/f2_pos/f2_p
os_064.tex [1618])
(/home/eyamrog/PycharmProjects/cl_st1_anna/cl_st1_ph2_anna/examples/f2_pos/f2_p
os_065.tex [1619] [1620])
(/home/eyamrog/PycharmProjects/cl_st1_anna/cl_st1_ph2_anna/examples/f2_pos/f2_p
os_066.tex
Overfull \hbox (10.80226pt too wide) in paragraph at lines 1--27
[]  \TU/DejaVuSerif(0)/m/n/10 1. AP-RE-SEN-TAÇÃO O Doc-u-mento Cur-ric-u-lar 
do Ter-ritório do To-cantins - DCT/TO,
 []

[1621] [1622])
(/home/eyamrog/PycharmProjects/cl_st1_anna/cl_st1_ph2_anna/examples/f2_pos/f2_p
os_067.tex [1623])
(/home/eyamrog/PycharmProjects/cl_st1_anna/cl_st1_ph2_anna/examples/f2_pos/f2_p
os_068.tex [1624] [1625])
(/home/eyamrog/PycharmProjects/cl_st1_anna/cl_st1_ph2_anna/examples/f2_pos/f2_p
os_069.tex
Missing character: There is no ° (U+00B0) in font nullfont!
Missing character: There is no ° (U+00B0) in font nullfont!
Missing character: There is no ° (U+00B0) in font nullfont!
Missing character: There is no ° (U+00B0) in font nullfont!
Missing character: There is no ° (U+00B0) in font nullfont!
Missing character: There is no ° (U+00B0) in font nullfont!
[1626
Missing character: There is no ° (U+00B0) in font nullfont!
Missing character: There is no ° (U+00B0) in font nullfont!
] [1627])
(/home/eyamrog/PycharmProjects/cl_st1_anna/cl_st1_ph2_anna/examples/f2_pos/f2_p
os_070.tex [1628
Missing character: There is no ° (U+00B0) in font nullfont!
] [1629])
(/home/eyamrog/PycharmProjects/cl_st1_anna/cl_st1_ph2_anna/examples/f2_pos/f2_p
os_071.tex
Overfull \hbox (20.44792pt too wide) in paragraph at lines 1--36
[]  \TU/DejaVuSerif(0)/m/n/10 2.3.5. Ed-u-cação Quilom-bola Quilom-bos são
”gru-pos étnico-raciais se-gundo critérios
 []

[1630] [1631] [1632])
(/home/eyamrog/PycharmProjects/cl_st1_anna/cl_st1_ph2_anna/examples/f2_pos/f2_p
os_072.tex [1633] [1634] [1635] [1636] [1637] [1638] [1639] [1640])
(/home/eyamrog/PycharmProjects/cl_st1_anna/cl_st1_ph2_anna/examples/f2_pos/f2_p
os_073.tex [1641] [1642])
(/home/eyamrog/PycharmProjects/cl_st1_anna/cl_st1_ph2_anna/examples/f2_pos/f2_p
os_074.tex [1643] [1644])
(/home/eyamrog/PycharmProjects/cl_st1_anna/cl_st1_ph2_anna/examples/f2_pos/f2_p
os_075.tex [1645])
(/home/eyamrog/PycharmProjects/cl_st1_anna/cl_st1_ph2_anna/examples/f2_pos/f2_p
os_076.tex [1646])
(/home/eyamrog/PycharmProjects/cl_st1_anna/cl_st1_ph2_anna/examples/f2_pos/f2_p
os_077.tex [1647] [1648])
(/home/eyamrog/PycharmProjects/cl_st1_anna/cl_st1_ph2_anna/examples/f2_pos/f2_p
os_078.tex [1649] [1650])
(/home/eyamrog/PycharmProjects/cl_st1_anna/cl_st1_ph2_anna/examples/f2_pos/f2_p
os_079.tex [1651] [1652] [1653] [1654] [1655])
(/home/eyamrog/PycharmProjects/cl_st1_anna/cl_st1_ph2_anna/examples/f2_pos/f2_p
os_080.tex [1656])
(/home/eyamrog/PycharmProjects/cl_st1_anna/cl_st1_ph2_anna/examples/f2_pos/f2_p
os_081.tex
Missing character: There is no ° (U+00B0) in font nullfont!
Missing character: There is no ° (U+00B0) in font nullfont!
[1657] [1658] [1659
Missing character: There is no ° (U+00B0) in font nullfont!
])
(/home/eyamrog/PycharmProjects/cl_st1_anna/cl_st1_ph2_anna/examples/f2_pos/f2_p
os_082.tex [1660] [1661] [1662])
(/home/eyamrog/PycharmProjects/cl_st1_anna/cl_st1_ph2_anna/examples/f2_pos/f2_p
os_083.tex [1663] [1664] [1665])
(/home/eyamrog/PycharmProjects/cl_st1_anna/cl_st1_ph2_anna/examples/f2_pos/f2_p
os_084.tex [1666] [1667] [1668] [1669] [1670])
(/home/eyamrog/PycharmProjects/cl_st1_anna/cl_st1_ph2_anna/examples/f2_pos/f2_p
os_085.tex
Missing character: There is no ° (U+00B0) in font nullfont!
Missing character: There is no ° (U+00B0) in font nullfont!
[1671] [1672
Missing character: There is no ° (U+00B0) in font nullfont!
])
(/home/eyamrog/PycharmProjects/cl_st1_anna/cl_st1_ph2_anna/examples/f2_pos/f2_p
os_086.tex [1673] [1674])
(/home/eyamrog/PycharmProjects/cl_st1_anna/cl_st1_ph2_anna/examples/f2_pos/f2_p
os_087.tex
Missing character: There is no ° (U+00B0) in font nullfont!
Missing character: There is no ° (U+00B0) in font nullfont!
Missing character: There is no ° (U+00B0) in font nullfont!
Missing character: There is no ° (U+00B0) in font nullfont!
Missing character: There is no ° (U+00B0) in font nullfont!
Missing character: There is no ° (U+00B0) in font nullfont!
Missing character: There is no ° (U+00B0) in font nullfont!
Missing character: There is no ° (U+00B0) in font nullfont!
[1675] [1676
Missing character: There is no ° (U+00B0) in font nullfont!
Missing character: There is no ° (U+00B0) in font nullfont!
Missing character: There is no ° (U+00B0) in font nullfont!
])
(/home/eyamrog/PycharmProjects/cl_st1_anna/cl_st1_ph2_anna/examples/f2_pos/f2_p
os_088.tex
Overfull \hbox (12.01549pt too wide) in paragraph at lines 1--21
[]  \TU/DejaVuSerif(0)/m/n/10 ED-U-CAÇÃO PROFIS-SIONAL E TEC-NOLÓG-ICA IN-TRO
-DUÇÃO A Ed-u-cação Profis-
 []

[1677
Missing character: There is no ° (U+00B0) in font nullfont!
])
(/home/eyamrog/PycharmProjects/cl_st1_anna/cl_st1_ph2_anna/examples/f2_pos/f2_p
os_089.tex [1678] [1679])
(/home/eyamrog/PycharmProjects/cl_st1_anna/cl_st1_ph2_anna/examples/f2_pos/f2_p
os_090.tex [1680] [1681])
(/home/eyamrog/PycharmProjects/cl_st1_anna/cl_st1_ph2_anna/examples/f2_pos/f2_p
os_091.tex
Missing character: There is no ° (U+00B0) in font nullfont!
Missing character: There is no ° (U+00B0) in font nullfont!
Missing character: There is no ° (U+00B0) in font nullfont!
Missing character: There is no ° (U+00B0) in font nullfont!
[1682] [1683
Missing character: There is no ° (U+00B0) in font nullfont!
] [1684
Missing character: There is no ° (U+00B0) in font nullfont!
] [1685])
(/home/eyamrog/PycharmProjects/cl_st1_anna/cl_st1_ph2_anna/examples/f2_pos/f2_p
os_092.tex
Missing character: There is no ° (U+00B0) in font nullfont!
Missing character: There is no ° (U+00B0) in font nullfont!
[1686] [1687] [1688])
(/home/eyamrog/PycharmProjects/cl_st1_anna/cl_st1_ph2_anna/examples/f2_pos/f2_p
os_093.tex [1689
Missing character: There is no ° (U+00B0) in font nullfont!
] [1690] [1691] [1692] [1693] [1694])
(/home/eyamrog/PycharmProjects/cl_st1_anna/cl_st1_ph2_anna/examples/f2_pos/f2_p
os_094.tex [1695] [1696] [1697] [1698] [1699] [1700] [1701])
(/home/eyamrog/PycharmProjects/cl_st1_anna/cl_st1_ph2_anna/examples/f2_pos/f2_p
os_095.tex
Overfull \hbox (4.90295pt too wide) in paragraph at lines 1--15
[]  \TU/DejaVuSerif(0)/m/n/10 PARTE I - O EN-SINO MÉ-DIO NO BRASIL : SU-JEITOS,
 MODAL-I-DADES E PRINCÍ-
 []

[1702] [1703])
(/home/eyamrog/PycharmProjects/cl_st1_anna/cl_st1_ph2_anna/examples/f2_pos/f2_p
os_096.tex
Missing character: There is no ° (U+00B0) in font nullfont!
Missing character: There is no ° (U+00B0) in font nullfont!
[1704])
(/home/eyamrog/PycharmProjects/cl_st1_anna/cl_st1_ph2_anna/examples/f2_pos/f2_p
os_097.tex [1705
Missing character: There is no ° (U+00B0) in font nullfont!
] [1706] [1707] [1708] [1709] [1710])
(/home/eyamrog/PycharmProjects/cl_st1_anna/cl_st1_ph2_anna/examples/f2_pos/f2_p
os_098.tex [1711] [1712] [1713] [1714] [1715] [1716] [1717])
(/home/eyamrog/PycharmProjects/cl_st1_anna/cl_st1_ph2_anna/examples/f2_pos/f2_p
os_099.tex [1718] [1719] [1720] [1721])
(/home/eyamrog/PycharmProjects/cl_st1_anna/cl_st1_ph2_anna/examples/f2_pos/f2_p
os_100.tex [1722] [1723])
(/home/eyamrog/PycharmProjects/cl_st1_anna/cl_st1_ph2_anna/examples/f2_pos/f2_p
os_101.tex [1724] [1725] [1726] [1727] [1728])
(/home/eyamrog/PycharmProjects/cl_st1_anna/cl_st1_ph2_anna/examples/f2_pos/f2_p
os_102.tex [1729] [1730] [1731] [1732] [1733])
(/home/eyamrog/PycharmProjects/cl_st1_anna/cl_st1_ph2_anna/examples/f2_pos/f2_p
os_103.tex [1734] [1735] [1736])
(/home/eyamrog/PycharmProjects/cl_st1_anna/cl_st1_ph2_anna/examples/f2_pos/f2_p
os_104.tex [1737] [1738] [1739])
(/home/eyamrog/PycharmProjects/cl_st1_anna/cl_st1_ph2_anna/examples/f2_pos/f2_p
os_105.tex [1740] [1741] [1742] [1743] [1744] [1745])
(/home/eyamrog/PycharmProjects/cl_st1_anna/cl_st1_ph2_anna/examples/f2_pos/f2_p
os_106.tex [1746] [1747] [1748] [1749])
(/home/eyamrog/PycharmProjects/cl_st1_anna/cl_st1_ph2_anna/examples/f2_pos/f2_p
os_107.tex
Overfull \hbox (0.69695pt too wide) in paragraph at lines 1--53
\TU/DejaVuSerif(0)/m/n/10 /asset_publisher/Kujrw0TZC2Mb/content/id/51281622. Ace
sso em 22/10/2020.
 []

[1750] [1751] [1752] [1753])
(/home/eyamrog/PycharmProjects/cl_st1_anna/cl_st1_ph2_anna/examples/f2_pos/f2_p
os_108.tex [1754] [1755])
(/home/eyamrog/PycharmProjects/cl_st1_anna/cl_st1_ph2_anna/examples/f2_pos/f2_p
os_109.tex [1756] [1757])
(/home/eyamrog/PycharmProjects/cl_st1_anna/cl_st1_ph2_anna/examples/f2_pos/f2_p
os_110.tex
Overfull \hbox (13.9261pt too wide) in paragraph at lines 1--61
[]  \TU/DejaVuSerif(0)/m/n/10 3.1.3 Avali-ação da Apren-diza-gem Com base nos pres-su-pos-tos te
óri-cos norteadores
 []

[1758] [1759] [1760] [1761])
(/home/eyamrog/PycharmProjects/cl_st1_anna/cl_st1_ph2_anna/examples/f2_pos/f2_p
os_111.tex [1762] [1763] [1764] [1765] [1766])
(/home/eyamrog/PycharmProjects/cl_st1_anna/cl_st1_ph2_anna/examples/f2_pos/f2_p
os_112.tex [1767] [1768] [1769] [1770] [1771] [1772])
(/home/eyamrog/PycharmProjects/cl_st1_anna/cl_st1_ph2_anna/examples/f2_pos/f2_p
os_113.tex [1773] [1774] [1775])
(/home/eyamrog/PycharmProjects/cl_st1_anna/cl_st1_ph2_anna/examples/f2_pos/f2_p
os_114.tex [1776] [1777])
(/home/eyamrog/PycharmProjects/cl_st1_anna/cl_st1_ph2_anna/examples/f2_pos/f2_p
os_115.tex [1778] [1779] [1780])
(/home/eyamrog/PycharmProjects/cl_st1_anna/cl_st1_ph2_anna/examples/f2_pos/f2_p
os_116.tex [1781] [1782])
(/home/eyamrog/PycharmProjects/cl_st1_anna/cl_st1_ph2_anna/examples/f2_pos/f2_p
os_117.tex [1783] [1784])
(/home/eyamrog/PycharmProjects/cl_st1_anna/cl_st1_ph2_anna/examples/f2_pos/f2_p
os_118.tex [1785] [1786] [1787])
(/home/eyamrog/PycharmProjects/cl_st1_anna/cl_st1_ph2_anna/examples/f2_pos/f2_p
os_119.tex
Overfull \hbox (7.96419pt too wide) in paragraph at lines 1--45
\TU/DejaVuSerif(0)/m/n/10 BNCC. Destaca -se que todo pro-cesso ed-uca-tivo de-ma
nda como ponto es-tratégico
 []

[1788] [1789] [1790])
(/home/eyamrog/PycharmProjects/cl_st1_anna/cl_st1_ph2_anna/examples/f2_pos/f2_p
os_120.tex [1791] [1792])
(/home/eyamrog/PycharmProjects/cl_st1_anna/cl_st1_ph2_anna/examples/f2_pos/f2_p
os_121.tex [1793] [1794] [1795] [1796])
(/home/eyamrog/PycharmProjects/cl_st1_anna/cl_st1_ph2_anna/examples/f2_pos/f2_p
os_122.tex [1797] [1798] [1799] [1800])
(/home/eyamrog/PycharmProjects/cl_st1_anna/cl_st1_ph2_anna/examples/f2_pos/f2_p
os_123.tex [1801] [1802])
(/home/eyamrog/PycharmProjects/cl_st1_anna/cl_st1_ph2_anna/examples/f2_pos/f2_p
os_124.tex [1803])
(/home/eyamrog/PycharmProjects/cl_st1_anna/cl_st1_ph2_anna/examples/f2_pos/f2_p
os_125.tex [1804] [1805] [1806])
(/home/eyamrog/PycharmProjects/cl_st1_anna/cl_st1_ph2_anna/examples/f2_pos/f2_p
os_126.tex [1807] [1808])
(/home/eyamrog/PycharmProjects/cl_st1_anna/cl_st1_ph2_anna/examples/f2_pos/f2_p
os_127.tex [1809] [1810] [1811] [1812] [1813])
(/home/eyamrog/PycharmProjects/cl_st1_anna/cl_st1_ph2_anna/examples/f2_pos/f2_p
os_128.tex [1814])
(/home/eyamrog/PycharmProjects/cl_st1_anna/cl_st1_ph2_anna/examples/f2_pos/f2_p
os_129.tex [1815] [1816])
(/home/eyamrog/PycharmProjects/cl_st1_anna/cl_st1_ph2_anna/examples/f2_pos/f2_p
os_130.tex [1817] [1818] [1819] [1820])
(/home/eyamrog/PycharmProjects/cl_st1_anna/cl_st1_ph2_anna/examples/f2_pos/f2_p
os_131.tex [1821] [1822] [1823] [1824] [1825])
(/home/eyamrog/PycharmProjects/cl_st1_anna/cl_st1_ph2_anna/examples/f2_pos/f2_p
os_132.tex
Missing character: There is no ° (U+00B0) in font nullfont!
Missing character: There is no ° (U+00B0) in font nullfont!
Missing character: There is no ° (U+00B0) in font nullfont!
Missing character: There is no ° (U+00B0) in font nullfont!
[1826
Missing character: There is no ° (U+00B0) in font nullfont!
Missing character: There is no ° (U+00B0) in font nullfont!
] [1827] [1828] [1829])
(/home/eyamrog/PycharmProjects/cl_st1_anna/cl_st1_ph2_anna/examples/f2_pos/f2_p
os_133.tex [1830] [1831] [1832])
(/home/eyamrog/PycharmProjects/cl_st1_anna/cl_st1_ph2_anna/examples/f2_pos/f2_p
os_134.tex [1833] [1834])
(/home/eyamrog/PycharmProjects/cl_st1_anna/cl_st1_ph2_anna/examples/f2_pos/f2_p
os_135.tex [1835] [1836] [1837])
(/home/eyamrog/PycharmProjects/cl_st1_anna/cl_st1_ph2_anna/examples/f2_pos/f2_p
os_136.tex [1838] [1839])
(/home/eyamrog/PycharmProjects/cl_st1_anna/cl_st1_ph2_anna/examples/f2_pos/f2_p
os_137.tex [1840] [1841])
(/home/eyamrog/PycharmProjects/cl_st1_anna/cl_st1_ph2_anna/examples/f2_pos/f2_p
os_138.tex [1842] [1843] [1844])
(/home/eyamrog/PycharmProjects/cl_st1_anna/cl_st1_ph2_anna/examples/f2_pos/f2_p
os_139.tex
Overfull \hbox (14.77083pt too wide) in paragraph at lines 1--16
\TU/DejaVuSerif(0)/m/n/10 sendo dis-cu-tida desde a pro-mul-gação da Con-sti-t
u-ição Fed-eral de 1988 e aprovação
 []

[1845])
(/home/eyamrog/PycharmProjects/cl_st1_anna/cl_st1_ph2_anna/examples/f2_pos/f2_p
os_140.tex [1846] [1847])
(/home/eyamrog/PycharmProjects/cl_st1_anna/cl_st1_ph2_anna/examples/f2_pos/f2_p
os_141.tex [1848] [1849] [1850] [1851] [1852])
(/home/eyamrog/PycharmProjects/cl_st1_anna/cl_st1_ph2_anna/examples/f2_pos/f2_p
os_142.tex [1853] [1854] [1855] [1856] [1857])
(/home/eyamrog/PycharmProjects/cl_st1_anna/cl_st1_ph2_anna/examples/f2_pos/f2_p
os_143.tex [1858] [1859] [1860] [1861])
(/home/eyamrog/PycharmProjects/cl_st1_anna/cl_st1_ph2_anna/examples/f2_pos/f2_p
os_144.tex [1862] [1863] [1864])
(/home/eyamrog/PycharmProjects/cl_st1_anna/cl_st1_ph2_anna/examples/f2_pos/f2_p
os_145.tex [1865] [1866])
(/home/eyamrog/PycharmProjects/cl_st1_anna/cl_st1_ph2_anna/examples/f2_pos/f2_p
os_146.tex [1867] [1868] [1869] [1870] [1871])
(/home/eyamrog/PycharmProjects/cl_st1_anna/cl_st1_ph2_anna/examples/f2_pos/f2_p
os_147.tex [1872] [1873] [1874])
(/home/eyamrog/PycharmProjects/cl_st1_anna/cl_st1_ph2_anna/examples/f2_pos/f2_p
os_148.tex [1875] [1876])
(/home/eyamrog/PycharmProjects/cl_st1_anna/cl_st1_ph2_anna/examples/f2_pos/f2_p
os_149.tex [1877])
(/home/eyamrog/PycharmProjects/cl_st1_anna/cl_st1_ph2_anna/examples/f2_pos/f2_p
os_150.tex [1878] [1879])
(/home/eyamrog/PycharmProjects/cl_st1_anna/cl_st1_ph2_anna/examples/f2_pos/f2_p
os_151.tex
Missing character: There is no ° (U+00B0) in font nullfont!
Missing character: There is no ° (U+00B0) in font nullfont!
Missing character: There is no ° (U+00B0) in font nullfont!
[1880
Missing character: There is no ° (U+00B0) in font nullfont!
])
(/home/eyamrog/PycharmProjects/cl_st1_anna/cl_st1_ph2_anna/examples/f2_pos/f2_p
os_152.tex [1881] [1882])
(/home/eyamrog/PycharmProjects/cl_st1_anna/cl_st1_ph2_anna/examples/f2_pos/f2_p
os_153.tex [1883] [1884])
(/home/eyamrog/PycharmProjects/cl_st1_anna/cl_st1_ph2_anna/examples/f2_pos/f2_p
os_154.tex [1885] [1886])
(/home/eyamrog/PycharmProjects/cl_st1_anna/cl_st1_ph2_anna/examples/f2_pos/f2_p
os_155.tex [1887] [1888] [1889] [1890])
(/home/eyamrog/PycharmProjects/cl_st1_anna/cl_st1_ph2_anna/examples/f2_pos/f2_p
os_156.tex [1891] [1892])
(/home/eyamrog/PycharmProjects/cl_st1_anna/cl_st1_ph2_anna/examples/f2_pos/f2_p
os_157.tex [1893] [1894])
(/home/eyamrog/PycharmProjects/cl_st1_anna/cl_st1_ph2_anna/examples/f2_pos/f2_p
os_158.tex [1895])
(/home/eyamrog/PycharmProjects/cl_st1_anna/cl_st1_ph2_anna/examples/f2_pos/f2_p
os_159.tex [1896] [1897])
(/home/eyamrog/PycharmProjects/cl_st1_anna/cl_st1_ph2_anna/examples/f2_pos/f2_p
os_160.tex [1898])
(/home/eyamrog/PycharmProjects/cl_st1_anna/cl_st1_ph2_anna/examples/f2_pos/f2_p
os_161.tex [1899] [1900] [1901])
(/home/eyamrog/PycharmProjects/cl_st1_anna/cl_st1_ph2_anna/examples/f2_pos/f2_p
os_162.tex
Missing character: There is no ° (U+00B0) in font nullfont!
Missing character: There is no ° (U+00B0) in font nullfont!
Missing character: There is no ° (U+00B0) in font nullfont!
Missing character: There is no ° (U+00B0) in font nullfont!
[1902
Missing character: There is no ° (U+00B0) in font nullfont!
Missing character: There is no ° (U+00B0) in font nullfont!
] [1903])
(/home/eyamrog/PycharmProjects/cl_st1_anna/cl_st1_ph2_anna/examples/f2_pos/f2_p
os_163.tex [1904])
(/home/eyamrog/PycharmProjects/cl_st1_anna/cl_st1_ph2_anna/examples/f2_pos/f2_p
os_164.tex [1905] [1906])
(/home/eyamrog/PycharmProjects/cl_st1_anna/cl_st1_ph2_anna/examples/f2_pos/f2_p
os_165.tex [1907])
(/home/eyamrog/PycharmProjects/cl_st1_anna/cl_st1_ph2_anna/examples/f2_pos/f2_p
os_166.tex
Missing character: There is no ° (U+00B0) in font nullfont!
Missing character: There is no ° (U+00B0) in font nullfont!
Missing character: There is no ° (U+00B0) in font nullfont!
Missing character: There is no ° (U+00B0) in font nullfont!
[1908
Missing character: There is no ° (U+00B0) in font nullfont!
Missing character: There is no ° (U+00B0) in font nullfont!
])
(/home/eyamrog/PycharmProjects/cl_st1_anna/cl_st1_ph2_anna/examples/f2_pos/f2_p
os_167.tex [1909])
(/home/eyamrog/PycharmProjects/cl_st1_anna/cl_st1_ph2_anna/examples/f2_pos/f2_p
os_168.tex [1910] [1911])
(/home/eyamrog/PycharmProjects/cl_st1_anna/cl_st1_ph2_anna/examples/f2_pos/f2_p
os_169.tex
Missing character: There is no ° (U+00B0) in font nullfont!
Missing character: There is no ° (U+00B0) in font nullfont!
[1912] [1913
Missing character: There is no ° (U+00B0) in font nullfont!
])
(/home/eyamrog/PycharmProjects/cl_st1_anna/cl_st1_ph2_anna/examples/f2_pos/f2_p
os_170.tex [1914])
(/home/eyamrog/PycharmProjects/cl_st1_anna/cl_st1_ph2_anna/examples/f2_pos/f2_p
os_171.tex
Missing character: There is no ° (U+00B0) in font nullfont!
Missing character: There is no ° (U+00B0) in font nullfont!
Missing character: There is no ° (U+00B0) in font nullfont!
Missing character: There is no ° (U+00B0) in font nullfont!
[1915
Missing character: There is no ° (U+00B0) in font nullfont!
] [1916] [1917] [1918] [1919
Missing character: There is no ° (U+00B0) in font nullfont!
] [1920] [1921] [1922] [1923])
(/home/eyamrog/PycharmProjects/cl_st1_anna/cl_st1_ph2_anna/examples/f2_pos/f2_p
os_172.tex [1924] [1925])
(/home/eyamrog/PycharmProjects/cl_st1_anna/cl_st1_ph2_anna/examples/f2_pos/f2_p
os_173.tex [1926] [1927])
(/home/eyamrog/PycharmProjects/cl_st1_anna/cl_st1_ph2_anna/examples/f2_pos/f2_p
os_174.tex [1928] [1929] [1930] [1931] [1932] [1933])
(/home/eyamrog/PycharmProjects/cl_st1_anna/cl_st1_ph2_anna/examples/f2_pos/f2_p
os_175.tex [1934] [1935] [1936] [1937])
(/home/eyamrog/PycharmProjects/cl_st1_anna/cl_st1_ph2_anna/examples/f2_pos/f2_p
os_176.tex [1938] [1939] [1940])
(/home/eyamrog/PycharmProjects/cl_st1_anna/cl_st1_ph2_anna/examples/f2_pos/f2_p
os_177.tex
Missing character: There is no ° (U+00B0) in font nullfont!
Missing character: There is no ° (U+00B0) in font nullfont!
[1941] [1942
Missing character: There is no ° (U+00B0) in font nullfont!
])
(/home/eyamrog/PycharmProjects/cl_st1_anna/cl_st1_ph2_anna/examples/f2_pos/f2_p
os_178.tex [1943] [1944] [1945])
(/home/eyamrog/PycharmProjects/cl_st1_anna/cl_st1_ph2_anna/examples/f2_pos/f2_p
os_179.tex [1946] [1947])
(/home/eyamrog/PycharmProjects/cl_st1_anna/cl_st1_ph2_anna/examples/f2_pos/f2_p
os_180.tex [1948] [1949])
(/home/eyamrog/PycharmProjects/cl_st1_anna/cl_st1_ph2_anna/examples/f2_pos/f2_p
os_181.tex [1950] [1951] [1952])
(/home/eyamrog/PycharmProjects/cl_st1_anna/cl_st1_ph2_anna/examples/f2_pos/f2_p
os_182.tex [1953] [1954])
(/home/eyamrog/PycharmProjects/cl_st1_anna/cl_st1_ph2_anna/examples/f2_pos/f2_p
os_183.tex
Overfull \hbox (4.42369pt too wide) in paragraph at lines 1--22
[]  \TU/DejaVuSerif(0)/m/n/10 3.3.7.1. Con-ceitos e Princí-pios da EPT Con-form
e a Res-olução CNE/CP n. 1/2021,
 []

[1955] [1956] [1957])
(/home/eyamrog/PycharmProjects/cl_st1_anna/cl_st1_ph2_anna/examples/f2_pos/f2_p
os_184.tex [1958] [1959])
(/home/eyamrog/PycharmProjects/cl_st1_anna/cl_st1_ph2_anna/examples/f2_pos/f2_p
os_185.tex [1960] [1961] [1962])
(/home/eyamrog/PycharmProjects/cl_st1_anna/cl_st1_ph2_anna/examples/f2_pos/f2_p
os_186.tex [1963] [1964])
(/home/eyamrog/PycharmProjects/cl_st1_anna/cl_st1_ph2_anna/examples/f2_pos/f2_p
os_187.tex [1965] [1966] [1967])
(/home/eyamrog/PycharmProjects/cl_st1_anna/cl_st1_ph2_anna/examples/f2_pos/f2_p
os_188.tex [1968] [1969])
(/home/eyamrog/PycharmProjects/cl_st1_anna/cl_st1_ph2_anna/examples/f2_pos/f2_p
os_189.tex [1970] [1971] [1972])
(/home/eyamrog/PycharmProjects/cl_st1_anna/cl_st1_ph2_anna/examples/f2_pos/f2_p
os_190.tex [1973] [1974] [1975] [1976] [1977] [1978])
(/home/eyamrog/PycharmProjects/cl_st1_anna/cl_st1_ph2_anna/examples/f2_pos/f2_p
os_191.tex [1979] [1980])
(/home/eyamrog/PycharmProjects/cl_st1_anna/cl_st1_ph2_anna/examples/f2_pos/f2_p
os_192.tex [1981] [1982] [1983])
(/home/eyamrog/PycharmProjects/cl_st1_anna/cl_st1_ph2_anna/examples/f2_pos/f2_p
os_193.tex [1984] [1985] [1986])
(/home/eyamrog/PycharmProjects/cl_st1_anna/cl_st1_ph2_anna/examples/f2_pos/f2_p
os_194.tex [1987] [1988] [1989])
(/home/eyamrog/PycharmProjects/cl_st1_anna/cl_st1_ph2_anna/examples/f2_pos/f2_p
os_195.tex [1990] [1991] [1992])
(/home/eyamrog/PycharmProjects/cl_st1_anna/cl_st1_ph2_anna/examples/f2_pos/f2_p
os_196.tex [1993] [1994])
(/home/eyamrog/PycharmProjects/cl_st1_anna/cl_st1_ph2_anna/examples/f2_pos/f2_p
os_197.tex [1995] [1996] [1997])
(/home/eyamrog/PycharmProjects/cl_st1_anna/cl_st1_ph2_anna/examples/f2_pos/f2_p
os_198.tex)
(/home/eyamrog/PycharmProjects/cl_st1_anna/cl_st1_ph2_anna/examples/f2_pos/f2_p
os_199.tex [1998] [1999] [2000])
(/home/eyamrog/PycharmProjects/cl_st1_anna/cl_st1_ph2_anna/examples/f2_pos/f2_p
os_200.tex [2001] [2002] [2003] [2004])
(/home/eyamrog/PycharmProjects/cl_st1_anna/cl_st1_ph2_anna/examples/f2_pos/f2_p
os_201.tex
Missing character: There is no ° (U+00B0) in font nullfont!
Missing character: There is no ° (U+00B0) in font nullfont!
[2005
Missing character: There is no ° (U+00B0) in font nullfont!
] [2006])
(/home/eyamrog/PycharmProjects/cl_st1_anna/cl_st1_ph2_anna/examples/f2_pos/f2_p
os_202.tex [2007] [2008])
(/home/eyamrog/PycharmProjects/cl_st1_anna/cl_st1_ph2_anna/examples/f2_pos/f2_p
os_203.tex
Missing character: There is no ° (U+00B0) in font nullfont!
Missing character: There is no ° (U+00B0) in font nullfont!
Missing character: There is no ° (U+00B0) in font nullfont!
Missing character: There is no ° (U+00B0) in font nullfont!
Missing character: There is no ° (U+00B0) in font nullfont!
Missing character: There is no ° (U+00B0) in font nullfont!
[2009] [2010] [2011
Missing character: There is no ° (U+00B0) in font nullfont!
Missing character: There is no ° (U+00B0) in font nullfont!
])
(/home/eyamrog/PycharmProjects/cl_st1_anna/cl_st1_ph2_anna/examples/f2_pos/f2_p
os_204.tex [2012
Missing character: There is no ° (U+00B0) in font nullfont!
] [2013] [2014])
(/home/eyamrog/PycharmProjects/cl_st1_anna/cl_st1_ph2_anna/examples/f2_pos/f2_p
os_205.tex [2015] [2016])
(/home/eyamrog/PycharmProjects/cl_st1_anna/cl_st1_ph2_anna/examples/f2_pos/f2_p
os_206.tex [2017] [2018])
(/home/eyamrog/PycharmProjects/cl_st1_anna/cl_st1_ph2_anna/examples/f2_pos/f2_p
os_207.tex [2019] [2020] [2021])
(/home/eyamrog/PycharmProjects/cl_st1_anna/cl_st1_ph2_anna/examples/f2_pos/f2_p
os_208.tex [2022] [2023])
(/home/eyamrog/PycharmProjects/cl_st1_anna/cl_st1_ph2_anna/examples/f2_pos/f2_p
os_209.tex
Overfull \hbox (13.91145pt too wide) in paragraph at lines 1--18
\TU/DejaVuSerif(0)/m/n/10 stituem es-ta-b-elec-i-men-tos ed-u-ca-cionais públi-
cos ou pri-va-dos que ed-u-cam e cuidam
 []

[2024])
(/home/eyamrog/PycharmProjects/cl_st1_anna/cl_st1_ph2_anna/examples/f2_pos/f2_p
os_210.tex [2025] [2026] [2027])
(/home/eyamrog/PycharmProjects/cl_st1_anna/cl_st1_ph2_anna/examples/f2_pos/f2_p
os_211.tex [2028])
(/home/eyamrog/PycharmProjects/cl_st1_anna/cl_st1_ph2_anna/examples/f2_pos/f2_p
os_212.tex [2029])
(/home/eyamrog/PycharmProjects/cl_st1_anna/cl_st1_ph2_anna/examples/f2_pos/f2_p
os_213.tex [2030])
(/home/eyamrog/PycharmProjects/cl_st1_anna/cl_st1_ph2_anna/examples/f2_pos/f2_p
os_214.tex [2031] [2032])
(/home/eyamrog/PycharmProjects/cl_st1_anna/cl_st1_ph2_anna/examples/f2_pos/f2_p
os_215.tex [2033])
(/home/eyamrog/PycharmProjects/cl_st1_anna/cl_st1_ph2_anna/examples/f2_pos/f2_p
os_216.tex
Missing character: There is no ° (U+00B0) in font nullfont!
Missing character: There is no ° (U+00B0) in font nullfont!
Missing character: There is no ° (U+00B0) in font nullfont!
Missing character: There is no ° (U+00B0) in font nullfont!
Missing character: There is no ° (U+00B0) in font nullfont!
Missing character: There is no ° (U+00B0) in font nullfont!
Missing character: There is no ° (U+00B0) in font nullfont!
Missing character: There is no ° (U+00B0) in font nullfont!
Missing character: There is no ° (U+00B0) in font nullfont!
Missing character: There is no ° (U+00B0) in font nullfont!
Missing character: There is no ° (U+00B0) in font nullfont!
Missing character: There is no ° (U+00B0) in font nullfont!
Missing character: There is no ° (U+00B0) in font nullfont!
Missing character: There is no ° (U+00B0) in font nullfont!
Missing character: There is no ° (U+00B0) in font nullfont!
Missing character: There is no ° (U+00B0) in font nullfont!
Missing character: There is no ° (U+00B0) in font nullfont!
Missing character: There is no ° (U+00B0) in font nullfont!
Missing character: There is no ° (U+00B0) in font nullfont!
Missing character: There is no ° (U+00B0) in font nullfont!
Missing character: There is no ° (U+00B0) in font nullfont!
Missing character: There is no ° (U+00B0) in font nullfont!
Missing character: There is no ° (U+00B0) in font nullfont!
Missing character: There is no ° (U+00B0) in font nullfont!
Missing character: There is no ° (U+00B0) in font nullfont!
Missing character: There is no ° (U+00B0) in font nullfont!
Missing character: There is no ° (U+00B0) in font nullfont!
Missing character: There is no ° (U+00B0) in font nullfont!
Missing character: There is no ° (U+00B0) in font nullfont!
Missing character: There is no ° (U+00B0) in font nullfont!
Missing character: There is no ° (U+00B0) in font nullfont!
Missing character: There is no ° (U+00B0) in font nullfont!
[2034
Missing character: There is no ° (U+00B0) in font nullfont!
Missing character: There is no ° (U+00B0) in font nullfont!
])
(/home/eyamrog/PycharmProjects/cl_st1_anna/cl_st1_ph2_anna/examples/f2_pos/f2_p
os_217.tex [2035
Missing character: There is no ° (U+00B0) in font nullfont!
Missing character: There is no ° (U+00B0) in font nullfont!
Missing character: There is no ° (U+00B0) in font nullfont!
Missing character: There is no ° (U+00B0) in font nullfont!
Missing character: There is no ° (U+00B0) in font nullfont!
Missing character: There is no ° (U+00B0) in font nullfont!
Missing character: There is no ° (U+00B0) in font nullfont!
Missing character: There is no ° (U+00B0) in font nullfont!
Missing character: There is no ° (U+00B0) in font nullfont!
Missing character: There is no ° (U+00B0) in font nullfont!
Missing character: There is no ° (U+00B0) in font nullfont!
Missing character: There is no ° (U+00B0) in font nullfont!
] [2036])
(/home/eyamrog/PycharmProjects/cl_st1_anna/cl_st1_ph2_anna/examples/f2_pos/f2_p
os_218.tex
Missing character: There is no ° (U+00B0) in font nullfont!
Missing character: There is no ° (U+00B0) in font nullfont!
[2037] [2038
Missing character: There is no ° (U+00B0) in font nullfont!
])
(/home/eyamrog/PycharmProjects/cl_st1_anna/cl_st1_ph2_anna/examples/f2_pos/f2_p
os_219.tex
Overfull \hbox (3.66438pt too wide) in paragraph at lines 1--27
\TU/DejaVuSerif(0)/m/n/10 a ed-u-cação, ex-pondo as-sim os mod-e-los teóri-co
s que apoiam as práti-cas pedagóg-
 []

[2039] [2040])
(/home/eyamrog/PycharmProjects/cl_st1_anna/cl_st1_ph2_anna/examples/f2_pos/f2_p
os_220.tex [2041])
(/home/eyamrog/PycharmProjects/cl_st1_anna/cl_st1_ph2_anna/examples/f2_pos/f2_p
os_221.tex
Overfull \hbox (0.32259pt too wide) in paragraph at lines 1--148
\TU/DejaVuSerif(0)/m/n/10 fera.uol.com.br/2018/06/05/nao-existe-mais-lugar-para-
quem-nao-quer-mudar-
 []

[2042] [2043] [2044] [2045] [2046] [2047] [2048] [2049] [2050] [2051])
(/home/eyamrog/PycharmProjects/cl_st1_anna/cl_st1_ph2_anna/examples/f2_pos/f2_p
os_222.tex
Missing character: There is no ° (U+00B0) in font nullfont!
Missing character: There is no ° (U+00B0) in font nullfont!
Missing character: There is no ° (U+00B0) in font nullfont!
Missing character: There is no ° (U+00B0) in font nullfont!
Missing character: There is no ° (U+00B0) in font nullfont!
Missing character: There is no ° (U+00B0) in font nullfont!
Missing character: There is no ° (U+00B0) in font nullfont!
Missing character: There is no ° (U+00B0) in font nullfont!
Missing character: There is no ° (U+00B0) in font nullfont!
Missing character: There is no ° (U+00B0) in font nullfont!
Missing character: There is no ° (U+00B0) in font nullfont!
Missing character: There is no ° (U+00B0) in font nullfont!
[2052] [2053
Missing character: There is no ° (U+00B0) in font nullfont!
Missing character: There is no ° (U+00B0) in font nullfont!
Missing character: There is no ° (U+00B0) in font nullfont!
Missing character: There is no ° (U+00B0) in font nullfont!
] [2054
Missing character: There is no ° (U+00B0) in font nullfont!
] [2055] [2056])
(/home/eyamrog/PycharmProjects/cl_st1_anna/cl_st1_ph2_anna/examples/f2_pos/f2_p
os_223.tex
Overfull \hbox (2.36067pt too wide) in paragraph at lines 1--50
\TU/DejaVuSerif(0)/m/n/10 con-hecida por ed-u-cação bancária[52 ], surgiu com
o forma de pos-si-bil-i-tar atendi-
 []

[2057
Missing character: There is no ° (U+00B0) in font nullfont!
] [2058] [2059] [2060])
(/home/eyamrog/PycharmProjects/cl_st1_anna/cl_st1_ph2_anna/examples/f2_pos/f2_p
os_224.tex [2061] [2062] [2063] [2064] [2065] [2066] [2067])
(/home/eyamrog/PycharmProjects/cl_st1_anna/cl_st1_ph2_anna/examples/f2_pos/f2_p
os_225.tex [2068] [2069] [2070])
(/home/eyamrog/PycharmProjects/cl_st1_anna/cl_st1_ph2_anna/examples/f2_pos/f2_p
os_226.tex
Overfull \hbox (12.61646pt too wide) in paragraph at lines 1--35
[]  \TU/DejaVuSerif(0)/m/n/10 Ar-quite-tura cur-ric-u-lar para EPT e pos-si-bil-
i-dades de dis-tribuição de \TU/DejaVuSerif(0)/b/n/10 carga horária
 []

[2071] [2072])
(/home/eyamrog/PycharmProjects/cl_st1_anna/cl_st1_ph2_anna/examples/f2_pos/f2_p
os_227.tex [2073] [2074] [2075])
(/home/eyamrog/PycharmProjects/cl_st1_anna/cl_st1_ph2_anna/examples/f2_pos/f2_p
os_228.tex [2076] [2077] [2078] [2079])
(/home/eyamrog/PycharmProjects/cl_st1_anna/cl_st1_ph2_anna/examples/f2_pos/f2_p
os_229.tex [2080] [2081])
(/home/eyamrog/PycharmProjects/cl_st1_anna/cl_st1_ph2_anna/examples/f2_pos/f2_p
os_230.tex [2082] [2083])
(/home/eyamrog/PycharmProjects/cl_st1_anna/cl_st1_ph2_anna/examples/f2_pos/f2_p
os_231.tex [2084] [2085] [2086])
(/home/eyamrog/PycharmProjects/cl_st1_anna/cl_st1_ph2_anna/examples/f2_pos/f2_p
os_232.tex [2087] [2088])
(/home/eyamrog/PycharmProjects/cl_st1_anna/cl_st1_ph2_anna/examples/f2_pos/f2_p
os_233.tex [2089] [2090])
(/home/eyamrog/PycharmProjects/cl_st1_anna/cl_st1_ph2_anna/examples/f2_pos/f2_p
os_234.tex [2091] [2092])
(/home/eyamrog/PycharmProjects/cl_st1_anna/cl_st1_ph2_anna/examples/f2_pos/f2_p
os_235.tex [2093] [2094])
(/home/eyamrog/PycharmProjects/cl_st1_anna/cl_st1_ph2_anna/examples/f2_pos/f2_p
os_236.tex [2095])
(/home/eyamrog/PycharmProjects/cl_st1_anna/cl_st1_ph2_anna/examples/f2_pos/f2_p
os_237.tex [2096] [2097])
(/home/eyamrog/PycharmProjects/cl_st1_anna/cl_st1_ph2_anna/examples/f2_pos/f2_p
os_238.tex [2098] [2099] [2100])
(/home/eyamrog/PycharmProjects/cl_st1_anna/cl_st1_ph2_anna/examples/f2_pos/f2_p
os_239.tex [2101])
(/home/eyamrog/PycharmProjects/cl_st1_anna/cl_st1_ph2_anna/examples/f2_pos/f2_p
os_240.tex [2102])
(/home/eyamrog/PycharmProjects/cl_st1_anna/cl_st1_ph2_anna/examples/f2_pos/f2_p
os_241.tex [2103] [2104])
(/home/eyamrog/PycharmProjects/cl_st1_anna/cl_st1_ph2_anna/examples/f2_pos/f2_p
os_242.tex [2105] [2106])
(/home/eyamrog/PycharmProjects/cl_st1_anna/cl_st1_ph2_anna/examples/f2_pos/f2_p
os_243.tex [2107] [2108])
(/home/eyamrog/PycharmProjects/cl_st1_anna/cl_st1_ph2_anna/examples/f2_pos/f2_p
os_244.tex [2109] [2110] [2111])
(/home/eyamrog/PycharmProjects/cl_st1_anna/cl_st1_ph2_anna/examples/f2_pos/f2_p
os_245.tex [2112] [2113] [2114] [2115])
(/home/eyamrog/PycharmProjects/cl_st1_anna/cl_st1_ph2_anna/examples/f2_pos/f2_p
os_246.tex [2116] [2117] [2118] [2119] [2120])
(/home/eyamrog/PycharmProjects/cl_st1_anna/cl_st1_ph2_anna/examples/f2_pos/f2_p
os_247.tex [2121] [2122])
(/home/eyamrog/PycharmProjects/cl_st1_anna/cl_st1_ph2_anna/examples/f2_pos/f2_p
os_248.tex [2123])
(/home/eyamrog/PycharmProjects/cl_st1_anna/cl_st1_ph2_anna/examples/f2_pos/f2_p
os_249.tex [2124]
Missing character: There is no ° (U+00B0) in font nullfont!
Missing character: There is no ° (U+00B0) in font nullfont!
[2125] [2126
Missing character: There is no ° (U+00B0) in font nullfont!
])
(/home/eyamrog/PycharmProjects/cl_st1_anna/cl_st1_ph2_anna/examples/f2_pos/f2_p
os_250.tex [2127])
(/home/eyamrog/PycharmProjects/cl_st1_anna/cl_st1_ph2_anna/examples/f2_pos/f2_p
os_251.tex [2128] [2129] [2130] [2131])
(/home/eyamrog/PycharmProjects/cl_st1_anna/cl_st1_ph2_anna/examples/f2_pos/f2_p
os_252.tex [2132] [2133] [2134])
(/home/eyamrog/PycharmProjects/cl_st1_anna/cl_st1_ph2_anna/examples/f2_pos/f2_p
os_253.tex [2135])
(/home/eyamrog/PycharmProjects/cl_st1_anna/cl_st1_ph2_anna/examples/f2_pos/f2_p
os_254.tex [2136] [2137] [2138])
(/home/eyamrog/PycharmProjects/cl_st1_anna/cl_st1_ph2_anna/examples/f2_pos/f2_p
os_255.tex [2139])
(/home/eyamrog/PycharmProjects/cl_st1_anna/cl_st1_ph2_anna/examples/f2_pos/f2_p
os_256.tex [2140] [2141] [2142])
(/home/eyamrog/PycharmProjects/cl_st1_anna/cl_st1_ph2_anna/examples/f2_pos/f2_p
os_257.tex [2143] [2144] [2145])
(/home/eyamrog/PycharmProjects/cl_st1_anna/cl_st1_ph2_anna/examples/f2_pos/f2_p
os_258.tex [2146])
(/home/eyamrog/PycharmProjects/cl_st1_anna/cl_st1_ph2_anna/examples/f2_pos/f2_p
os_259.tex [2147] [2148])
(/home/eyamrog/PycharmProjects/cl_st1_anna/cl_st1_ph2_anna/examples/f2_pos/f2_p
os_260.tex
Overfull \hbox (1.57097pt too wide) in paragraph at lines 1--27
\TU/DejaVuSerif(0)/m/n/10 u-men-tos/2020/Ap-re-sen-ta-cao_Co-le-tiva_Im-prensa_S
aeb_2019.pdf. Acesso em 23
 []

[2149])
(/home/eyamrog/PycharmProjects/cl_st1_anna/cl_st1_ph2_anna/examples/f2_pos/f2_p
os_261.tex
Missing character: There is no ° (U+00B0) in font nullfont!
Missing character: There is no ° (U+00B0) in font nullfont!
[2150] [2151
Missing character: There is no ° (U+00B0) in font nullfont!
])
(/home/eyamrog/PycharmProjects/cl_st1_anna/cl_st1_ph2_anna/examples/f2_pos/f2_p
os_262.tex [2152] [2153])
(/home/eyamrog/PycharmProjects/cl_st1_anna/cl_st1_ph2_anna/examples/f2_pos/f2_p
os_263.tex
Missing character: There is no ° (U+00B0) in font nullfont!
Missing character: There is no ° (U+00B0) in font nullfont!
[2154
Missing character: There is no ° (U+00B0) in font nullfont!
] [2155])
(/home/eyamrog/PycharmProjects/cl_st1_anna/cl_st1_ph2_anna/examples/f2_pos/f2_p
os_264.tex [2156])
(/home/eyamrog/PycharmProjects/cl_st1_anna/cl_st1_ph2_anna/examples/f2_pos/f2_p
os_265.tex [2157] [2158])
(/home/eyamrog/PycharmProjects/cl_st1_anna/cl_st1_ph2_anna/examples/f2_pos/f2_p
os_266.tex [2159] [2160] [2161])
(/home/eyamrog/PycharmProjects/cl_st1_anna/cl_st1_ph2_anna/examples/f2_pos/f2_p
os_267.tex
Overfull \hbox (6.4149pt too wide) in paragraph at lines 1--32
[]  \TU/DejaVuSerif(0)/b/n/10 ITIN-ERÁRIOS \TU/DejaVuSerif(0)/m/n/10 DE FOR-MA
ÇÃO \TU/DejaVuSerif(0)/b/n/10 TÉC-NICA \TU/DejaVuSerif(0)/m/n/10 E PROFIS-SIO
NAL 4.1 IN-TRO-DUÇÃO
 []

[2162] [2163])
(/home/eyamrog/PycharmProjects/cl_st1_anna/cl_st1_ph2_anna/examples/f2_pos/f2_p
os_268.tex [2164])
(/home/eyamrog/PycharmProjects/cl_st1_anna/cl_st1_ph2_anna/examples/f2_pos/f2_p
os_269.tex [2165] [2166] [2167] [2168])
(/home/eyamrog/PycharmProjects/cl_st1_anna/cl_st1_ph2_anna/examples/f2_pos/f2_p
os_270.tex [2169] [2170])
(/home/eyamrog/PycharmProjects/cl_st1_anna/cl_st1_ph2_anna/examples/f2_pos/f2_p
os_271.tex [2171] [2172])
(/home/eyamrog/PycharmProjects/cl_st1_anna/cl_st1_ph2_anna/examples/f2_pos/f2_p
os_272.tex [2173] [2174])
(/home/eyamrog/PycharmProjects/cl_st1_anna/cl_st1_ph2_anna/examples/f2_pos/f2_p
os_273.tex [2175] [2176])
(/home/eyamrog/PycharmProjects/cl_st1_anna/cl_st1_ph2_anna/examples/f2_pos/f2_p
os_274.tex [2177])
(/home/eyamrog/PycharmProjects/cl_st1_anna/cl_st1_ph2_anna/examples/f2_pos/f2_p
os_275.tex [2178] [2179])
(/home/eyamrog/PycharmProjects/cl_st1_anna/cl_st1_ph2_anna/examples/f2_pos/f2_p
os_276.tex [2180])
(/home/eyamrog/PycharmProjects/cl_st1_anna/cl_st1_ph2_anna/examples/f2_pos/f2_p
os_277.tex
Missing character: There is no ° (U+00B0) in font nullfont!

Overfull \hbox (7.50937pt too wide) in paragraph at lines 1--32
\TU/DejaVuSerif(0)/m/n/10 2015, as primeiras colo-cações. A con-strução co-l
e-tiva e democrática dos Parâmet-
 []

Missing character: There is no ° (U+00B0) in font nullfont!
[2181] [2182
Missing character: There is no ° (U+00B0) in font nullfont!
])
(/home/eyamrog/PycharmProjects/cl_st1_anna/cl_st1_ph2_anna/examples/f2_pos/f2_p
os_278.tex [2183])
(/home/eyamrog/PycharmProjects/cl_st1_anna/cl_st1_ph2_anna/examples/f2_pos/f2_p
os_279.tex
Overfull \hbox (0.4031pt too wide) in paragraph at lines 1--72
[]  \TU/DejaVuSerif(0)/m/n/10 1.9 TEMAS TRANSVER-SAIS E IN-TE-GRADORES DO \TU/D
ejaVuSerif(0)/b/n/10 CUR-RÍCULO \TU/DejaVuSerif(0)/m/n/10 O \TU/DejaVuSerif(0)
/b/n/10 Cur-rículo
 []

[2184] [2185] [2186] [2187] [2188])
(/home/eyamrog/PycharmProjects/cl_st1_anna/cl_st1_ph2_anna/examples/f2_pos/f2_p
os_280.tex
Overfull \hbox (0.4031pt too wide) in paragraph at lines 1--72
[]  \TU/DejaVuSerif(0)/m/n/10 1.9 TEMAS TRANSVER-SAIS E IN-TE-GRADORES DO \TU/D
ejaVuSerif(0)/b/n/10 CUR-RÍCULO \TU/DejaVuSerif(0)/m/n/10 O \TU/DejaVuSerif(0)
/b/n/10 Cur-rículo
 []

[2189] [2190] [2191] [2192])
(/home/eyamrog/PycharmProjects/cl_st1_anna/cl_st1_ph2_anna/examples/f2_neg/f2_n
eg_001.tex [2193])
(/home/eyamrog/PycharmProjects/cl_st1_anna/cl_st1_ph2_anna/examples/f2_neg/f2_n
eg_002.tex [2194])
(/home/eyamrog/PycharmProjects/cl_st1_anna/cl_st1_ph2_anna/examples/f2_neg/f2_n
eg_003.tex [2195])
(/home/eyamrog/PycharmProjects/cl_st1_anna/cl_st1_ph2_anna/examples/f2_neg/f2_n
eg_004.tex [2196])
(/home/eyamrog/PycharmProjects/cl_st1_anna/cl_st1_ph2_anna/examples/f2_neg/f2_n
eg_005.tex [2197])
(/home/eyamrog/PycharmProjects/cl_st1_anna/cl_st1_ph2_anna/examples/f2_neg/f2_n
eg_006.tex
Overfull \hbox (0.50693pt too wide) in paragraph at lines 1--11
\TU/DejaVuSerif(0)/m/n/10 APREN-DIZA-GEM E DE-SEN-VOLVI-MENTO Desde o nasci-ment
o, as cri-anças par-
 []

[2198])
(/home/eyamrog/PycharmProjects/cl_st1_anna/cl_st1_ph2_anna/examples/f2_neg/f2_n
eg_007.tex
Overfull \hbox (4.82732pt too wide) in paragraph at lines 1--8
[]  \TU/DejaVuSerif(0)/m/n/10 2.11.5 ES-PAÇOS, TEM-POS, QUAN-TI-DADES, RE-LA
ÇÕES E TRANS-FOR-MAÇÕES
 []

[2199])
(/home/eyamrog/PycharmProjects/cl_st1_anna/cl_st1_ph2_anna/examples/f2_neg/f2_n
eg_008.tex)
(/home/eyamrog/PycharmProjects/cl_st1_anna/cl_st1_ph2_anna/examples/f2_neg/f2_n
eg_009.tex [2200])
(/home/eyamrog/PycharmProjects/cl_st1_anna/cl_st1_ph2_anna/examples/f2_neg/f2_n
eg_010.tex)
(/home/eyamrog/PycharmProjects/cl_st1_anna/cl_st1_ph2_anna/examples/f2_neg/f2_n
eg_011.tex [2201] [2202] [2203] [2204])
(/home/eyamrog/PycharmProjects/cl_st1_anna/cl_st1_ph2_anna/examples/f2_neg/f2_n
eg_012.tex
Overfull \hbox (1.50174pt too wide) in paragraph at lines 1--16
[]  \TU/DejaVuSerif(0)/m/n/10 3.6.3 ARTE NO EN-SINO FUN-DA-MEN-TAL – ANOS INI-
CI-AIS : CAM-POS TEMÁTI-
 []

)
(/home/eyamrog/PycharmProjects/cl_st1_anna/cl_st1_ph2_anna/examples/f2_neg/f2_n
eg_013.tex [2205])
(/home/eyamrog/PycharmProjects/cl_st1_anna/cl_st1_ph2_anna/examples/f2_neg/f2_n
eg_014.tex [2206] [2207] [2208])
(/home/eyamrog/PycharmProjects/cl_st1_anna/cl_st1_ph2_anna/examples/f2_neg/f2_n
eg_015.tex [2209])
(/home/eyamrog/PycharmProjects/cl_st1_anna/cl_st1_ph2_anna/examples/f2_neg/f2_n
eg_016.tex
Overfull \hbox (9.06177pt too wide) in paragraph at lines 1--9
\TU/DejaVuSerif(0)/m/n/10 FUN-DA-MEN-TAL Adotando esses pres-su-pos-tos e al-in-
hado às com-petên-cias gerais
 []

[2210])
(/home/eyamrog/PycharmProjects/cl_st1_anna/cl_st1_ph2_anna/examples/f2_neg/f2_n
eg_017.tex
Overfull \hbox (12.677pt too wide) in paragraph at lines 1--20
[]  \TU/DejaVuSerif(0)/m/n/10 3.6 ARTE Para com-preen-der os sig-nifi-ca-dos atr
ibuí-dos ao en-sino de Arte, tomamos
 []

[2211])
(/home/eyamrog/PycharmProjects/cl_st1_anna/cl_st1_ph2_anna/examples/f2_neg/f2_n
eg_018.tex)
(/home/eyamrog/PycharmProjects/cl_st1_anna/cl_st1_ph2_anna/examples/f2_neg/f2_n
eg_019.tex [2212])
(/home/eyamrog/PycharmProjects/cl_st1_anna/cl_st1_ph2_anna/examples/f2_neg/f2_n
eg_020.tex [2213])
(/home/eyamrog/PycharmProjects/cl_st1_anna/cl_st1_ph2_anna/examples/f2_neg/f2_n
eg_021.tex)
(/home/eyamrog/PycharmProjects/cl_st1_anna/cl_st1_ph2_anna/examples/f2_neg/f2_n
eg_022.tex [2214] [2215])
(/home/eyamrog/PycharmProjects/cl_st1_anna/cl_st1_ph2_anna/examples/f2_neg/f2_n
eg_023.tex
Overfull \hbox (13.90169pt too wide) in paragraph at lines 1--12
[]  \TU/DejaVuSerif(0)/m/n/10 Ciên-cias hu-manas Os con-hec-i-men-tos es-pec
í-fi-cos na área de Ciên-cias Hu-manas/So-
 []

[2216])
(/home/eyamrog/PycharmProjects/cl_st1_anna/cl_st1_ph2_anna/examples/f2_neg/f2_n
eg_024.tex [2217] [2218] [2219])
(/home/eyamrog/PycharmProjects/cl_st1_anna/cl_st1_ph2_anna/examples/f2_neg/f2_n
eg_025.tex)
(/home/eyamrog/PycharmProjects/cl_st1_anna/cl_st1_ph2_anna/examples/f2_neg/f2_n
eg_026.tex [2220] [2221])
(/home/eyamrog/PycharmProjects/cl_st1_anna/cl_st1_ph2_anna/examples/f2_neg/f2_n
eg_027.tex [2222] [2223])
(/home/eyamrog/PycharmProjects/cl_st1_anna/cl_st1_ph2_anna/examples/f2_neg/f2_n
eg_028.tex [2224] [2225] [2226] [2227] [2228])
(/home/eyamrog/PycharmProjects/cl_st1_anna/cl_st1_ph2_anna/examples/f2_neg/f2_n
eg_029.tex [2229])
(/home/eyamrog/PycharmProjects/cl_st1_anna/cl_st1_ph2_anna/examples/f2_neg/f2_n
eg_030.tex [2230])
(/home/eyamrog/PycharmProjects/cl_st1_anna/cl_st1_ph2_anna/examples/f2_neg/f2_n
eg_031.tex
Overfull \hbox (6.23763pt too wide) in paragraph at lines 1--36
\TU/DejaVuSerif(0)/m/n/10 isando o que difer-en-cia metodolo-gia de abor-dagem, percebe -se que as metodolo-
 []

[2231])
(/home/eyamrog/PycharmProjects/cl_st1_anna/cl_st1_ph2_anna/examples/f2_neg/f2_n
eg_032.tex [2232])
(/home/eyamrog/PycharmProjects/cl_st1_anna/cl_st1_ph2_anna/examples/f2_neg/f2_n
eg_033.tex [2233])
(/home/eyamrog/PycharmProjects/cl_st1_anna/cl_st1_ph2_anna/examples/f2_neg/f2_n
eg_034.tex [2234])
(/home/eyamrog/PycharmProjects/cl_st1_anna/cl_st1_ph2_anna/examples/f2_neg/f2_n
eg_035.tex)
(/home/eyamrog/PycharmProjects/cl_st1_anna/cl_st1_ph2_anna/examples/f2_neg/f2_n
eg_036.tex [2235] [2236])
(/home/eyamrog/PycharmProjects/cl_st1_anna/cl_st1_ph2_anna/examples/f2_neg/f2_n
eg_037.tex
Overfull \hbox (15.88411pt too wide) in paragraph at lines 1--17
\TU/DejaVuSerif(0)/m/n/10 con-sti-tuir em ex-ce-lentes con-tex-tos para as apli-
cações dos con-ceitos da Matemática
 []

[2237])
(/home/eyamrog/PycharmProjects/cl_st1_anna/cl_st1_ph2_anna/examples/f2_neg/f2_n
eg_038.tex)
(/home/eyamrog/PycharmProjects/cl_st1_anna/cl_st1_ph2_anna/examples/f2_neg/f2_n
eg_039.tex [2238])
(/home/eyamrog/PycharmProjects/cl_st1_anna/cl_st1_ph2_anna/examples/f2_neg/f2_n
eg_040.tex [2239] [2240])
(/home/eyamrog/PycharmProjects/cl_st1_anna/cl_st1_ph2_anna/examples/f2_neg/f2_n
eg_041.tex)
(/home/eyamrog/PycharmProjects/cl_st1_anna/cl_st1_ph2_anna/examples/f2_neg/f2_n
eg_042.tex [2241])
(/home/eyamrog/PycharmProjects/cl_st1_anna/cl_st1_ph2_anna/examples/f2_neg/f2_n
eg_043.tex
Overfull \hbox (3.13542pt too wide) in paragraph at lines 1--17
\TU/DejaVuSerif(0)/m/n/10 nas Améri-cas, com ên-fase no pro-cesso brasileiro 
e seus des-do-bra-men-tos. África,
 []

[2242] [2243])
(/home/eyamrog/PycharmProjects/cl_st1_anna/cl_st1_ph2_anna/examples/f2_neg/f2_n
eg_044.tex [2244])
(/home/eyamrog/PycharmProjects/cl_st1_anna/cl_st1_ph2_anna/examples/f2_neg/f2_n
eg_045.tex
Overfull \hbox (6.70093pt too wide) in paragraph at lines 1--11
\TU/DejaVuSerif(0)/m/n/10 Text Sam-ple 885: NEG Dim 2 – es – Score -1.00 
– es/es_ef_anos_ini-ci-ais_arte_5.txt 
 []

[2245])
(/home/eyamrog/PycharmProjects/cl_st1_anna/cl_st1_ph2_anna/examples/f2_neg/f2_n
eg_046.tex
Overfull \hbox (0.44661pt too wide) in paragraph at lines 1--11
[]  \TU/DejaVuSerif(0)/m/n/10 Con-siderando esses pres-su-pos-tos, e em ar-tic-u
-lação com as com-petên-cias gerais
 []

[2246] [2247])
(/home/eyamrog/PycharmProjects/cl_st1_anna/cl_st1_ph2_anna/examples/f2_neg/f2_n
eg_047.tex)
(/home/eyamrog/PycharmProjects/cl_st1_anna/cl_st1_ph2_anna/examples/f2_neg/f2_n
eg_048.tex [2248] [2249])
(/home/eyamrog/PycharmProjects/cl_st1_anna/cl_st1_ph2_anna/examples/f2_neg/f2_n
eg_049.tex [2250])
(/home/eyamrog/PycharmProjects/cl_st1_anna/cl_st1_ph2_anna/examples/f2_neg/f2_n
eg_050.tex [2251])
(/home/eyamrog/PycharmProjects/cl_st1_anna/cl_st1_ph2_anna/examples/f2_neg/f2_n
eg_051.tex)
(/home/eyamrog/PycharmProjects/cl_st1_anna/cl_st1_ph2_anna/examples/f2_neg/f2_n
eg_052.tex [2252])
(/home/eyamrog/PycharmProjects/cl_st1_anna/cl_st1_ph2_anna/examples/f2_neg/f2_n
eg_053.tex [2253] [2254])
(/home/eyamrog/PycharmProjects/cl_st1_anna/cl_st1_ph2_anna/examples/f2_neg/f2_n
eg_054.tex [2255])
(/home/eyamrog/PycharmProjects/cl_st1_anna/cl_st1_ph2_anna/examples/f2_neg/f2_n
eg_055.tex
Overfull \hbox (29.8601pt too wide) in paragraph at lines 1--39
\TU/DejaVuSerif(0)/m/n/10 Text Sam-ple 895: NEG Dim 2 – sp – Score 1.00 
– sp/sp_ef_cien-cias_hu-manas_geo_2.txt 
 []

[2256] [2257])
(/home/eyamrog/PycharmProjects/cl_st1_anna/cl_st1_ph2_anna/examples/f2_neg/f2_n
eg_056.tex [2258])
(/home/eyamrog/PycharmProjects/cl_st1_anna/cl_st1_ph2_anna/examples/f2_neg/f2_n
eg_057.tex [2259])
(/home/eyamrog/PycharmProjects/cl_st1_anna/cl_st1_ph2_anna/examples/f2_neg/f2_n
eg_058.tex [2260])
(/home/eyamrog/PycharmProjects/cl_st1_anna/cl_st1_ph2_anna/examples/f2_neg/f2_n
eg_059.tex [2261] [2262])
(/home/eyamrog/PycharmProjects/cl_st1_anna/cl_st1_ph2_anna/examples/f2_neg/f2_n
eg_060.tex [2263])
(/home/eyamrog/PycharmProjects/cl_st1_anna/cl_st1_ph2_anna/examples/f2_neg/f2_n
eg_061.tex [2264] [2265])
(/home/eyamrog/PycharmProjects/cl_st1_anna/cl_st1_ph2_anna/examples/f2_neg/f2_n
eg_062.tex [2266])
(/home/eyamrog/PycharmProjects/cl_st1_anna/cl_st1_ph2_anna/examples/f2_neg/f2_n
eg_063.tex
Overfull \hbox (14.39485pt too wide) in paragraph at lines 1--23
\TU/DejaVuSerif(0)/m/n/10 cri-anças demon-stram in-ter-esse e cu-riosi-dade nas
 situ-ações de cri-ação de cenários,
 []

[2267] [2268])
(/home/eyamrog/PycharmProjects/cl_st1_anna/cl_st1_ph2_anna/examples/f2_neg/f2_n
eg_064.tex)
(/home/eyamrog/PycharmProjects/cl_st1_anna/cl_st1_ph2_anna/examples/f2_neg/f2_n
eg_065.tex [2269])
(/home/eyamrog/PycharmProjects/cl_st1_anna/cl_st1_ph2_anna/examples/f2_neg/f2_n
eg_066.tex [2270])
(/home/eyamrog/PycharmProjects/cl_st1_anna/cl_st1_ph2_anna/examples/f2_neg/f2_n
eg_067.tex [2271])
(/home/eyamrog/PycharmProjects/cl_st1_anna/cl_st1_ph2_anna/examples/f2_neg/f2_n
eg_068.tex [2272] [2273])
(/home/eyamrog/PycharmProjects/cl_st1_anna/cl_st1_ph2_anna/examples/f2_neg/f2_n
eg_069.tex [2274])
(/home/eyamrog/PycharmProjects/cl_st1_anna/cl_st1_ph2_anna/examples/f2_neg/f2_n
eg_070.tex)
(/home/eyamrog/PycharmProjects/cl_st1_anna/cl_st1_ph2_anna/examples/f2_neg/f2_n
eg_071.tex [2275] [2276])
(/home/eyamrog/PycharmProjects/cl_st1_anna/cl_st1_ph2_anna/examples/f2_neg/f2_n
eg_072.tex [2277])
(/home/eyamrog/PycharmProjects/cl_st1_anna/cl_st1_ph2_anna/examples/f2_neg/f2_n
eg_073.tex [2278])
(/home/eyamrog/PycharmProjects/cl_st1_anna/cl_st1_ph2_anna/examples/f2_neg/f2_n
eg_074.tex
Overfull \hbox (5.94165pt too wide) in paragraph at lines 1--13
[]  \TU/DejaVuSerif(0)/m/n/10 A ca-paci-dade de cri-ança con-struir rep-re-sen-
tações e ex-pressá -las pela lin-guagem
 []

[2279])
(/home/eyamrog/PycharmProjects/cl_st1_anna/cl_st1_ph2_anna/examples/f2_neg/f2_n
eg_075.tex [2280])
(/home/eyamrog/PycharmProjects/cl_st1_anna/cl_st1_ph2_anna/examples/f2_neg/f2_n
eg_076.tex [2281])
(/home/eyamrog/PycharmProjects/cl_st1_anna/cl_st1_ph2_anna/examples/f2_neg/f2_n
eg_077.tex [2282])
(/home/eyamrog/PycharmProjects/cl_st1_anna/cl_st1_ph2_anna/examples/f2_neg/f2_n
eg_078.tex [2283])
(/home/eyamrog/PycharmProjects/cl_st1_anna/cl_st1_ph2_anna/examples/f2_neg/f2_n
eg_079.tex [2284])
(/home/eyamrog/PycharmProjects/cl_st1_anna/cl_st1_ph2_anna/examples/f2_neg/f2_n
eg_080.tex)
(/home/eyamrog/PycharmProjects/cl_st1_anna/cl_st1_ph2_anna/examples/f2_neg/f2_n
eg_081.tex [2285])
(/home/eyamrog/PycharmProjects/cl_st1_anna/cl_st1_ph2_anna/examples/f2_neg/f2_n
eg_082.tex [2286])
(/home/eyamrog/PycharmProjects/cl_st1_anna/cl_st1_ph2_anna/examples/f2_neg/f2_n
eg_083.tex [2287] [2288])
(/home/eyamrog/PycharmProjects/cl_st1_anna/cl_st1_ph2_anna/examples/f2_neg/f2_n
eg_084.tex
Overfull \hbox (4.34354pt too wide) in paragraph at lines 1--17
[]  \TU/DejaVuSerif(0)/m/n/10 COM-PETÊN-CIAS PRO-POSTAS PARA OS ES-TU-DANTES DA
 ED-U-CAÇÃO BÁSICA
 []

[2289])
(/home/eyamrog/PycharmProjects/cl_st1_anna/cl_st1_ph2_anna/examples/f2_neg/f2_n
eg_085.tex [2290])
(/home/eyamrog/PycharmProjects/cl_st1_anna/cl_st1_ph2_anna/examples/f2_neg/f2_n
eg_086.tex
Overfull \hbox (6.66287pt too wide) in paragraph at lines 1--3
[]  \TU/DejaVuSerif(0)/m/n/10 IN-STRU-MEN-TOS E PRO-CED-I-MEN-TOS DE AVALI-AÇ
ÃO - ANOS FI-NAIS • Avaliar
 []

)
(/home/eyamrog/PycharmProjects/cl_st1_anna/cl_st1_ph2_anna/examples/f2_neg/f2_n
eg_087.tex [2291])
(/home/eyamrog/PycharmProjects/cl_st1_anna/cl_st1_ph2_anna/examples/f2_neg/f2_n
eg_088.tex [2292])
(/home/eyamrog/PycharmProjects/cl_st1_anna/cl_st1_ph2_anna/examples/f2_neg/f2_n
eg_089.tex [2293])
(/home/eyamrog/PycharmProjects/cl_st1_anna/cl_st1_ph2_anna/examples/f2_neg/f2_n
eg_090.tex)
(/home/eyamrog/PycharmProjects/cl_st1_anna/cl_st1_ph2_anna/examples/f2_neg/f2_n
eg_091.tex [2294])
(/home/eyamrog/PycharmProjects/cl_st1_anna/cl_st1_ph2_anna/examples/f2_neg/f2_n
eg_092.tex [2295])
(/home/eyamrog/PycharmProjects/cl_st1_anna/cl_st1_ph2_anna/examples/f2_neg/f2_n
eg_093.tex
Overfull \hbox (5.46614pt too wide) in paragraph at lines 1--14
\TU/DejaVuSerif(0)/m/n/10 com-po-nente cur-ric-u-lar de Ge-ografia, em ar-tic-u-
lação com as com-petên-cias gerais
 []

[2296])
(/home/eyamrog/PycharmProjects/cl_st1_anna/cl_st1_ph2_anna/examples/f2_neg/f2_n
eg_094.tex [2297] [2298])
(/home/eyamrog/PycharmProjects/cl_st1_anna/cl_st1_ph2_anna/examples/f2_neg/f2_n
eg_095.tex)
(/home/eyamrog/PycharmProjects/cl_st1_anna/cl_st1_ph2_anna/examples/f2_neg/f2_n
eg_096.tex [2299])
(/home/eyamrog/PycharmProjects/cl_st1_anna/cl_st1_ph2_anna/examples/f2_neg/f2_n
eg_097.tex [2300])
(/home/eyamrog/PycharmProjects/cl_st1_anna/cl_st1_ph2_anna/examples/f2_neg/f2_n
eg_098.tex
Overfull \hbox (17.31616pt too wide) in paragraph at lines 1--25
\TU/DejaVuSerif(0)/m/n/10 Text Sam-ple 938: NEG Dim 2 – mg – Score 1.00 
– mg/mg_ef_lin-gua-gens_ed_fis_9.txt 
 []

[2301] [2302])
(/home/eyamrog/PycharmProjects/cl_st1_anna/cl_st1_ph2_anna/examples/f2_neg/f2_n
eg_099.tex
Overfull \hbox (23.67847pt too wide) in paragraph at lines 1--17
\TU/DejaVuSerif(0)/m/n/10 Text Sam-ple 939: NEG Dim 2 – mg – Score 1.00 
– mg/mg_ef_lin-gua-gens_ed_fis_11.txt 
 []

)
(/home/eyamrog/PycharmProjects/cl_st1_anna/cl_st1_ph2_anna/examples/f2_neg/f2_n
eg_100.tex
Overfull \hbox (23.67847pt too wide) in paragraph at lines 1--14
\TU/DejaVuSerif(0)/m/n/10 Text Sam-ple 940: NEG Dim 2 – mg – Score 1.00 
– mg/mg_ef_lin-gua-gens_ed_fis_12.txt 
 []


Overfull \hbox (13.23958pt too wide) in paragraph at lines 1--14
\TU/DejaVuSerif(0)/m/n/10 põem nosso repertório de práti-cas cor-po-rais com sen-ti-dos, sig-nifi-ca-dos e tradi
ções
 []

[2303])
(/home/eyamrog/PycharmProjects/cl_st1_anna/cl_st1_ph2_anna/examples/f2_neg/f2_n
eg_101.tex [2304])
(/home/eyamrog/PycharmProjects/cl_st1_anna/cl_st1_ph2_anna/examples/f2_neg/f2_n
eg_102.tex [2305])
(/home/eyamrog/PycharmProjects/cl_st1_anna/cl_st1_ph2_anna/examples/f2_neg/f2_n
eg_103.tex [2306] [2307])
(/home/eyamrog/PycharmProjects/cl_st1_anna/cl_st1_ph2_anna/examples/f2_neg/f2_n
eg_104.tex [2308] [2309] [2310] [2311])
(/home/eyamrog/PycharmProjects/cl_st1_anna/cl_st1_ph2_anna/examples/f2_neg/f2_n
eg_105.tex [2312])
(/home/eyamrog/PycharmProjects/cl_st1_anna/cl_st1_ph2_anna/examples/f2_neg/f2_n
eg_106.tex)
(/home/eyamrog/PycharmProjects/cl_st1_anna/cl_st1_ph2_anna/examples/f2_neg/f2_n
eg_107.tex
Overfull \hbox (11.45923pt too wide) in paragraph at lines 1--16
[]  \TU/DejaVuSerif(0)/m/n/10 3.1.1 Com-petên-cias Gerais É im-pre-scindível destacar que as com-pet
ên-cias gerais,
 []

[2313])
(/home/eyamrog/PycharmProjects/cl_st1_anna/cl_st1_ph2_anna/examples/f2_neg/f2_n
eg_108.tex [2314])
(/home/eyamrog/PycharmProjects/cl_st1_anna/cl_st1_ph2_anna/examples/f2_neg/f2_n
eg_109.tex [2315] [2316])
(/home/eyamrog/PycharmProjects/cl_st1_anna/cl_st1_ph2_anna/examples/f2_neg/f2_n
eg_110.tex [2317])
(/home/eyamrog/PycharmProjects/cl_st1_anna/cl_st1_ph2_anna/examples/f2_neg/f2_n
eg_111.tex [2318] [2319] [2320])
(/home/eyamrog/PycharmProjects/cl_st1_anna/cl_st1_ph2_anna/examples/f2_neg/f2_n
eg_112.tex)
(/home/eyamrog/PycharmProjects/cl_st1_anna/cl_st1_ph2_anna/examples/f2_neg/f2_n
eg_113.tex [2321] [2322])
(/home/eyamrog/PycharmProjects/cl_st1_anna/cl_st1_ph2_anna/examples/f2_neg/f2_n
eg_114.tex [2323])
(/home/eyamrog/PycharmProjects/cl_st1_anna/cl_st1_ph2_anna/examples/f2_neg/f2_n
eg_115.tex [2324] [2325] [2326] [2327] [2328])
(/home/eyamrog/PycharmProjects/cl_st1_anna/cl_st1_ph2_anna/examples/f2_neg/f2_n
eg_116.tex [2329])
(/home/eyamrog/PycharmProjects/cl_st1_anna/cl_st1_ph2_anna/examples/f2_neg/f2_n
eg_117.tex)
(/home/eyamrog/PycharmProjects/cl_st1_anna/cl_st1_ph2_anna/examples/f2_neg/f2_n
eg_118.tex [2330])
(/home/eyamrog/PycharmProjects/cl_st1_anna/cl_st1_ph2_anna/examples/f2_neg/f2_n
eg_119.tex [2331] [2332])
(/home/eyamrog/PycharmProjects/cl_st1_anna/cl_st1_ph2_anna/examples/f2_neg/f2_n
eg_120.tex [2333])
(/home/eyamrog/PycharmProjects/cl_st1_anna/cl_st1_ph2_anna/examples/f2_neg/f2_n
eg_121.tex [2334])
(/home/eyamrog/PycharmProjects/cl_st1_anna/cl_st1_ph2_anna/examples/f2_neg/f2_n
eg_122.tex [2335])
(/home/eyamrog/PycharmProjects/cl_st1_anna/cl_st1_ph2_anna/examples/f2_neg/f2_n
eg_123.tex)
(/home/eyamrog/PycharmProjects/cl_st1_anna/cl_st1_ph2_anna/examples/f2_neg/f2_n
eg_124.tex
Overfull \hbox (4.5306pt too wide) in paragraph at lines 1--9
\TU/DejaVuSerif(0)/m/n/10 Nesse con-texto, o com-po-nente Lín-gua Por-tuguesa 
pre-cisa con-tribuir, de maneira
 []

[2336])
(/home/eyamrog/PycharmProjects/cl_st1_anna/cl_st1_ph2_anna/examples/f2_neg/f2_n
eg_125.tex [2337])
(/home/eyamrog/PycharmProjects/cl_st1_anna/cl_st1_ph2_anna/examples/f2_neg/f2_n
eg_126.tex [2338])
(/home/eyamrog/PycharmProjects/cl_st1_anna/cl_st1_ph2_anna/examples/f2_neg/f2_n
eg_127.tex [2339] [2340])
(/home/eyamrog/PycharmProjects/cl_st1_anna/cl_st1_ph2_anna/examples/f2_neg/f2_n
eg_128.tex [2341] [2342] [2343])
(/home/eyamrog/PycharmProjects/cl_st1_anna/cl_st1_ph2_anna/examples/f2_neg/f2_n
eg_129.tex [2344] [2345] [2346])
(/home/eyamrog/PycharmProjects/cl_st1_anna/cl_st1_ph2_anna/examples/f2_neg/f2_n
eg_130.tex
Overfull \hbox (1.63249pt too wide) in paragraph at lines 1--19
\TU/DejaVuSerif(0)/m/n/10 como as artes vi-suais ( pin-tura, mod-e-lagem, co-lag
em, fo-tografia etc. ), a música,
 []

[2347] [2348] [2349])
(/home/eyamrog/PycharmProjects/cl_st1_anna/cl_st1_ph2_anna/examples/f2_neg/f2_n
eg_131.tex
Overfull \hbox (6.28352pt too wide) in paragraph at lines 1--32
\TU/DejaVuSerif(0)/m/n/10 cria-tivi-dade, bem como das teo-rias de-sen-volvi-das
 nas úl-ti-mas dé-cadas, há muitos
 []


Overfull \hbox (11.83821pt too wide) in paragraph at lines 1--32
\TU/DejaVuSerif(0)/m/n/10 con-ceitos atribuí-dos ao termo, não sendo pos-síve
l ap-re-sen-tar uma única definição.
 []

[2350] [2351])
(/home/eyamrog/PycharmProjects/cl_st1_anna/cl_st1_ph2_anna/examples/f2_neg/f2_n
eg_132.tex
Overfull \hbox (12.85857pt too wide) in paragraph at lines 1--15
[]  \TU/DejaVuSerif(0)/m/n/10 16.5. Es-paços, tem-pos, quan-ti-dades, re-laç
ões e trans-for-mações Au-tora : Gabrielly
 []

[2352])
(/home/eyamrog/PycharmProjects/cl_st1_anna/cl_st1_ph2_anna/examples/f2_neg/f2_n
eg_133.tex)
(/home/eyamrog/PycharmProjects/cl_st1_anna/cl_st1_ph2_anna/examples/f2_neg/f2_n
eg_134.tex [2353])
(/home/eyamrog/PycharmProjects/cl_st1_anna/cl_st1_ph2_anna/examples/f2_neg/f2_n
eg_135.tex [2354])
(/home/eyamrog/PycharmProjects/cl_st1_anna/cl_st1_ph2_anna/examples/f2_neg/f2_n
eg_136.tex [2355] [2356])
(/home/eyamrog/PycharmProjects/cl_st1_anna/cl_st1_ph2_anna/examples/f2_neg/f2_n
eg_137.tex [2357] [2358] [2359])
(/home/eyamrog/PycharmProjects/cl_st1_anna/cl_st1_ph2_anna/examples/f2_neg/f2_n
eg_138.tex [2360])
(/home/eyamrog/PycharmProjects/cl_st1_anna/cl_st1_ph2_anna/examples/f2_neg/f2_n
eg_139.tex
Overfull \hbox (2.7588pt too wide) in paragraph at lines 1--26
[]  \TU/DejaVuSerif(0)/m/n/10 COM-PETÊN-CIAS GERAIS E ES-PECÍ-FI-CAS Mere-cem destaque, ainda, tr
ês pres-
 []

[2361])
(/home/eyamrog/PycharmProjects/cl_st1_anna/cl_st1_ph2_anna/examples/f2_neg/f2_n
eg_140.tex [2362] [2363])
(/home/eyamrog/PycharmProjects/cl_st1_anna/cl_st1_ph2_anna/examples/f2_neg/f2_n
eg_141.tex)
(/home/eyamrog/PycharmProjects/cl_st1_anna/cl_st1_ph2_anna/examples/f2_neg/f2_n
eg_142.tex [2364])
(/home/eyamrog/PycharmProjects/cl_st1_anna/cl_st1_ph2_anna/examples/f2_neg/f2_n
eg_143.tex [2365])
(/home/eyamrog/PycharmProjects/cl_st1_anna/cl_st1_ph2_anna/examples/f2_neg/f2_n
eg_144.tex [2366])
(/home/eyamrog/PycharmProjects/cl_st1_anna/cl_st1_ph2_anna/examples/f2_neg/f2_n
eg_145.tex)
(/home/eyamrog/PycharmProjects/cl_st1_anna/cl_st1_ph2_anna/examples/f2_neg/f2_n
eg_146.tex
Missing character: There is no ° (U+00B0) in font nullfont!
Missing character: There is no ° (U+00B0) in font nullfont!
[2367] [2368
Missing character: There is no ° (U+00B0) in font nullfont!
])
(/home/eyamrog/PycharmProjects/cl_st1_anna/cl_st1_ph2_anna/examples/f2_neg/f2_n
eg_147.tex)
(/home/eyamrog/PycharmProjects/cl_st1_anna/cl_st1_ph2_anna/examples/f2_neg/f2_n
eg_148.tex)
(/home/eyamrog/PycharmProjects/cl_st1_anna/cl_st1_ph2_anna/examples/f2_neg/f2_n
eg_149.tex [2369])
(/home/eyamrog/PycharmProjects/cl_st1_anna/cl_st1_ph2_anna/examples/f2_neg/f2_n
eg_150.tex [2370])
(/home/eyamrog/PycharmProjects/cl_st1_anna/cl_st1_ph2_anna/examples/f2_neg/f2_n
eg_151.tex)
(/home/eyamrog/PycharmProjects/cl_st1_anna/cl_st1_ph2_anna/examples/f2_neg/f2_n
eg_152.tex [2371] [2372])
(/home/eyamrog/PycharmProjects/cl_st1_anna/cl_st1_ph2_anna/examples/f2_neg/f2_n
eg_153.tex
Overfull \hbox (3.25813pt too wide) in paragraph at lines 1--14
\TU/DejaVuSerif(0)/m/n/10 sua in-fluên-cia no de-sen-volvi-mento cien-tí-fico,
 tec-nológico, so-cial e cul-tural, tanto
 []

)
(/home/eyamrog/PycharmProjects/cl_st1_anna/cl_st1_ph2_anna/examples/f2_neg/f2_n
eg_154.tex
Overfull \hbox (12.35767pt too wide) in paragraph at lines 1--29
[]  \TU/DejaVuSerif(0)/m/n/10 Unidade Temática 1 — História como Campo do Co
n-hec-i-mento A unidade temática
 []


Overfull \hbox (3.32097pt too wide) in paragraph at lines 1--29
\TU/DejaVuSerif(0)/m/n/10 de história. São dis-cu-ti-das as fontes e suas car-
ac-terís-ti-cas, o tempo e a memória,
 []

[2373] [2374])
(/home/eyamrog/PycharmProjects/cl_st1_anna/cl_st1_ph2_anna/examples/f2_neg/f2_n
eg_155.tex [2375] [2376])
(/home/eyamrog/PycharmProjects/cl_st1_anna/cl_st1_ph2_anna/examples/f2_neg/f2_n
eg_156.tex [2377])
(/home/eyamrog/PycharmProjects/cl_st1_anna/cl_st1_ph2_anna/examples/f2_neg/f2_n
eg_157.tex [2378])
(/home/eyamrog/PycharmProjects/cl_st1_anna/cl_st1_ph2_anna/examples/f2_neg/f2_n
eg_158.tex
Overfull \hbox (21.17903pt too wide) in paragraph at lines 1--18
\TU/DejaVuSerif(0)/m/n/10 fes-tações ex-pres-si-vas e cul-tur-ais da hu-manida
de, re-unindo car-ac-terís-ti-cas próprias,
 []

[2379])
(/home/eyamrog/PycharmProjects/cl_st1_anna/cl_st1_ph2_anna/examples/f2_neg/f2_n
eg_159.tex [2380] [2381])
(/home/eyamrog/PycharmProjects/cl_st1_anna/cl_st1_ph2_anna/examples/f2_neg/f2_n
eg_160.tex [2382])
(/home/eyamrog/PycharmProjects/cl_st1_anna/cl_st1_ph2_anna/examples/f2_neg/f2_n
eg_161.tex [2383] [2384] [2385] [2386])
(/home/eyamrog/PycharmProjects/cl_st1_anna/cl_st1_ph2_anna/examples/f2_neg/f2_n
eg_162.tex [2387])
(/home/eyamrog/PycharmProjects/cl_st1_anna/cl_st1_ph2_anna/examples/f2_neg/f2_n
eg_163.tex [2388])
(/home/eyamrog/PycharmProjects/cl_st1_anna/cl_st1_ph2_anna/examples/f2_neg/f2_n
eg_164.tex)
(/home/eyamrog/PycharmProjects/cl_st1_anna/cl_st1_ph2_anna/examples/f2_neg/f2_n
eg_165.tex [2389])
(/home/eyamrog/PycharmProjects/cl_st1_anna/cl_st1_ph2_anna/examples/f2_neg/f2_n
eg_166.tex [2390])
(/home/eyamrog/PycharmProjects/cl_st1_anna/cl_st1_ph2_anna/examples/f2_neg/f2_n
eg_167.tex)
(/home/eyamrog/PycharmProjects/cl_st1_anna/cl_st1_ph2_anna/examples/f2_neg/f2_n
eg_168.tex [2391])
(/home/eyamrog/PycharmProjects/cl_st1_anna/cl_st1_ph2_anna/examples/f2_neg/f2_n
eg_169.tex [2392])
(/home/eyamrog/PycharmProjects/cl_st1_anna/cl_st1_ph2_anna/examples/f2_neg/f2_n
eg_170.tex [2393])
(/home/eyamrog/PycharmProjects/cl_st1_anna/cl_st1_ph2_anna/examples/f2_neg/f2_n
eg_171.tex [2394])
(/home/eyamrog/PycharmProjects/cl_st1_anna/cl_st1_ph2_anna/examples/f2_neg/f2_n
eg_172.tex)
(/home/eyamrog/PycharmProjects/cl_st1_anna/cl_st1_ph2_anna/examples/f2_neg/f2_n
eg_173.tex
Overfull \hbox (9.73991pt too wide) in paragraph at lines 1--10
[]  \TU/DejaVuSerif(0)/m/n/10 1. Uti-lizar os con-hec-i-men-tos ge-ográ-fi-cos para en-ten-der a in-ter-a
ção so-ciedade/na-
 []

[2395])
(/home/eyamrog/PycharmProjects/cl_st1_anna/cl_st1_ph2_anna/examples/f2_neg/f2_n
eg_174.tex [2396])
(/home/eyamrog/PycharmProjects/cl_st1_anna/cl_st1_ph2_anna/examples/f2_neg/f2_n
eg_175.tex [2397])
(/home/eyamrog/PycharmProjects/cl_st1_anna/cl_st1_ph2_anna/examples/f2_neg/f2_n
eg_176.tex [2398] [2399])
(/home/eyamrog/PycharmProjects/cl_st1_anna/cl_st1_ph2_anna/examples/f2_neg/f2_n
eg_177.tex)
(/home/eyamrog/PycharmProjects/cl_st1_anna/cl_st1_ph2_anna/examples/f2_neg/f2_n
eg_178.tex [2400])
(/home/eyamrog/PycharmProjects/cl_st1_anna/cl_st1_ph2_anna/examples/f2_neg/f2_n
eg_179.tex [2401] [2402])
(/home/eyamrog/PycharmProjects/cl_st1_anna/cl_st1_ph2_anna/examples/f2_neg/f2_n
eg_180.tex [2403])
(/home/eyamrog/PycharmProjects/cl_st1_anna/cl_st1_ph2_anna/examples/f2_neg/f2_n
eg_181.tex [2404])
(/home/eyamrog/PycharmProjects/cl_st1_anna/cl_st1_ph2_anna/examples/f2_neg/f2_n
eg_182.tex
Overfull \hbox (1.20772pt too wide) in paragraph at lines 1--16
[]  \TU/DejaVuSerif(0)/m/n/10 COM-PETÊN-CIAS ES-PECÍ-FI-CAS DE ED-U-CAÇÃO F
ÍSICA PARA O EN-SINO FUN-
 []

[2405])
(/home/eyamrog/PycharmProjects/cl_st1_anna/cl_st1_ph2_anna/examples/f2_neg/f2_n
eg_183.tex [2406])
(/home/eyamrog/PycharmProjects/cl_st1_anna/cl_st1_ph2_anna/examples/f2_neg/f2_n
eg_184.tex [2407] [2408] [2409] [2410])
(/home/eyamrog/PycharmProjects/cl_st1_anna/cl_st1_ph2_anna/examples/f2_neg/f2_n
eg_185.tex [2411] [2412])
(/home/eyamrog/PycharmProjects/cl_st1_anna/cl_st1_ph2_anna/examples/f2_neg/f2_n
eg_186.tex)
(/home/eyamrog/PycharmProjects/cl_st1_anna/cl_st1_ph2_anna/examples/f2_neg/f2_n
eg_187.tex [2413])
(/home/eyamrog/PycharmProjects/cl_st1_anna/cl_st1_ph2_anna/examples/f2_neg/f2_n
eg_188.tex
Overfull \hbox (0.13704pt too wide) in paragraph at lines 1--13
\TU/DejaVuSerif(0)/m/n/10 com-preen-são da Ed-u-cação Física im-plica con-si
d-erar cer-tos critérios pe-los quais
 []

[2414])
(/home/eyamrog/PycharmProjects/cl_st1_anna/cl_st1_ph2_anna/examples/f2_neg/f2_n
eg_189.tex [2415])
(/home/eyamrog/PycharmProjects/cl_st1_anna/cl_st1_ph2_anna/examples/f2_neg/f2_n
eg_190.tex [2416])
(/home/eyamrog/PycharmProjects/cl_st1_anna/cl_st1_ph2_anna/examples/f2_neg/f2_n
eg_191.tex [2417])
(/home/eyamrog/PycharmProjects/cl_st1_anna/cl_st1_ph2_anna/examples/f2_neg/f2_n
eg_192.tex [2418])
(/home/eyamrog/PycharmProjects/cl_st1_anna/cl_st1_ph2_anna/examples/f2_neg/f2_n
eg_193.tex [2419])
(/home/eyamrog/PycharmProjects/cl_st1_anna/cl_st1_ph2_anna/examples/f2_neg/f2_n
eg_194.tex [2420])
(/home/eyamrog/PycharmProjects/cl_st1_anna/cl_st1_ph2_anna/examples/f2_neg/f2_n
eg_195.tex)
(/home/eyamrog/PycharmProjects/cl_st1_anna/cl_st1_ph2_anna/examples/f2_neg/f2_n
eg_196.tex [2421])
(/home/eyamrog/PycharmProjects/cl_st1_anna/cl_st1_ph2_anna/examples/f2_neg/f2_n
eg_197.tex [2422] [2423])
(/home/eyamrog/PycharmProjects/cl_st1_anna/cl_st1_ph2_anna/examples/f2_neg/f2_n
eg_198.tex [2424])
(/home/eyamrog/PycharmProjects/cl_st1_anna/cl_st1_ph2_anna/examples/f2_neg/f2_n
eg_199.tex [2425] [2426] [2427] [2428])
(/home/eyamrog/PycharmProjects/cl_st1_anna/cl_st1_ph2_anna/examples/f2_neg/f2_n
eg_200.tex [2429])
(/home/eyamrog/PycharmProjects/cl_st1_anna/cl_st1_ph2_anna/examples/f2_neg/f2_n
eg_201.tex [2430])
(/home/eyamrog/PycharmProjects/cl_st1_anna/cl_st1_ph2_anna/examples/f2_neg/f2_n
eg_202.tex [2431])
(/home/eyamrog/PycharmProjects/cl_st1_anna/cl_st1_ph2_anna/examples/f2_neg/f2_n
eg_203.tex [2432])
(/home/eyamrog/PycharmProjects/cl_st1_anna/cl_st1_ph2_anna/examples/f2_neg/f2_n
eg_204.tex
Overfull \hbox (10.21411pt too wide) in paragraph at lines 1--21
\TU/DejaVuSerif(0)/m/n/10 dades a serem de-sen-volvi-das ao longo do En-sino Fun
-da-men-tal A unidade temática
 []

[2433])
(/home/eyamrog/PycharmProjects/cl_st1_anna/cl_st1_ph2_anna/examples/f2_neg/f2_n
eg_205.tex)
(/home/eyamrog/PycharmProjects/cl_st1_anna/cl_st1_ph2_anna/examples/f2_neg/f2_n
eg_206.tex [2434])
(/home/eyamrog/PycharmProjects/cl_st1_anna/cl_st1_ph2_anna/examples/f2_neg/f2_n
eg_207.tex [2435])
(/home/eyamrog/PycharmProjects/cl_st1_anna/cl_st1_ph2_anna/examples/f2_neg/f2_n
eg_208.tex)
(/home/eyamrog/PycharmProjects/cl_st1_anna/cl_st1_ph2_anna/examples/f2_neg/f2_n
eg_209.tex [2436])
(/home/eyamrog/PycharmProjects/cl_st1_anna/cl_st1_ph2_anna/examples/f2_neg/f2_n
eg_210.tex [2437])
(/home/eyamrog/PycharmProjects/cl_st1_anna/cl_st1_ph2_anna/examples/f2_neg/f2_n
eg_211.tex [2438])
(/home/eyamrog/PycharmProjects/cl_st1_anna/cl_st1_ph2_anna/examples/f2_neg/f2_n
eg_212.tex [2439])
(/home/eyamrog/PycharmProjects/cl_st1_anna/cl_st1_ph2_anna/examples/f2_neg/f2_n
eg_213.tex [2440] [2441])
(/home/eyamrog/PycharmProjects/cl_st1_anna/cl_st1_ph2_anna/examples/f2_neg/f2_n
eg_214.tex [2442] [2443])
(/home/eyamrog/PycharmProjects/cl_st1_anna/cl_st1_ph2_anna/examples/f2_neg/f2_n
eg_215.tex [2444] [2445])
(/home/eyamrog/PycharmProjects/cl_st1_anna/cl_st1_ph2_anna/examples/f2_neg/f2_n
eg_216.tex [2446])
(/home/eyamrog/PycharmProjects/cl_st1_anna/cl_st1_ph2_anna/examples/f2_neg/f2_n
eg_217.tex)
(/home/eyamrog/PycharmProjects/cl_st1_anna/cl_st1_ph2_anna/examples/f2_neg/f2_n
eg_218.tex [2447])
(/home/eyamrog/PycharmProjects/cl_st1_anna/cl_st1_ph2_anna/examples/f2_neg/f2_n
eg_219.tex [2448])
(/home/eyamrog/PycharmProjects/cl_st1_anna/cl_st1_ph2_anna/examples/f2_neg/f2_n
eg_220.tex)
(/home/eyamrog/PycharmProjects/cl_st1_anna/cl_st1_ph2_anna/examples/f2_neg/f2_n
eg_221.tex [2449] [2450])
(/home/eyamrog/PycharmProjects/cl_st1_anna/cl_st1_ph2_anna/examples/f2_neg/f2_n
eg_222.tex [2451])
(/home/eyamrog/PycharmProjects/cl_st1_anna/cl_st1_ph2_anna/examples/f2_neg/f2_n
eg_223.tex
Overfull \hbox (7.36006pt too wide) in paragraph at lines 1--3
[]  \TU/DejaVuSerif(0)/m/n/10 COM-PETÊN-CIAS ES-PECÍ-FI-CAS DE EN-SINO RE-LI-G
IOSO PARA O EN-SINO FUN-
 []


Overfull \hbox (10.39316pt too wide) in paragraph at lines 1--3
\TU/DejaVuSerif(0)/m/n/10 DA-MEN-TAL 1. con-hecer os as-pec-tos es-tru-tu-rantes
 das difer-entes tradições/movi-
 []

)
(/home/eyamrog/PycharmProjects/cl_st1_anna/cl_st1_ph2_anna/examples/f2_neg/f2_n
eg_224.tex [2452] [2453])
(/home/eyamrog/PycharmProjects/cl_st1_anna/cl_st1_ph2_anna/examples/f2_neg/f2_n
eg_225.tex)
(/home/eyamrog/PycharmProjects/cl_st1_anna/cl_st1_ph2_anna/examples/f2_neg/f2_n
eg_226.tex [2454])
(/home/eyamrog/PycharmProjects/cl_st1_anna/cl_st1_ph2_anna/examples/f2_neg/f2_n
eg_227.tex [2455] [2456])
(/home/eyamrog/PycharmProjects/cl_st1_anna/cl_st1_ph2_anna/examples/f2_neg/f2_n
eg_228.tex [2457])
(/home/eyamrog/PycharmProjects/cl_st1_anna/cl_st1_ph2_anna/examples/f2_neg/f2_n
eg_229.tex [2458] [2459])
(/home/eyamrog/PycharmProjects/cl_st1_anna/cl_st1_ph2_anna/examples/f2_neg/f2_n
eg_230.tex
Overfull \hbox (10.0013pt too wide) in paragraph at lines 1--14
\TU/DejaVuSerif(0)/m/n/10 das, desde as cri-anças até os mais vel-hos, pos-sue
m di-ver-sas ex-per-iên-cias, reúnem
 []

)
(/home/eyamrog/PycharmProjects/cl_st1_anna/cl_st1_ph2_anna/examples/f2_neg/f2_n
eg_231.tex [2460] [2461])
(/home/eyamrog/PycharmProjects/cl_st1_anna/cl_st1_ph2_anna/examples/f2_neg/f2_n
eg_232.tex [2462] [2463])
(/home/eyamrog/PycharmProjects/cl_st1_anna/cl_st1_ph2_anna/examples/f2_neg/f2_n
eg_233.tex)
(/home/eyamrog/PycharmProjects/cl_st1_anna/cl_st1_ph2_anna/examples/f2_neg/f2_n
eg_234.tex [2464])
(/home/eyamrog/PycharmProjects/cl_st1_anna/cl_st1_ph2_anna/examples/f2_neg/f2_n
eg_235.tex [2465] [2466])
(/home/eyamrog/PycharmProjects/cl_st1_anna/cl_st1_ph2_anna/examples/f2_neg/f2_n
eg_236.tex [2467])
(/home/eyamrog/PycharmProjects/cl_st1_anna/cl_st1_ph2_anna/examples/f2_neg/f2_n
eg_237.tex [2468] [2469])
(/home/eyamrog/PycharmProjects/cl_st1_anna/cl_st1_ph2_anna/examples/f2_neg/f2_n
eg_238.tex [2470] [2471])
(/home/eyamrog/PycharmProjects/cl_st1_anna/cl_st1_ph2_anna/examples/f2_neg/f2_n
eg_239.tex [2472])
(/home/eyamrog/PycharmProjects/cl_st1_anna/cl_st1_ph2_anna/examples/f2_neg/f2_n
eg_240.tex [2473] [2474])
(/home/eyamrog/PycharmProjects/cl_st1_anna/cl_st1_ph2_anna/examples/f2_neg/f2_n
eg_241.tex [2475] [2476])
(/home/eyamrog/PycharmProjects/cl_st1_anna/cl_st1_ph2_anna/examples/f2_neg/f2_n
eg_242.tex [2477] [2478])
(/home/eyamrog/PycharmProjects/cl_st1_anna/cl_st1_ph2_anna/examples/f2_neg/f2_n
eg_243.tex [2479])
(/home/eyamrog/PycharmProjects/cl_st1_anna/cl_st1_ph2_anna/examples/f2_neg/f2_n
eg_244.tex [2480])
(/home/eyamrog/PycharmProjects/cl_st1_anna/cl_st1_ph2_anna/examples/f2_neg/f2_n
eg_245.tex [2481])
(/home/eyamrog/PycharmProjects/cl_st1_anna/cl_st1_ph2_anna/examples/f2_neg/f2_n
eg_246.tex [2482])
(/home/eyamrog/PycharmProjects/cl_st1_anna/cl_st1_ph2_anna/examples/f2_neg/f2_n
eg_247.tex [2483])
(/home/eyamrog/PycharmProjects/cl_st1_anna/cl_st1_ph2_anna/examples/f2_neg/f2_n
eg_248.tex [2484])
(/home/eyamrog/PycharmProjects/cl_st1_anna/cl_st1_ph2_anna/examples/f2_neg/f2_n
eg_249.tex [2485])
(/home/eyamrog/PycharmProjects/cl_st1_anna/cl_st1_ph2_anna/examples/f2_neg/f2_n
eg_250.tex [2486])
(/home/eyamrog/PycharmProjects/cl_st1_anna/cl_st1_ph2_anna/examples/f2_neg/f2_n
eg_251.tex [2487] [2488])
(/home/eyamrog/PycharmProjects/cl_st1_anna/cl_st1_ph2_anna/examples/f2_neg/f2_n
eg_252.tex [2489])
(/home/eyamrog/PycharmProjects/cl_st1_anna/cl_st1_ph2_anna/examples/f2_neg/f2_n
eg_253.tex)
(/home/eyamrog/PycharmProjects/cl_st1_anna/cl_st1_ph2_anna/examples/f2_neg/f2_n
eg_254.tex [2490] [2491])
(/home/eyamrog/PycharmProjects/cl_st1_anna/cl_st1_ph2_anna/examples/f2_neg/f2_n
eg_255.tex)
(/home/eyamrog/PycharmProjects/cl_st1_anna/cl_st1_ph2_anna/examples/f2_neg/f2_n
eg_256.tex [2492] [2493])
(/home/eyamrog/PycharmProjects/cl_st1_anna/cl_st1_ph2_anna/examples/f2_neg/f2_n
eg_257.tex [2494])
(/home/eyamrog/PycharmProjects/cl_st1_anna/cl_st1_ph2_anna/examples/f2_neg/f2_n
eg_258.tex [2495] [2496])
(/home/eyamrog/PycharmProjects/cl_st1_anna/cl_st1_ph2_anna/examples/f2_neg/f2_n
eg_259.tex [2497] [2498])
(/home/eyamrog/PycharmProjects/cl_st1_anna/cl_st1_ph2_anna/examples/f2_neg/f2_n
eg_260.tex)
(/home/eyamrog/PycharmProjects/cl_st1_anna/cl_st1_ph2_anna/examples/f2_neg/f2_n
eg_261.tex [2499])
(/home/eyamrog/PycharmProjects/cl_st1_anna/cl_st1_ph2_anna/examples/f2_neg/f2_n
eg_262.tex [2500] [2501])
(/home/eyamrog/PycharmProjects/cl_st1_anna/cl_st1_ph2_anna/examples/f2_neg/f2_n
eg_263.tex [2502])
(/home/eyamrog/PycharmProjects/cl_st1_anna/cl_st1_ph2_anna/examples/f2_neg/f2_n
eg_264.tex
Overfull \hbox (7.36006pt too wide) in paragraph at lines 1--9
[]  \TU/DejaVuSerif(0)/m/n/10 COM-PETÊN-CIAS ES-PECÍ-FI-CAS DE EN-SINO RE-LI-G
IOSO PARA O EN-SINO FUN-
 []


Overfull \hbox (12.44394pt too wide) in paragraph at lines 1--9
\TU/DejaVuSerif(0)/m/n/10 DA-MEN-TAL 1. Con-hecer os as-pec-tos es-tru-tu-rantes
 das difer-entes tradições/movi-
 []

)
(/home/eyamrog/PycharmProjects/cl_st1_anna/cl_st1_ph2_anna/examples/f2_neg/f2_n
eg_265.tex [2503])
(/home/eyamrog/PycharmProjects/cl_st1_anna/cl_st1_ph2_anna/examples/f2_neg/f2_n
eg_266.tex [2504])
(/home/eyamrog/PycharmProjects/cl_st1_anna/cl_st1_ph2_anna/examples/f2_neg/f2_n
eg_267.tex)
(/home/eyamrog/PycharmProjects/cl_st1_anna/cl_st1_ph2_anna/examples/f2_neg/f2_n
eg_268.tex [2505] [2506])
(/home/eyamrog/PycharmProjects/cl_st1_anna/cl_st1_ph2_anna/examples/f2_neg/f2_n
eg_269.tex
Overfull \hbox (0.29524pt too wide) in paragraph at lines 1--17
\TU/DejaVuSerif(0)/m/n/10 século XIX. Porém, foram muitos fatos e ex-per-iên-
cias como peças de um quebra-
 []

[2507])
(/home/eyamrog/PycharmProjects/cl_st1_anna/cl_st1_ph2_anna/examples/f2_neg/f2_n
eg_270.tex)
(/home/eyamrog/PycharmProjects/cl_st1_anna/cl_st1_ph2_anna/examples/f2_neg/f2_n
eg_271.tex [2508] [2509] [2510])
(/home/eyamrog/PycharmProjects/cl_st1_anna/cl_st1_ph2_anna/examples/f2_neg/f2_n
eg_272.tex [2511] [2512] [2513] [2514] [2515])
(/home/eyamrog/PycharmProjects/cl_st1_anna/cl_st1_ph2_anna/examples/f2_neg/f2_n
eg_273.tex)
(/home/eyamrog/PycharmProjects/cl_st1_anna/cl_st1_ph2_anna/examples/f2_neg/f2_n
eg_274.tex [2516] [2517] [2518] [2519])
(/home/eyamrog/PycharmProjects/cl_st1_anna/cl_st1_ph2_anna/examples/f2_neg/f2_n
eg_275.tex
Overfull \hbox (1.75986pt too wide) in paragraph at lines 1--14
[]  \TU/DejaVuSerif(0)/m/n/10 1.1 ED-U-CAÇÃO AM-BI-EN-TAL FOR-MAL Con-sul-tora
 Rosemy da Silva Nasci-mento
 []

)
(/home/eyamrog/PycharmProjects/cl_st1_anna/cl_st1_ph2_anna/examples/f2_neg/f2_n
eg_276.tex
Overfull \hbox (12.4809pt too wide) in paragraph at lines 1--12
\TU/DejaVuSerif(0)/m/n/10 com-petên-cias es-pecí-fi-cas. LIN-GUA-GENS EN-SINO FUN-DA-MEN-TAL COM-PET
ÊN-
 []

[2520])
(/home/eyamrog/PycharmProjects/cl_st1_anna/cl_st1_ph2_anna/examples/f2_neg/f2_n
eg_277.tex [2521] [2522] [2523])
(/home/eyamrog/PycharmProjects/cl_st1_anna/cl_st1_ph2_anna/examples/f2_neg/f2_n
eg_278.tex
Overfull \hbox (11.83482pt too wide) in paragraph at lines 1--22
\TU/DejaVuSerif(0)/m/n/10 CIAS DA NA-TUREZA E SUAS TEC-NOLO-GIAS Os temas con-te
m-porâ-neos transver-
 []

[2524])
(/home/eyamrog/PycharmProjects/cl_st1_anna/cl_st1_ph2_anna/examples/f2_neg/f2_n
eg_279.tex [2525] [2526])
(/home/eyamrog/PycharmProjects/cl_st1_anna/cl_st1_ph2_anna/examples/f2_neg/f2_n
eg_280.tex)
(/home/eyamrog/PycharmProjects/cl_st1_anna/cl_st1_ph2_anna/examples/f3_pos/f3_p
os_001.tex [2527] [2528])
(/home/eyamrog/PycharmProjects/cl_st1_anna/cl_st1_ph2_anna/examples/f3_pos/f3_p
os_002.tex [2529] [2530])
(/home/eyamrog/PycharmProjects/cl_st1_anna/cl_st1_ph2_anna/examples/f3_pos/f3_p
os_003.tex [2531])
(/home/eyamrog/PycharmProjects/cl_st1_anna/cl_st1_ph2_anna/examples/f3_pos/f3_p
os_004.tex [2532])
(/home/eyamrog/PycharmProjects/cl_st1_anna/cl_st1_ph2_anna/examples/f3_pos/f3_p
os_005.tex [2533] [2534])
(/home/eyamrog/PycharmProjects/cl_st1_anna/cl_st1_ph2_anna/examples/f3_pos/f3_p
os_006.tex [2535])
(/home/eyamrog/PycharmProjects/cl_st1_anna/cl_st1_ph2_anna/examples/f3_pos/f3_p
os_007.tex [2536])
(/home/eyamrog/PycharmProjects/cl_st1_anna/cl_st1_ph2_anna/examples/f3_pos/f3_p
os_008.tex [2537])
(/home/eyamrog/PycharmProjects/cl_st1_anna/cl_st1_ph2_anna/examples/f3_pos/f3_p
os_009.tex [2538] [2539])
(/home/eyamrog/PycharmProjects/cl_st1_anna/cl_st1_ph2_anna/examples/f3_pos/f3_p
os_010.tex [2540])
(/home/eyamrog/PycharmProjects/cl_st1_anna/cl_st1_ph2_anna/examples/f3_pos/f3_p
os_011.tex [2541])
(/home/eyamrog/PycharmProjects/cl_st1_anna/cl_st1_ph2_anna/examples/f3_pos/f3_p
os_012.tex [2542])
(/home/eyamrog/PycharmProjects/cl_st1_anna/cl_st1_ph2_anna/examples/f3_pos/f3_p
os_013.tex [2543] [2544])
(/home/eyamrog/PycharmProjects/cl_st1_anna/cl_st1_ph2_anna/examples/f3_pos/f3_p
os_014.tex [2545])
(/home/eyamrog/PycharmProjects/cl_st1_anna/cl_st1_ph2_anna/examples/f3_pos/f3_p
os_015.tex [2546] [2547])
(/home/eyamrog/PycharmProjects/cl_st1_anna/cl_st1_ph2_anna/examples/f3_pos/f3_p
os_016.tex
Missing character: There is no ° (U+00B0) in font nullfont!

Overfull \hbox (0.99048pt too wide) in paragraph at lines 1--20
[]  \TU/DejaVuSerif(0)/m/n/10 Ed-u-cação \TU/DejaVuSerif(0)/b/n/10 In-fan-til \TU/DejaVuSerif(0)/m/n/10 
é um Di-re-ito O lu-gar da \TU/DejaVuSerif(0)/b/n/10 cri-ança \TU/DejaVuSerif
(0)/m/n/10 brasileira na política pública
 []

Missing character: There is no ° (U+00B0) in font nullfont!
[2548])
(/home/eyamrog/PycharmProjects/cl_st1_anna/cl_st1_ph2_anna/examples/f3_pos/f3_p
os_017.tex [2549
Missing character: There is no ° (U+00B0) in font nullfont!
])
(/home/eyamrog/PycharmProjects/cl_st1_anna/cl_st1_ph2_anna/examples/f3_pos/f3_p
os_018.tex [2550])
(/home/eyamrog/PycharmProjects/cl_st1_anna/cl_st1_ph2_anna/examples/f3_pos/f3_p
os_019.tex [2551] [2552])
(/home/eyamrog/PycharmProjects/cl_st1_anna/cl_st1_ph2_anna/examples/f3_pos/f3_p
os_020.tex [2553])
(/home/eyamrog/PycharmProjects/cl_st1_anna/cl_st1_ph2_anna/examples/f3_pos/f3_p
os_021.tex
Overfull \hbox (7.49641pt too wide) in paragraph at lines 1--24
\TU/DejaVuSerif(0)/m/n/10 sen-ti-dos, \TU/DejaVuSerif(0)/b/n/10 gestos\TU/DejaV
uSerif(0)/m/n/10 , movi-men-tos im-pul-sivos ou in-ten-cionais, co-or-de-na-dos ou espon-
 []

[2554] [2555] [2556])
(/home/eyamrog/PycharmProjects/cl_st1_anna/cl_st1_ph2_anna/examples/f3_pos/f3_p
os_022.tex [2557] [2558] [2559])
(/home/eyamrog/PycharmProjects/cl_st1_anna/cl_st1_ph2_anna/examples/f3_pos/f3_p
os_023.tex [2560] [2561] [2562])
(/home/eyamrog/PycharmProjects/cl_st1_anna/cl_st1_ph2_anna/examples/f3_pos/f3_p
os_024.tex [2563] [2564] [2565])
(/home/eyamrog/PycharmProjects/cl_st1_anna/cl_st1_ph2_anna/examples/f3_pos/f3_p
os_025.tex [2566] [2567] [2568])
(/home/eyamrog/PycharmProjects/cl_st1_anna/cl_st1_ph2_anna/examples/f3_pos/f3_p
os_026.tex [2569] [2570] [2571] [2572])
(/home/eyamrog/PycharmProjects/cl_st1_anna/cl_st1_ph2_anna/examples/f3_pos/f3_p
os_027.tex [2573] [2574] [2575] [2576])
(/home/eyamrog/PycharmProjects/cl_st1_anna/cl_st1_ph2_anna/examples/f3_pos/f3_p
os_028.tex [2577] [2578])
(/home/eyamrog/PycharmProjects/cl_st1_anna/cl_st1_ph2_anna/examples/f3_pos/f3_p
os_029.tex [2579] [2580] [2581] [2582])
(/home/eyamrog/PycharmProjects/cl_st1_anna/cl_st1_ph2_anna/examples/f3_pos/f3_p
os_030.tex [2583] [2584] [2585])
(/home/eyamrog/PycharmProjects/cl_st1_anna/cl_st1_ph2_anna/examples/f3_pos/f3_p
os_031.tex [2586] [2587] [2588] [2589])
(/home/eyamrog/PycharmProjects/cl_st1_anna/cl_st1_ph2_anna/examples/f3_pos/f3_p
os_032.tex [2590] [2591])
(/home/eyamrog/PycharmProjects/cl_st1_anna/cl_st1_ph2_anna/examples/f3_pos/f3_p
os_033.tex [2592] [2593])
(/home/eyamrog/PycharmProjects/cl_st1_anna/cl_st1_ph2_anna/examples/f3_pos/f3_p
os_034.tex [2594] [2595])
(/home/eyamrog/PycharmProjects/cl_st1_anna/cl_st1_ph2_anna/examples/f3_pos/f3_p
os_035.tex [2596] [2597])
(/home/eyamrog/PycharmProjects/cl_st1_anna/cl_st1_ph2_anna/examples/f3_pos/f3_p
os_036.tex [2598] [2599])
(/home/eyamrog/PycharmProjects/cl_st1_anna/cl_st1_ph2_anna/examples/f3_pos/f3_p
os_037.tex [2600] [2601] [2602] [2603])
(/home/eyamrog/PycharmProjects/cl_st1_anna/cl_st1_ph2_anna/examples/f3_pos/f3_p
os_038.tex [2604] [2605])
(/home/eyamrog/PycharmProjects/cl_st1_anna/cl_st1_ph2_anna/examples/f3_pos/f3_p
os_039.tex [2606] [2607])
(/home/eyamrog/PycharmProjects/cl_st1_anna/cl_st1_ph2_anna/examples/f3_pos/f3_p
os_040.tex [2608] [2609])
(/home/eyamrog/PycharmProjects/cl_st1_anna/cl_st1_ph2_anna/examples/f3_pos/f3_p
os_041.tex [2610] [2611] [2612] [2613] [2614] [2615] [2616] [2617])
(/home/eyamrog/PycharmProjects/cl_st1_anna/cl_st1_ph2_anna/examples/f3_pos/f3_p
os_042.tex [2618] [2619] [2620] [2621] [2622] [2623] [2624])
(/home/eyamrog/PycharmProjects/cl_st1_anna/cl_st1_ph2_anna/examples/f3_pos/f3_p
os_043.tex [2625] [2626] [2627] [2628] [2629])
(/home/eyamrog/PycharmProjects/cl_st1_anna/cl_st1_ph2_anna/examples/f3_pos/f3_p
os_044.tex [2630] [2631] [2632])
(/home/eyamrog/PycharmProjects/cl_st1_anna/cl_st1_ph2_anna/examples/f3_pos/f3_p
os_045.tex [2633] [2634] [2635] [2636])
(/home/eyamrog/PycharmProjects/cl_st1_anna/cl_st1_ph2_anna/examples/f3_pos/f3_p
os_046.tex [2637] [2638] [2639])
(/home/eyamrog/PycharmProjects/cl_st1_anna/cl_st1_ph2_anna/examples/f3_pos/f3_p
os_047.tex
Overfull \hbox (4.27116pt too wide) in paragraph at lines 1--47
[]  \TU/DejaVuSerif(0)/m/n/10 3.2.2. Or-ga-ni-za-ção da Ação Pedagóg-ica No
 de-sen-volvi-mento das ações pedagóg-
 []

[2640] [2641])
(/home/eyamrog/PycharmProjects/cl_st1_anna/cl_st1_ph2_anna/examples/f3_pos/f3_p
os_048.tex [2642] [2643] [2644])
(/home/eyamrog/PycharmProjects/cl_st1_anna/cl_st1_ph2_anna/examples/f3_pos/f3_p
os_049.tex [2645] [2646])
(/home/eyamrog/PycharmProjects/cl_st1_anna/cl_st1_ph2_anna/examples/f3_pos/f3_p
os_050.tex [2647] [2648] [2649])
(/home/eyamrog/PycharmProjects/cl_st1_anna/cl_st1_ph2_anna/examples/f3_pos/f3_p
os_051.tex [2650])
(/home/eyamrog/PycharmProjects/cl_st1_anna/cl_st1_ph2_anna/examples/f3_pos/f3_p
os_052.tex [2651])
(/home/eyamrog/PycharmProjects/cl_st1_anna/cl_st1_ph2_anna/examples/f3_pos/f3_p
os_053.tex
Overfull \hbox (0.7832pt too wide) in paragraph at lines 1--41
\TU/DejaVuSerif(0)/m/n/10 sas \TU/DejaVuSerif(0)/b/n/10 cri-anças \TU/DejaVuSe
rif(0)/m/n/10 têm di-re-ito à \TU/DejaVuSerif(0)/b/n/10 brin-cadeira \TU/Deja
VuSerif(0)/m/n/10 ; Nos-sas \TU/DejaVuSerif(0)/b/n/10 cri-anças \TU/DejaVuSeri
f(0)/m/n/10 têm di-re-ito à atenção
 []

[2652] [2653] [2654])
(/home/eyamrog/PycharmProjects/cl_st1_anna/cl_st1_ph2_anna/examples/f3_pos/f3_p
os_054.tex [2655] [2656])
(/home/eyamrog/PycharmProjects/cl_st1_anna/cl_st1_ph2_anna/examples/f3_pos/f3_p
os_055.tex
Overfull \hbox (2.80966pt too wide) in paragraph at lines 1--30
[]  \TU/DejaVuSerif(0)/m/n/10 CAMPO DE EX-PER-IÊN-CIAS “ ES-PAÇOS, TEM-POS, QUAN-TI-DADES, RE-LA
ÇÕES
 []

[2657] [2658] [2659])
(/home/eyamrog/PycharmProjects/cl_st1_anna/cl_st1_ph2_anna/examples/f3_pos/f3_p
os_056.tex)
(/home/eyamrog/PycharmProjects/cl_st1_anna/cl_st1_ph2_anna/examples/f3_pos/f3_p
os_057.tex [2660] [2661])
(/home/eyamrog/PycharmProjects/cl_st1_anna/cl_st1_ph2_anna/examples/f3_pos/f3_p
os_058.tex [2662] [2663])
(/home/eyamrog/PycharmProjects/cl_st1_anna/cl_st1_ph2_anna/examples/f3_pos/f3_p
os_059.tex [2664])
(/home/eyamrog/PycharmProjects/cl_st1_anna/cl_st1_ph2_anna/examples/f3_pos/f3_p
os_060.tex [2665])
(/home/eyamrog/PycharmProjects/cl_st1_anna/cl_st1_ph2_anna/examples/f3_pos/f3_p
os_061.tex [2666] [2667])
(/home/eyamrog/PycharmProjects/cl_st1_anna/cl_st1_ph2_anna/examples/f3_pos/f3_p
os_062.tex [2668])
(/home/eyamrog/PycharmProjects/cl_st1_anna/cl_st1_ph2_anna/examples/f3_pos/f3_p
os_063.tex [2669] [2670])
(/home/eyamrog/PycharmProjects/cl_st1_anna/cl_st1_ph2_anna/examples/f3_pos/f3_p
os_064.tex [2671])
(/home/eyamrog/PycharmProjects/cl_st1_anna/cl_st1_ph2_anna/examples/f3_pos/f3_p
os_065.tex [2672] [2673])
(/home/eyamrog/PycharmProjects/cl_st1_anna/cl_st1_ph2_anna/examples/f3_pos/f3_p
os_066.tex [2674])
(/home/eyamrog/PycharmProjects/cl_st1_anna/cl_st1_ph2_anna/examples/f3_pos/f3_p
os_067.tex [2675])
(/home/eyamrog/PycharmProjects/cl_st1_anna/cl_st1_ph2_anna/examples/f3_pos/f3_p
os_068.tex [2676])
(/home/eyamrog/PycharmProjects/cl_st1_anna/cl_st1_ph2_anna/examples/f3_pos/f3_p
os_069.tex)
(/home/eyamrog/PycharmProjects/cl_st1_anna/cl_st1_ph2_anna/examples/f3_pos/f3_p
os_070.tex [2677])
(/home/eyamrog/PycharmProjects/cl_st1_anna/cl_st1_ph2_anna/examples/f3_pos/f3_p
os_071.tex [2678] [2679] [2680] [2681] [2682] [2683] [2684])
(/home/eyamrog/PycharmProjects/cl_st1_anna/cl_st1_ph2_anna/examples/f3_pos/f3_p
os_072.tex
Overfull \hbox (8.62509pt too wide) in paragraph at lines 1--15
[]  \TU/DejaVuSerif(0)/m/n/10 SÍN-TESE DAS APREN-DIZA-GENS - Re-speitar e ex-pr
es-sar sen-ti-men-tos e emoções.
 []

[2685])
(/home/eyamrog/PycharmProjects/cl_st1_anna/cl_st1_ph2_anna/examples/f3_pos/f3_p
os_073.tex [2686] [2687] [2688])
(/home/eyamrog/PycharmProjects/cl_st1_anna/cl_st1_ph2_anna/examples/f3_pos/f3_p
os_074.tex [2689])
(/home/eyamrog/PycharmProjects/cl_st1_anna/cl_st1_ph2_anna/examples/f3_pos/f3_p
os_075.tex [2690] [2691] [2692])
(/home/eyamrog/PycharmProjects/cl_st1_anna/cl_st1_ph2_anna/examples/f3_pos/f3_p
os_076.tex [2693] [2694] [2695] [2696])
(/home/eyamrog/PycharmProjects/cl_st1_anna/cl_st1_ph2_anna/examples/f3_pos/f3_p
os_077.tex [2697] [2698] [2699])
(/home/eyamrog/PycharmProjects/cl_st1_anna/cl_st1_ph2_anna/examples/f3_pos/f3_p
os_078.tex [2700] [2701])
(/home/eyamrog/PycharmProjects/cl_st1_anna/cl_st1_ph2_anna/examples/f3_pos/f3_p
os_079.tex [2702] [2703])
(/home/eyamrog/PycharmProjects/cl_st1_anna/cl_st1_ph2_anna/examples/f3_pos/f3_p
os_080.tex
Overfull \hbox (16.83626pt too wide) in paragraph at lines 1--156
\TU/DejaVuSerif(0)/m/n/10 dos(as), par-tic-i-pa-tivos(as), ou-sa-dos(as), re-fle
x-ivos(as), críti-cos(as), autônomos(as),
 []


Overfull \hbox (21.89778pt too wide) in paragraph at lines 1--156
\TU/DejaVuSerif(0)/m/n/10 livres de pre-con-ceitos, cria-tivos(as), cu-riosos(as
), in-ves-ti-gadores(as), solidários(as),
 []

[2704] [2705] [2706] [2707] [2708] [2709] [2710] [2711])
(/home/eyamrog/PycharmProjects/cl_st1_anna/cl_st1_ph2_anna/examples/f3_pos/f3_p
os_081.tex [2712] [2713])
(/home/eyamrog/PycharmProjects/cl_st1_anna/cl_st1_ph2_anna/examples/f3_pos/f3_p
os_082.tex [2714] [2715])
(/home/eyamrog/PycharmProjects/cl_st1_anna/cl_st1_ph2_anna/examples/f3_pos/f3_p
os_083.tex [2716] [2717] [2718])
(/home/eyamrog/PycharmProjects/cl_st1_anna/cl_st1_ph2_anna/examples/f3_pos/f3_p
os_084.tex [2719] [2720])
(/home/eyamrog/PycharmProjects/cl_st1_anna/cl_st1_ph2_anna/examples/f3_pos/f3_p
os_085.tex
Overfull \hbox (2.03548pt too wide) in paragraph at lines 1--13
\TU/DejaVuSerif(0)/m/n/10 per-iên-cias, a par-tir dos di-re-itos de apren-diza-
gem, tendo como eixos norteadores
 []

[2721] [2722])
(/home/eyamrog/PycharmProjects/cl_st1_anna/cl_st1_ph2_anna/examples/f3_pos/f3_p
os_086.tex [2723] [2724] [2725])
(/home/eyamrog/PycharmProjects/cl_st1_anna/cl_st1_ph2_anna/examples/f3_pos/f3_p
os_087.tex [2726] [2727])
(/home/eyamrog/PycharmProjects/cl_st1_anna/cl_st1_ph2_anna/examples/f3_pos/f3_p
os_088.tex [2728])
(/home/eyamrog/PycharmProjects/cl_st1_anna/cl_st1_ph2_anna/examples/f3_pos/f3_p
os_089.tex [2729] [2730])
(/home/eyamrog/PycharmProjects/cl_st1_anna/cl_st1_ph2_anna/examples/f3_pos/f3_p
os_090.tex [2731])
(/home/eyamrog/PycharmProjects/cl_st1_anna/cl_st1_ph2_anna/examples/f3_pos/f3_p
os_091.tex [2732] [2733])
(/home/eyamrog/PycharmProjects/cl_st1_anna/cl_st1_ph2_anna/examples/f3_pos/f3_p
os_092.tex [2734] [2735])
(/home/eyamrog/PycharmProjects/cl_st1_anna/cl_st1_ph2_anna/examples/f3_pos/f3_p
os_093.tex [2736])
(/home/eyamrog/PycharmProjects/cl_st1_anna/cl_st1_ph2_anna/examples/f3_pos/f3_p
os_094.tex [2737] [2738] [2739] [2740] [2741] [2742])
(/home/eyamrog/PycharmProjects/cl_st1_anna/cl_st1_ph2_anna/examples/f3_pos/f3_p
os_095.tex [2743] [2744])
(/home/eyamrog/PycharmProjects/cl_st1_anna/cl_st1_ph2_anna/examples/f3_pos/f3_p
os_096.tex [2745])
(/home/eyamrog/PycharmProjects/cl_st1_anna/cl_st1_ph2_anna/examples/f3_pos/f3_p
os_097.tex [2746] [2747])
(/home/eyamrog/PycharmProjects/cl_st1_anna/cl_st1_ph2_anna/examples/f3_pos/f3_p
os_098.tex [2748] [2749])
(/home/eyamrog/PycharmProjects/cl_st1_anna/cl_st1_ph2_anna/examples/f3_pos/f3_p
os_099.tex [2750])
(/home/eyamrog/PycharmProjects/cl_st1_anna/cl_st1_ph2_anna/examples/f3_pos/f3_p
os_100.tex [2751]
Overfull \hbox (28.50539pt too wide) in paragraph at lines 1--323
\TU/DejaVuSerif(0)/m/n/10 roupa. Disponível em : https://www.di-cio.com.br/es-t
iliza-cao/. Acesso em 08/07/2019.
 []


Overfull \hbox (10.15984pt too wide) in paragraph at lines 1--323
\TU/DejaVuSerif(0)/m/n/10 https://www.aldabra.com.br/ar-tigo/o-que-e-uma-fanpage
. Acesso em 08/07/2019.
 []


Overfull \hbox (16.06966pt too wide) in paragraph at lines 1--323
\TU/DejaVuSerif(0)/m/n/10 doo-fu-turo.org.br/for-ma-cao/pergunte-a-olimpia/178/d
iferencas-e-aplicacoes-entre-
 []


Overfull \hbox (40.2046pt too wide) in paragraph at lines 1--323
\TU/DejaVuSerif(0)/m/n/10 multissemiotico-e-multimidiatico. Acesso em 05/07/2019
. Disponível em : https://ciber-
 []


Overfull \hbox (29.09212pt too wide) in paragraph at lines 1--323
\TU/DejaVuSerif(0)/m/n/10 https://www.es-creven-doo-fu-turo.org.br/for-ma-cao/pe
rgunte-a-olimpia/178/diferencas-
 []


Overfull \hbox (9.91896pt too wide) in paragraph at lines 1--323
\TU/DejaVuSerif(0)/m/n/10 e-aplicacoes-entre-multissemiotico-e-multimidiatico. 
Acesso em 08/07/2019. GIF
 []


Overfull \hbox (15.00287pt too wide) in paragraph at lines 1--323
\TU/DejaVuSerif(0)/m/n/10 do-texto/hiper-texto.html. Acesso em 08/07/2019. O hip
er-texto é, em sua definição,
 []


Overfull \hbox (48.8488pt too wide) in paragraph at lines 1--323
\TU/DejaVuSerif(0)/m/n/10 com as suas fontes e sig-nifi-ca-dos. Disponível em 
: https://www.sig-nifi-ca-dos.com.br/icono-
 []


Overfull \hbox (0.6009pt too wide) in paragraph at lines 1--323
\TU/DejaVuSerif(0)/m/n/10 https://www.tec-mundo.com.br/cu-riosi-dade/4204-machin
ima-quando-o-cenario-
 []


Overfull \hbox (13.96355pt too wide) in paragraph at lines 1--323
\TU/DejaVuSerif(0)/m/n/10 http://www.co-mu-niqueiro.com/di-cionario/mancha-grafi
ca. Acesso em 08/07/2019.
 []


Overfull \hbox (5.07439pt too wide) in paragraph at lines 1--323
\TU/DejaVuSerif(0)/m/n/10 Disponível em : https://www.sig-nifi-ca-dos.com.br/me
me/. Acesso em 08/07/2019.
 []


Overfull \hbox (77.20818pt too wide) in paragraph at lines 1--323
\TU/DejaVuSerif(0)/m/n/10 amanhã. Disponível em : https://www.di-cionar-i-oin-
for-mal.com.br/modal-iza%C3%A7%C3%A3o/
 []


Overfull \hbox (14.79524pt too wide) in paragraph at lines 1--323
\TU/DejaVuSerif(0)/m/n/10 fice.com/pt-br/ar-ti-cle/o-que-%C3%A9-um-slide-mestre-
b9abb2a0-7aef-4257-a14e-
 []


Overfull \hbox (21.55794pt too wide) in paragraph at lines 1--323
\TU/DejaVuSerif(0)/m/n/10 cao.es-tadao.com.br/blogs/blog-dos-colegios-santa-mari
a/tdic-no-cotidiano-escolar/.
 []


Overfull \hbox (25.5944pt too wide) in paragraph at lines 1--323
\TU/DejaVuSerif(0)/m/n/10 tuguescereja.ed-i-torasaraiva.com.br/textos-multimodai
s-leitura-e-producao/. Acesso
 []

[2752] [2753] [2754] [2755] [2756] [2757] [2758] [2759] [2760])
(/home/eyamrog/PycharmProjects/cl_st1_anna/cl_st1_ph2_anna/examples/f3_pos/f3_p
os_101.tex [2761])
(/home/eyamrog/PycharmProjects/cl_st1_anna/cl_st1_ph2_anna/examples/f3_pos/f3_p
os_102.tex [2762] [2763] [2764])
(/home/eyamrog/PycharmProjects/cl_st1_anna/cl_st1_ph2_anna/examples/f3_pos/f3_p
os_103.tex
Overfull \hbox (14.89388pt too wide) in paragraph at lines 1--25
\TU/DejaVuSerif(0)/m/n/10 decor-rem de de-ter-mi-nações so-ci-ais de âm-bito pol
ítico, econômico, so-cial, histórico
 []

[2765])
(/home/eyamrog/PycharmProjects/cl_st1_anna/cl_st1_ph2_anna/examples/f3_pos/f3_p
os_104.tex [2766] [2767])
(/home/eyamrog/PycharmProjects/cl_st1_anna/cl_st1_ph2_anna/examples/f3_pos/f3_p
os_105.tex [2768] [2769] [2770])
(/home/eyamrog/PycharmProjects/cl_st1_anna/cl_st1_ph2_anna/examples/f3_pos/f3_p
os_106.tex [2771])
(/home/eyamrog/PycharmProjects/cl_st1_anna/cl_st1_ph2_anna/examples/f3_pos/f3_p
os_107.tex [2772])
(/home/eyamrog/PycharmProjects/cl_st1_anna/cl_st1_ph2_anna/examples/f3_pos/f3_p
os_108.tex)
(/home/eyamrog/PycharmProjects/cl_st1_anna/cl_st1_ph2_anna/examples/f3_pos/f3_p
os_109.tex [2773])
(/home/eyamrog/PycharmProjects/cl_st1_anna/cl_st1_ph2_anna/examples/f3_pos/f3_p
os_110.tex
Overfull \hbox (12.85857pt too wide) in paragraph at lines 1--15
[]  \TU/DejaVuSerif(0)/m/n/10 16.5. Es-paços, tem-pos, quan-ti-dades, re-laç
ões e trans-for-mações Au-tora : Gabrielly
 []

[2774])
(/home/eyamrog/PycharmProjects/cl_st1_anna/cl_st1_ph2_anna/examples/f3_pos/f3_p
os_111.tex
Overfull \hbox (7.23503pt too wide) in paragraph at lines 1--85
\TU/DejaVuSerif(0)/m/n/10 2015. - http://www.ccen.ufpb.br/ppgg/con-tents/doc-u-m
en-tos/teses/comunidades-
 []


Overfull \hbox (148.5013pt too wide) in paragraph at lines 1--85
\TU/DejaVuSerif(0)/m/n/10 tradicionais-de-pesca-artesanal-marinha-na-paraiba_rea
lidade-e-desafios.pdf - http://www.ch.ufcg.edu.br/ar-
 []


Overfull \hbox (82.98372pt too wide) in paragraph at lines 1--85
\TU/DejaVuSerif(0)/m/n/10 ius/01_re-vis-tas/v19n1/00_ar-ius_v19_n1_2013_ed-i-cao
_com-pleta.pdf - http://salutte.com.br/aven-
 []


Overfull \hbox (5.81575pt too wide) in paragraph at lines 1--85
\TU/DejaVuSerif(0)/m/n/10 tura/wp-content/up-loads/2011/11/mapa-tur%c3%adstico-d
a-para%c3%adba.jpg
 []

[2775] [2776] [2777] [2778])
(/home/eyamrog/PycharmProjects/cl_st1_anna/cl_st1_ph2_anna/examples/f3_pos/f3_p
os_112.tex [2779])
(/home/eyamrog/PycharmProjects/cl_st1_anna/cl_st1_ph2_anna/examples/f3_pos/f3_p
os_113.tex [2780] [2781] [2782])
(/home/eyamrog/PycharmProjects/cl_st1_anna/cl_st1_ph2_anna/examples/f3_pos/f3_p
os_114.tex
Overfull \hbox (2.91393pt too wide) in paragraph at lines 1--8
\TU/DejaVuSerif(0)/m/n/10 ” OB-JE-TIVOS DE APREN-DIZA-GEM E DE-SEN-VOLVI-MENTO
 Re-con-hecer quando
 []

)
(/home/eyamrog/PycharmProjects/cl_st1_anna/cl_st1_ph2_anna/examples/f3_pos/f3_p
os_115.tex
Overfull \hbox (8.74446pt too wide) in paragraph at lines 1--58
[]  \TU/DejaVuSerif(0)/m/n/10 8.1.6 Pos-si-bil-i-dades Metodológ-i-cas Por outr
o lado, não menos im-por-tante, propõe
 []

[2783] [2784] [2785] [2786])
(/home/eyamrog/PycharmProjects/cl_st1_anna/cl_st1_ph2_anna/examples/f3_pos/f3_p
os_116.tex [2787])
(/home/eyamrog/PycharmProjects/cl_st1_anna/cl_st1_ph2_anna/examples/f3_pos/f3_p
os_117.tex [2788])
(/home/eyamrog/PycharmProjects/cl_st1_anna/cl_st1_ph2_anna/examples/f3_pos/f3_p
os_118.tex [2789] [2790])
(/home/eyamrog/PycharmProjects/cl_st1_anna/cl_st1_ph2_anna/examples/f3_pos/f3_p
os_119.tex [2791])
(/home/eyamrog/PycharmProjects/cl_st1_anna/cl_st1_ph2_anna/examples/f3_pos/f3_p
os_120.tex [2792] [2793] [2794] [2795] [2796])
(/home/eyamrog/PycharmProjects/cl_st1_anna/cl_st1_ph2_anna/examples/f3_pos/f3_p
os_121.tex [2797] [2798])
(/home/eyamrog/PycharmProjects/cl_st1_anna/cl_st1_ph2_anna/examples/f3_pos/f3_p
os_122.tex [2799])
(/home/eyamrog/PycharmProjects/cl_st1_anna/cl_st1_ph2_anna/examples/f3_pos/f3_p
os_123.tex [2800])
(/home/eyamrog/PycharmProjects/cl_st1_anna/cl_st1_ph2_anna/examples/f3_pos/f3_p
os_124.tex [2801])
(/home/eyamrog/PycharmProjects/cl_st1_anna/cl_st1_ph2_anna/examples/f3_pos/f3_p
os_125.tex [2802])
(/home/eyamrog/PycharmProjects/cl_st1_anna/cl_st1_ph2_anna/examples/f3_pos/f3_p
os_126.tex [2803] [2804])
(/home/eyamrog/PycharmProjects/cl_st1_anna/cl_st1_ph2_anna/examples/f3_pos/f3_p
os_127.tex [2805])
(/home/eyamrog/PycharmProjects/cl_st1_anna/cl_st1_ph2_anna/examples/f3_pos/f3_p
os_128.tex [2806])
(/home/eyamrog/PycharmProjects/cl_st1_anna/cl_st1_ph2_anna/examples/f3_pos/f3_p
os_129.tex)
(/home/eyamrog/PycharmProjects/cl_st1_anna/cl_st1_ph2_anna/examples/f3_pos/f3_p
os_130.tex [2807])
(/home/eyamrog/PycharmProjects/cl_st1_anna/cl_st1_ph2_anna/examples/f3_pos/f3_p
os_131.tex [2808] [2809] [2810])
(/home/eyamrog/PycharmProjects/cl_st1_anna/cl_st1_ph2_anna/examples/f3_pos/f3_p
os_132.tex [2811] [2812] [2813] [2814] [2815] [2816])
(/home/eyamrog/PycharmProjects/cl_st1_anna/cl_st1_ph2_anna/examples/f3_pos/f3_p
os_133.tex
Overfull \hbox (10.56673pt too wide) in paragraph at lines 1--48
\TU/DejaVuSerif(0)/m/n/10 como eixos norteadores das práti-cas pedagóg-i-cas 
da Ed-u-cação \TU/DejaVuSerif(0)/b/n/10 In-fan-til \TU/DejaVuSerif(0)/m/n/10 
( BRASIL,
 []

[2817] [2818])
(/home/eyamrog/PycharmProjects/cl_st1_anna/cl_st1_ph2_anna/examples/f3_pos/f3_p
os_134.tex [2819] [2820] [2821] [2822] [2823] [2824])
(/home/eyamrog/PycharmProjects/cl_st1_anna/cl_st1_ph2_anna/examples/f3_pos/f3_p
os_135.tex
Overfull \hbox (25.51924pt too wide) in paragraph at lines 1--97
\TU/DejaVuSerif(0)/m/n/10 RE-ITOS HU-MANOS, DE CUL-TURAS E DE PRO-DUÇÃO DE AL-
I-MEN-TOS SAUDÁVEIS
 []

[2825] [2826] [2827] [2828] [2829] [2830] [2831] [2832] [2833] [2834] [2835])
(/home/eyamrog/PycharmProjects/cl_st1_anna/cl_st1_ph2_anna/examples/f3_pos/f3_p
os_136.tex
Overfull \hbox (1.77278pt too wide) in paragraph at lines 1--121
\TU/DejaVuSerif(0)/m/n/10 das Ciên-cias Hu-manas e So-ci-ais Apli-cadas - Profi
s-sional do com-po-nente História
 []

[2836] [2837] [2838] [2839] [2840] [2841] [2842] [2843] [2844] [2845])
(/home/eyamrog/PycharmProjects/cl_st1_anna/cl_st1_ph2_anna/examples/f3_pos/f3_p
os_137.tex [2846] [2847] [2848] [2849])
(/home/eyamrog/PycharmProjects/cl_st1_anna/cl_st1_ph2_anna/examples/f3_pos/f3_p
os_138.tex [2850] [2851] [2852] [2853] [2854])
(/home/eyamrog/PycharmProjects/cl_st1_anna/cl_st1_ph2_anna/examples/f3_pos/f3_p
os_139.tex [2855] [2856] [2857] [2858] [2859] [2860] [2861])
(/home/eyamrog/PycharmProjects/cl_st1_anna/cl_st1_ph2_anna/examples/f3_pos/f3_p
os_140.tex [2862] [2863] [2864] [2865])
(/home/eyamrog/PycharmProjects/cl_st1_anna/cl_st1_ph2_anna/examples/f3_pos/f3_p
os_141.tex [2866])
(/home/eyamrog/PycharmProjects/cl_st1_anna/cl_st1_ph2_anna/examples/f3_pos/f3_p
os_142.tex [2867])
(/home/eyamrog/PycharmProjects/cl_st1_anna/cl_st1_ph2_anna/examples/f3_pos/f3_p
os_143.tex [2868])
(/home/eyamrog/PycharmProjects/cl_st1_anna/cl_st1_ph2_anna/examples/f3_pos/f3_p
os_144.tex [2869])
(/home/eyamrog/PycharmProjects/cl_st1_anna/cl_st1_ph2_anna/examples/f3_pos/f3_p
os_145.tex [2870] [2871])
(/home/eyamrog/PycharmProjects/cl_st1_anna/cl_st1_ph2_anna/examples/f3_pos/f3_p
os_146.tex [2872])
(/home/eyamrog/PycharmProjects/cl_st1_anna/cl_st1_ph2_anna/examples/f3_pos/f3_p
os_147.tex [2873])
(/home/eyamrog/PycharmProjects/cl_st1_anna/cl_st1_ph2_anna/examples/f3_pos/f3_p
os_148.tex [2874])
(/home/eyamrog/PycharmProjects/cl_st1_anna/cl_st1_ph2_anna/examples/f3_pos/f3_p
os_149.tex [2875])
(/home/eyamrog/PycharmProjects/cl_st1_anna/cl_st1_ph2_anna/examples/f3_pos/f3_p
os_150.tex [2876])
(/home/eyamrog/PycharmProjects/cl_st1_anna/cl_st1_ph2_anna/examples/f3_pos/f3_p
os_151.tex
Overfull \hbox (1.97005pt too wide) in paragraph at lines 1--39
\TU/DejaVuSerif(0)/m/n/10 per-iên-cias vivi-das neste es-paço, avaliar e plane
-jar as ações e ativi-dades próprias
 []

[2877] [2878])
(/home/eyamrog/PycharmProjects/cl_st1_anna/cl_st1_ph2_anna/examples/f3_pos/f3_p
os_152.tex [2879] [2880])
(/home/eyamrog/PycharmProjects/cl_st1_anna/cl_st1_ph2_anna/examples/f3_pos/f3_p
os_153.tex [2881])
(/home/eyamrog/PycharmProjects/cl_st1_anna/cl_st1_ph2_anna/examples/f3_pos/f3_p
os_154.tex [2882] [2883])
(/home/eyamrog/PycharmProjects/cl_st1_anna/cl_st1_ph2_anna/examples/f3_pos/f3_p
os_155.tex [2884] [2885])
(/home/eyamrog/PycharmProjects/cl_st1_anna/cl_st1_ph2_anna/examples/f3_pos/f3_p
os_156.tex [2886])
(/home/eyamrog/PycharmProjects/cl_st1_anna/cl_st1_ph2_anna/examples/f3_pos/f3_p
os_157.tex)
(/home/eyamrog/PycharmProjects/cl_st1_anna/cl_st1_ph2_anna/examples/f3_pos/f3_p
os_158.tex [2887])
(/home/eyamrog/PycharmProjects/cl_st1_anna/cl_st1_ph2_anna/examples/f3_pos/f3_p
os_159.tex
Overfull \hbox (9.78998pt too wide) in paragraph at lines 1--22
[]  \TU/DejaVuSerif(0)/m/n/10 3.10 ED-U-CAÇÃO \TU/DejaVuSerif(0)/b/n/10 IN-FAN
-TIL \TU/DejaVuSerif(0)/m/n/10 E AS DI-VER-SI-DADES⁵ A di-ver-si-dade é uma 
temática
 []

[2888] [2889])
(/home/eyamrog/PycharmProjects/cl_st1_anna/cl_st1_ph2_anna/examples/f3_pos/f3_p
os_160.tex [2890])
(/home/eyamrog/PycharmProjects/cl_st1_anna/cl_st1_ph2_anna/examples/f3_pos/f3_p
os_161.tex [2891] [2892])
(/home/eyamrog/PycharmProjects/cl_st1_anna/cl_st1_ph2_anna/examples/f3_pos/f3_p
os_162.tex
Missing character: There is no ° (U+00B0) in font nullfont!
Missing character: There is no ° (U+00B0) in font nullfont!
[2893] [2894] [2895
Missing character: There is no ° (U+00B0) in font nullfont!
] [2896] [2897])
(/home/eyamrog/PycharmProjects/cl_st1_anna/cl_st1_ph2_anna/examples/f3_pos/f3_p
os_163.tex [2898])
(/home/eyamrog/PycharmProjects/cl_st1_anna/cl_st1_ph2_anna/examples/f3_pos/f3_p
os_164.tex [2899] [2900])
(/home/eyamrog/PycharmProjects/cl_st1_anna/cl_st1_ph2_anna/examples/f3_pos/f3_p
os_165.tex [2901])
(/home/eyamrog/PycharmProjects/cl_st1_anna/cl_st1_ph2_anna/examples/f3_pos/f3_p
os_166.tex [2902] [2903])
(/home/eyamrog/PycharmProjects/cl_st1_anna/cl_st1_ph2_anna/examples/f3_pos/f3_p
os_167.tex)
(/home/eyamrog/PycharmProjects/cl_st1_anna/cl_st1_ph2_anna/examples/f3_pos/f3_p
os_168.tex [2904] [2905] [2906])
(/home/eyamrog/PycharmProjects/cl_st1_anna/cl_st1_ph2_anna/examples/f3_pos/f3_p
os_169.tex [2907] [2908] [2909] [2910])
(/home/eyamrog/PycharmProjects/cl_st1_anna/cl_st1_ph2_anna/examples/f3_pos/f3_p
os_170.tex [2911])
(/home/eyamrog/PycharmProjects/cl_st1_anna/cl_st1_ph2_anna/examples/f3_pos/f3_p
os_171.tex [2912] [2913])
(/home/eyamrog/PycharmProjects/cl_st1_anna/cl_st1_ph2_anna/examples/f3_pos/f3_p
os_172.tex [2914] [2915])
(/home/eyamrog/PycharmProjects/cl_st1_anna/cl_st1_ph2_anna/examples/f3_pos/f3_p
os_173.tex [2916] [2917])
(/home/eyamrog/PycharmProjects/cl_st1_anna/cl_st1_ph2_anna/examples/f3_pos/f3_p
os_174.tex [2918] [2919] [2920] [2921])
(/home/eyamrog/PycharmProjects/cl_st1_anna/cl_st1_ph2_anna/examples/f3_pos/f3_p
os_175.tex [2922] [2923] [2924])
(/home/eyamrog/PycharmProjects/cl_st1_anna/cl_st1_ph2_anna/examples/f3_pos/f3_p
os_176.tex [2925] [2926])
(/home/eyamrog/PycharmProjects/cl_st1_anna/cl_st1_ph2_anna/examples/f3_pos/f3_p
os_177.tex
Overfull \hbox (4.85579pt too wide) in paragraph at lines 1--15
\TU/DejaVuSerif(0)/m/n/10 ap-re-sen-ta-dos, a in-ter-ação e a \TU/DejaVuSerif
(0)/b/n/10 brin-cadeira \TU/DejaVuSerif(0)/m/n/10 são eixos es-tru-tu-rantes pa
ra a prática
 []

[2927])
(/home/eyamrog/PycharmProjects/cl_st1_anna/cl_st1_ph2_anna/examples/f3_pos/f3_p
os_178.tex [2928])
(/home/eyamrog/PycharmProjects/cl_st1_anna/cl_st1_ph2_anna/examples/f3_pos/f3_p
os_179.tex [2929])
(/home/eyamrog/PycharmProjects/cl_st1_anna/cl_st1_ph2_anna/examples/f3_pos/f3_p
os_180.tex [2930] [2931] [2932] [2933])
(/home/eyamrog/PycharmProjects/cl_st1_anna/cl_st1_ph2_anna/examples/f3_pos/f3_p
os_181.tex [2934])
(/home/eyamrog/PycharmProjects/cl_st1_anna/cl_st1_ph2_anna/examples/f3_pos/f3_p
os_182.tex
Overfull \hbox (14.11127pt too wide) in paragraph at lines 1--23
[]  \TU/DejaVuSerif(0)/m/n/10 2.9 AS TRAN-SIÇÕES NA ED-U-CAÇÃO \TU/DejaVuSe
rif(0)/b/n/10 IN-FAN-TIL \TU/DejaVuSerif(0)/m/n/10 : CASA/CRECHE, CRECHE/PRÉ-
 []

[2935])
(/home/eyamrog/PycharmProjects/cl_st1_anna/cl_st1_ph2_anna/examples/f3_pos/f3_p
os_183.tex [2936])
(/home/eyamrog/PycharmProjects/cl_st1_anna/cl_st1_ph2_anna/examples/f3_pos/f3_p
os_184.tex [2937])
(/home/eyamrog/PycharmProjects/cl_st1_anna/cl_st1_ph2_anna/examples/f3_pos/f3_p
os_185.tex [2938])
(/home/eyamrog/PycharmProjects/cl_st1_anna/cl_st1_ph2_anna/examples/f3_pos/f3_p
os_186.tex [2939])
(/home/eyamrog/PycharmProjects/cl_st1_anna/cl_st1_ph2_anna/examples/f3_pos/f3_p
os_187.tex
Overfull \hbox (4.82732pt too wide) in paragraph at lines 1--7
[]  \TU/DejaVuSerif(0)/m/n/10 2.11.5 ES-PAÇOS, TEM-POS, QUAN-TI-DADES, RE-LA
ÇÕES E TRANS-FOR-MAÇÕES
 []

[2940])
(/home/eyamrog/PycharmProjects/cl_st1_anna/cl_st1_ph2_anna/examples/f3_pos/f3_p
os_188.tex [2941] [2942])
(/home/eyamrog/PycharmProjects/cl_st1_anna/cl_st1_ph2_anna/examples/f3_pos/f3_p
os_189.tex [2943])
(/home/eyamrog/PycharmProjects/cl_st1_anna/cl_st1_ph2_anna/examples/f3_pos/f3_p
os_190.tex)
(/home/eyamrog/PycharmProjects/cl_st1_anna/cl_st1_ph2_anna/examples/f3_pos/f3_p
os_191.tex [2944] [2945])
(/home/eyamrog/PycharmProjects/cl_st1_anna/cl_st1_ph2_anna/examples/f3_pos/f3_p
os_192.tex [2946] [2947])
(/home/eyamrog/PycharmProjects/cl_st1_anna/cl_st1_ph2_anna/examples/f3_pos/f3_p
os_193.tex [2948])
(/home/eyamrog/PycharmProjects/cl_st1_anna/cl_st1_ph2_anna/examples/f3_pos/f3_p
os_194.tex [2949] [2950] [2951])
(/home/eyamrog/PycharmProjects/cl_st1_anna/cl_st1_ph2_anna/examples/f3_pos/f3_p
os_195.tex [2952])
(/home/eyamrog/PycharmProjects/cl_st1_anna/cl_st1_ph2_anna/examples/f3_pos/f3_p
os_196.tex
Overfull \hbox (14.72827pt too wide) in paragraph at lines 1--41
\TU/DejaVuSerif(0)/m/n/10 Text Sam-ple 1316: POS Dim 3 – sp – Score 10.00 
– sp/sp_ef_lin-gua-gens_ed_fis_3.txt 
 []

[2953] [2954] [2955])
(/home/eyamrog/PycharmProjects/cl_st1_anna/cl_st1_ph2_anna/examples/f3_pos/f3_p
os_197.tex)
(/home/eyamrog/PycharmProjects/cl_st1_anna/cl_st1_ph2_anna/examples/f3_pos/f3_p
os_198.tex [2956] [2957])
(/home/eyamrog/PycharmProjects/cl_st1_anna/cl_st1_ph2_anna/examples/f3_pos/f3_p
os_199.tex)
(/home/eyamrog/PycharmProjects/cl_st1_anna/cl_st1_ph2_anna/examples/f3_pos/f3_p
os_200.tex
Overfull \hbox (3.85075pt too wide) in paragraph at lines 1--11
[]  \TU/DejaVuSerif(0)/m/n/10 Con-cepção de Cur-rículo para Ed-u-cação \TU
/DejaVuSerif(0)/b/n/10 In-fan-til \TU/DejaVuSerif(0)/m/n/10 O Pare-cer CNE/CEB 
nº 20/2009
 []

[2958])
(/home/eyamrog/PycharmProjects/cl_st1_anna/cl_st1_ph2_anna/examples/f3_pos/f3_p
os_201.tex [2959] [2960] [2961] [2962] [2963])
(/home/eyamrog/PycharmProjects/cl_st1_anna/cl_st1_ph2_anna/examples/f3_pos/f3_p
os_202.tex [2964] [2965] [2966])
(/home/eyamrog/PycharmProjects/cl_st1_anna/cl_st1_ph2_anna/examples/f3_pos/f3_p
os_203.tex
Missing character: There is no ° (U+00B0) in font nullfont!
Missing character: There is no ° (U+00B0) in font nullfont!
Missing character: There is no ° (U+00B0) in font nullfont!
Missing character: There is no ° (U+00B0) in font nullfont!
[2967
Missing character: There is no ° (U+00B0) in font nullfont!
Missing character: There is no ° (U+00B0) in font nullfont!
] [2968] [2969] [2970] [2971] [2972])
(/home/eyamrog/PycharmProjects/cl_st1_anna/cl_st1_ph2_anna/examples/f3_pos/f3_p
os_204.tex [2973])
(/home/eyamrog/PycharmProjects/cl_st1_anna/cl_st1_ph2_anna/examples/f3_pos/f3_p
os_205.tex [2974] [2975] [2976] [2977])
(/home/eyamrog/PycharmProjects/cl_st1_anna/cl_st1_ph2_anna/examples/f3_pos/f3_p
os_206.tex [2978] [2979] [2980] [2981] [2982] [2983])
(/home/eyamrog/PycharmProjects/cl_st1_anna/cl_st1_ph2_anna/examples/f3_pos/f3_p
os_207.tex [2984] [2985] [2986])
(/home/eyamrog/PycharmProjects/cl_st1_anna/cl_st1_ph2_anna/examples/f3_pos/f3_p
os_208.tex [2987])
(/home/eyamrog/PycharmProjects/cl_st1_anna/cl_st1_ph2_anna/examples/f3_pos/f3_p
os_209.tex [2988] [2989] [2990])
(/home/eyamrog/PycharmProjects/cl_st1_anna/cl_st1_ph2_anna/examples/f3_pos/f3_p
os_210.tex [2991] [2992] [2993])
(/home/eyamrog/PycharmProjects/cl_st1_anna/cl_st1_ph2_anna/examples/f3_pos/f3_p
os_211.tex [2994] [2995] [2996])
(/home/eyamrog/PycharmProjects/cl_st1_anna/cl_st1_ph2_anna/examples/f3_pos/f3_p
os_212.tex [2997] [2998] [2999] [3000] [3001])
(/home/eyamrog/PycharmProjects/cl_st1_anna/cl_st1_ph2_anna/examples/f3_pos/f3_p
os_213.tex [3002])
(/home/eyamrog/PycharmProjects/cl_st1_anna/cl_st1_ph2_anna/examples/f3_pos/f3_p
os_214.tex [3003])
(/home/eyamrog/PycharmProjects/cl_st1_anna/cl_st1_ph2_anna/examples/f3_pos/f3_p
os_215.tex [3004] [3005])
(/home/eyamrog/PycharmProjects/cl_st1_anna/cl_st1_ph2_anna/examples/f3_pos/f3_p
os_216.tex [3006] [3007] [3008])
(/home/eyamrog/PycharmProjects/cl_st1_anna/cl_st1_ph2_anna/examples/f3_pos/f3_p
os_217.tex [3009] [3010])
(/home/eyamrog/PycharmProjects/cl_st1_anna/cl_st1_ph2_anna/examples/f3_pos/f3_p
os_218.tex [3011] [3012] [3013])
(/home/eyamrog/PycharmProjects/cl_st1_anna/cl_st1_ph2_anna/examples/f3_pos/f3_p
os_219.tex [3014])
(/home/eyamrog/PycharmProjects/cl_st1_anna/cl_st1_ph2_anna/examples/f3_pos/f3_p
os_220.tex
Overfull \hbox (21.81868pt too wide) in paragraph at lines 1--34
\TU/DejaVuSerif(0)/m/n/10 pre-ciso con-sid-erar as condições ob-je-ti-vas e su
b-je-ti-vas dos in-di-ví-duos, que abrangem
 []


Overfull \hbox (10.86897pt too wide) in paragraph at lines 1--34
\TU/DejaVuSerif(0)/m/n/10 cadores : es-tu-dos so-cioe-conômi-cos, plane-ja-ment
o de de-sen-volvi-mento econômico
 []


Overfull \hbox (7.44566pt too wide) in paragraph at lines 1--34
\TU/DejaVuSerif(0)/m/n/10 cais. - IN-FRAESTRU-TURA - RE-CUR-SOS HU-MANOS - PO-TE
N-CIAL ECONÔMICO
 []

[3015] [3016] [3017])
(/home/eyamrog/PycharmProjects/cl_st1_anna/cl_st1_ph2_anna/examples/f3_pos/f3_p
os_221.tex [3018] [3019] [3020] [3021])
(/home/eyamrog/PycharmProjects/cl_st1_anna/cl_st1_ph2_anna/examples/f3_pos/f3_p
os_222.tex [3022] [3023])
(/home/eyamrog/PycharmProjects/cl_st1_anna/cl_st1_ph2_anna/examples/f3_pos/f3_p
os_223.tex [3024] [3025] [3026])
(/home/eyamrog/PycharmProjects/cl_st1_anna/cl_st1_ph2_anna/examples/f3_pos/f3_p
os_224.tex)
(/home/eyamrog/PycharmProjects/cl_st1_anna/cl_st1_ph2_anna/examples/f3_pos/f3_p
os_225.tex [3027] [3028])
(/home/eyamrog/PycharmProjects/cl_st1_anna/cl_st1_ph2_anna/examples/f3_pos/f3_p
os_226.tex [3029])
(/home/eyamrog/PycharmProjects/cl_st1_anna/cl_st1_ph2_anna/examples/f3_pos/f3_p
os_227.tex
Overfull \hbox (2.76965pt too wide) in paragraph at lines 1--24
[]  \TU/DejaVuSerif(0)/m/n/10 7. OS PRO-CES-SOS DE ACOL-HI-MENTO E TRAN-SIÇÃO DE \TU/DejaVuSerif(0)/b/n/10 BE-B
ÊS\TU/DejaVuSerif(0)/m/n/10 , \TU/DejaVuSerif(0)/b/n/10 CRI-ANÇAS
 []

[3030] [3031])
(/home/eyamrog/PycharmProjects/cl_st1_anna/cl_st1_ph2_anna/examples/f3_pos/f3_p
os_228.tex [3032])
(/home/eyamrog/PycharmProjects/cl_st1_anna/cl_st1_ph2_anna/examples/f3_pos/f3_p
os_229.tex [3033])
(/home/eyamrog/PycharmProjects/cl_st1_anna/cl_st1_ph2_anna/examples/f3_pos/f3_p
os_230.tex)
(/home/eyamrog/PycharmProjects/cl_st1_anna/cl_st1_ph2_anna/examples/f3_pos/f3_p
os_231.tex [3034] [3035] [3036])
(/home/eyamrog/PycharmProjects/cl_st1_anna/cl_st1_ph2_anna/examples/f3_pos/f3_p
os_232.tex [3037])
(/home/eyamrog/PycharmProjects/cl_st1_anna/cl_st1_ph2_anna/examples/f3_pos/f3_p
os_233.tex [3038])
(/home/eyamrog/PycharmProjects/cl_st1_anna/cl_st1_ph2_anna/examples/f3_pos/f3_p
os_234.tex [3039])
(/home/eyamrog/PycharmProjects/cl_st1_anna/cl_st1_ph2_anna/examples/f3_pos/f3_p
os_235.tex [3040] [3041])
(/home/eyamrog/PycharmProjects/cl_st1_anna/cl_st1_ph2_anna/examples/f3_pos/f3_p
os_236.tex [3042])
(/home/eyamrog/PycharmProjects/cl_st1_anna/cl_st1_ph2_anna/examples/f3_pos/f3_p
os_237.tex [3043])
(/home/eyamrog/PycharmProjects/cl_st1_anna/cl_st1_ph2_anna/examples/f3_pos/f3_p
os_238.tex [3044])
(/home/eyamrog/PycharmProjects/cl_st1_anna/cl_st1_ph2_anna/examples/f3_pos/f3_p
os_239.tex [3045])
(/home/eyamrog/PycharmProjects/cl_st1_anna/cl_st1_ph2_anna/examples/f3_pos/f3_p
os_240.tex [3046] [3047])
(/home/eyamrog/PycharmProjects/cl_st1_anna/cl_st1_ph2_anna/examples/f3_pos/f3_p
os_241.tex [3048] [3049] [3050])
(/home/eyamrog/PycharmProjects/cl_st1_anna/cl_st1_ph2_anna/examples/f3_pos/f3_p
os_242.tex [3051])
(/home/eyamrog/PycharmProjects/cl_st1_anna/cl_st1_ph2_anna/examples/f3_pos/f3_p
os_243.tex
Overfull \hbox (4.472pt too wide) in paragraph at lines 1--11
\TU/DejaVuSerif(0)/m/n/10 busca pro-ced-i-men-tos na in-ter-locução en-tre dif
er-entes su-jeitos, ciên-cias, saberes
 []

[3052])
(/home/eyamrog/PycharmProjects/cl_st1_anna/cl_st1_ph2_anna/examples/f3_pos/f3_p
os_244.tex [3053] [3054])
(/home/eyamrog/PycharmProjects/cl_st1_anna/cl_st1_ph2_anna/examples/f3_pos/f3_p
os_245.tex [3055])
(/home/eyamrog/PycharmProjects/cl_st1_anna/cl_st1_ph2_anna/examples/f3_pos/f3_p
os_246.tex)
(/home/eyamrog/PycharmProjects/cl_st1_anna/cl_st1_ph2_anna/examples/f3_pos/f3_p
os_247.tex
Overfull \hbox (3.46362pt too wide) in paragraph at lines 1--7
\TU/DejaVuSerif(0)/m/n/10 Text Sam-ple 1367: POS Dim 3 – mg – Score 12.00 
– mg/mg_inf_or-ga-ni-za-cao_2.txt 
 []

[3056])
(/home/eyamrog/PycharmProjects/cl_st1_anna/cl_st1_ph2_anna/examples/f3_pos/f3_p
os_248.tex [3057] [3058])
(/home/eyamrog/PycharmProjects/cl_st1_anna/cl_st1_ph2_anna/examples/f3_pos/f3_p
os_249.tex
Overfull \hbox (3.46362pt too wide) in paragraph at lines 1--11
\TU/DejaVuSerif(0)/m/n/10 Text Sam-ple 1369: POS Dim 3 – mg – Score 11.00 
– mg/mg_inf_or-ga-ni-za-cao_1.txt 
 []

)
(/home/eyamrog/PycharmProjects/cl_st1_anna/cl_st1_ph2_anna/examples/f3_pos/f3_p
os_250.tex [3059] [3060])
(/home/eyamrog/PycharmProjects/cl_st1_anna/cl_st1_ph2_anna/examples/f3_pos/f3_p
os_251.tex [3061] [3062] [3063])
(/home/eyamrog/PycharmProjects/cl_st1_anna/cl_st1_ph2_anna/examples/f3_pos/f3_p
os_252.tex [3064] [3065] [3066] [3067] [3068] [3069] [3070] [3071] [3072]
[3073])
(/home/eyamrog/PycharmProjects/cl_st1_anna/cl_st1_ph2_anna/examples/f3_pos/f3_p
os_253.tex [3074] [3075])
(/home/eyamrog/PycharmProjects/cl_st1_anna/cl_st1_ph2_anna/examples/f3_pos/f3_p
os_254.tex [3076] [3077])
(/home/eyamrog/PycharmProjects/cl_st1_anna/cl_st1_ph2_anna/examples/f3_pos/f3_p
os_255.tex [3078] [3079] [3080] [3081])
(/home/eyamrog/PycharmProjects/cl_st1_anna/cl_st1_ph2_anna/examples/f3_pos/f3_p
os_256.tex
Overfull \hbox (19.46321pt too wide) in paragraph at lines 1--30
[]  \TU/DejaVuSerif(0)/m/n/10 Princí-pios bási-cos da ed-u-cação \TU/DejaVu
Serif(0)/b/n/10 in-fan-til \TU/DejaVuSerif(0)/m/n/10 Con-forme o Pare-cer nº 20
/2009 - CNE/CEB,
 []

[3082] [3083])
(/home/eyamrog/PycharmProjects/cl_st1_anna/cl_st1_ph2_anna/examples/f3_pos/f3_p
os_257.tex
Missing character: There is no ─ (U+2500) in font nullfont!
Missing character: There is no ─ (U+2500) in font nullfont!
Missing character: There is no ─ (U+2500) in font nullfont!
Missing character: There is no ─ (U+2500) in font nullfont!
[3084] [3085] [3086
Missing character: There is no ─ (U+2500) in font nullfont!
Missing character: There is no ─ (U+2500) in font nullfont!
] [3087])
(/home/eyamrog/PycharmProjects/cl_st1_anna/cl_st1_ph2_anna/examples/f3_pos/f3_p
os_258.tex [3088] [3089] [3090] [3091] [3092] [3093] [3094] [3095] [3096]
[3097])
(/home/eyamrog/PycharmProjects/cl_st1_anna/cl_st1_ph2_anna/examples/f3_pos/f3_p
os_259.tex [3098] [3099])
(/home/eyamrog/PycharmProjects/cl_st1_anna/cl_st1_ph2_anna/examples/f3_pos/f3_p
os_260.tex [3100])
(/home/eyamrog/PycharmProjects/cl_st1_anna/cl_st1_ph2_anna/examples/f3_pos/f3_p
os_261.tex
Overfull \hbox (18.3527pt too wide) in paragraph at lines 1--38
\TU/DejaVuSerif(0)/m/n/10 LAR A in-ten-cional-i-dade da ed-u-cação \TU/DejaVu
Serif(0)/b/n/10 in-fan-til \TU/DejaVuSerif(0)/m/n/10 con-siste na or-ga-ni-za-
ção e proposição,
 []

[3101] [3102])
(/home/eyamrog/PycharmProjects/cl_st1_anna/cl_st1_ph2_anna/examples/f3_pos/f3_p
os_262.tex [3103] [3104])
(/home/eyamrog/PycharmProjects/cl_st1_anna/cl_st1_ph2_anna/examples/f3_pos/f3_p
os_263.tex [3105] [3106] [3107])
(/home/eyamrog/PycharmProjects/cl_st1_anna/cl_st1_ph2_anna/examples/f3_pos/f3_p
os_264.tex [3108] [3109])
(/home/eyamrog/PycharmProjects/cl_st1_anna/cl_st1_ph2_anna/examples/f3_pos/f3_p
os_265.tex [3110])
(/home/eyamrog/PycharmProjects/cl_st1_anna/cl_st1_ph2_anna/examples/f3_pos/f3_p
os_266.tex [3111])
(/home/eyamrog/PycharmProjects/cl_st1_anna/cl_st1_ph2_anna/examples/f3_pos/f3_p
os_267.tex [3112] [3113] [3114] [3115])
(/home/eyamrog/PycharmProjects/cl_st1_anna/cl_st1_ph2_anna/examples/f3_pos/f3_p
os_268.tex [3116])
(/home/eyamrog/PycharmProjects/cl_st1_anna/cl_st1_ph2_anna/examples/f3_pos/f3_p
os_269.tex [3117] [3118] [3119])
(/home/eyamrog/PycharmProjects/cl_st1_anna/cl_st1_ph2_anna/examples/f3_pos/f3_p
os_270.tex [3120] [3121])
(/home/eyamrog/PycharmProjects/cl_st1_anna/cl_st1_ph2_anna/examples/f3_pos/f3_p
os_271.tex [3122])
(/home/eyamrog/PycharmProjects/cl_st1_anna/cl_st1_ph2_anna/examples/f3_pos/f3_p
os_272.tex [3123] [3124])
(/home/eyamrog/PycharmProjects/cl_st1_anna/cl_st1_ph2_anna/examples/f3_pos/f3_p
os_273.tex [3125] [3126] [3127])
(/home/eyamrog/PycharmProjects/cl_st1_anna/cl_st1_ph2_anna/examples/f3_pos/f3_p
os_274.tex
Missing character: There is no ° (U+00B0) in font nullfont!
Missing character: There is no ° (U+00B0) in font nullfont!
[3128
Missing character: There is no ° (U+00B0) in font nullfont!
] [3129])
(/home/eyamrog/PycharmProjects/cl_st1_anna/cl_st1_ph2_anna/examples/f3_pos/f3_p
os_275.tex [3130])
(/home/eyamrog/PycharmProjects/cl_st1_anna/cl_st1_ph2_anna/examples/f3_pos/f3_p
os_276.tex
Overfull \hbox (1.6009pt too wide) in paragraph at lines 1--33
\TU/DejaVuSerif(0)/m/n/10 isso, a \TU/DejaVuSerif(0)/b/n/10 cri-ança \TU/DejaV
uSerif(0)/m/n/10 não era in-tegrada à so-ciedade em que es-tava in-serida, a 
começar
 []

[3131] [3132])
(/home/eyamrog/PycharmProjects/cl_st1_anna/cl_st1_ph2_anna/examples/f3_pos/f3_p
os_277.tex [3133] [3134])
(/home/eyamrog/PycharmProjects/cl_st1_anna/cl_st1_ph2_anna/examples/f3_pos/f3_p
os_278.tex
Overfull \hbox (0.22005pt too wide) in paragraph at lines 1--23
\TU/DejaVuSerif(0)/m/n/10 da ed-u-cação básica ap-re-senta uma vari-ação do
s de-mais níveis de en-sino quando
 []

[3135] [3136])
(/home/eyamrog/PycharmProjects/cl_st1_anna/cl_st1_ph2_anna/examples/f3_pos/f3_p
os_279.tex [3137])
(/home/eyamrog/PycharmProjects/cl_st1_anna/cl_st1_ph2_anna/examples/f3_pos/f3_p
os_280.tex
Missing character: There is no ° (U+00B0) in font nullfont!
Missing character: There is no ° (U+00B0) in font nullfont!
[3138])
(/home/eyamrog/PycharmProjects/cl_st1_anna/cl_st1_ph2_anna/examples/f3_neg/f3_n
eg_001.tex [3139
Missing character: There is no ° (U+00B0) in font nullfont!
] [3140])
(/home/eyamrog/PycharmProjects/cl_st1_anna/cl_st1_ph2_anna/examples/f3_neg/f3_n
eg_002.tex [3141])
(/home/eyamrog/PycharmProjects/cl_st1_anna/cl_st1_ph2_anna/examples/f3_neg/f3_n
eg_003.tex
Overfull \hbox (2.9681pt too wide) in paragraph at lines 1--13
\TU/DejaVuSerif(0)/m/n/10 for-ma-tivos, dis-ci-plinas em áreas do con-hec-i-men
to, ha-bil-i-dades so-cioe-mo-cionais,
 []

[3142])
(/home/eyamrog/PycharmProjects/cl_st1_anna/cl_st1_ph2_anna/examples/f3_neg/f3_n
eg_004.tex
Overfull \hbox (7.86304pt too wide) in paragraph at lines 1--26
[]  \TU/DejaVuSerif(0)/m/n/10 b ) Itin-erân-cias da Área de Matemática e suas
 Tec-nolo-gias : A área de Matemática
 []

[3143] [3144])
(/home/eyamrog/PycharmProjects/cl_st1_anna/cl_st1_ph2_anna/examples/f3_neg/f3_n
eg_005.tex [3145] [3146])
(/home/eyamrog/PycharmProjects/cl_st1_anna/cl_st1_ph2_anna/examples/f3_neg/f3_n
eg_006.tex [3147] [3148] [3149])
(/home/eyamrog/PycharmProjects/cl_st1_anna/cl_st1_ph2_anna/examples/f3_neg/f3_n
eg_007.tex [3150])
(/home/eyamrog/PycharmProjects/cl_st1_anna/cl_st1_ph2_anna/examples/f3_neg/f3_n
eg_008.tex [3151] [3152])
(/home/eyamrog/PycharmProjects/cl_st1_anna/cl_st1_ph2_anna/examples/f3_neg/f3_n
eg_009.tex [3153])
(/home/eyamrog/PycharmProjects/cl_st1_anna/cl_st1_ph2_anna/examples/f3_neg/f3_n
eg_010.tex [3154] [3155])
(/home/eyamrog/PycharmProjects/cl_st1_anna/cl_st1_ph2_anna/examples/f3_neg/f3_n
eg_011.tex)
(/home/eyamrog/PycharmProjects/cl_st1_anna/cl_st1_ph2_anna/examples/f3_neg/f3_n
eg_012.tex [3156] [3157])
(/home/eyamrog/PycharmProjects/cl_st1_anna/cl_st1_ph2_anna/examples/f3_neg/f3_n
eg_013.tex [3158] [3159])
(/home/eyamrog/PycharmProjects/cl_st1_anna/cl_st1_ph2_anna/examples/f3_neg/f3_n
eg_014.tex [3160] [3161])
(/home/eyamrog/PycharmProjects/cl_st1_anna/cl_st1_ph2_anna/examples/f3_neg/f3_n
eg_015.tex [3162] [3163])
(/home/eyamrog/PycharmProjects/cl_st1_anna/cl_st1_ph2_anna/examples/f3_neg/f3_n
eg_016.tex [3164] [3165])
(/home/eyamrog/PycharmProjects/cl_st1_anna/cl_st1_ph2_anna/examples/f3_neg/f3_n
eg_017.tex [3166])
(/home/eyamrog/PycharmProjects/cl_st1_anna/cl_st1_ph2_anna/examples/f3_neg/f3_n
eg_018.tex [3167])
(/home/eyamrog/PycharmProjects/cl_st1_anna/cl_st1_ph2_anna/examples/f3_neg/f3_n
eg_019.tex [3168] [3169] [3170] [3171] [3172] [3173] [3174])
(/home/eyamrog/PycharmProjects/cl_st1_anna/cl_st1_ph2_anna/examples/f3_neg/f3_n
eg_020.tex
Overfull \hbox (23.57942pt too wide) in paragraph at lines 1--21
\TU/DejaVuSerif(0)/m/n/10 stantes trans-for-mações ed-u-ca-cionais que aux-il-
iam e es-tim-u-lam as di-ver-sas conexões
 []

[3175])
(/home/eyamrog/PycharmProjects/cl_st1_anna/cl_st1_ph2_anna/examples/f3_neg/f3_n
eg_021.tex [3176] [3177] [3178] [3179])
(/home/eyamrog/PycharmProjects/cl_st1_anna/cl_st1_ph2_anna/examples/f3_neg/f3_n
eg_022.tex [3180] [3181])
(/home/eyamrog/PycharmProjects/cl_st1_anna/cl_st1_ph2_anna/examples/f3_neg/f3_n
eg_023.tex [3182] [3183])
(/home/eyamrog/PycharmProjects/cl_st1_anna/cl_st1_ph2_anna/examples/f3_neg/f3_n
eg_024.tex
Overfull \hbox (0.69695pt too wide) in paragraph at lines 1--54
\TU/DejaVuSerif(0)/m/n/10 /asset_publisher/Kujrw0TZC2Mb/content/id/51281622. Ace
sso em 22/10/2020.
 []

[3184] [3185] [3186] [3187] [3188])
(/home/eyamrog/PycharmProjects/cl_st1_anna/cl_st1_ph2_anna/examples/f3_neg/f3_n
eg_025.tex [3189])
(/home/eyamrog/PycharmProjects/cl_st1_anna/cl_st1_ph2_anna/examples/f3_neg/f3_n
eg_026.tex [3190])
(/home/eyamrog/PycharmProjects/cl_st1_anna/cl_st1_ph2_anna/examples/f3_neg/f3_n
eg_027.tex [3191] [3192])
(/home/eyamrog/PycharmProjects/cl_st1_anna/cl_st1_ph2_anna/examples/f3_neg/f3_n
eg_028.tex [3193])
(/home/eyamrog/PycharmProjects/cl_st1_anna/cl_st1_ph2_anna/examples/f3_neg/f3_n
eg_029.tex [3194])
(/home/eyamrog/PycharmProjects/cl_st1_anna/cl_st1_ph2_anna/examples/f3_neg/f3_n
eg_030.tex [3195] [3196])
(/home/eyamrog/PycharmProjects/cl_st1_anna/cl_st1_ph2_anna/examples/f3_neg/f3_n
eg_031.tex
Overfull \hbox (0.23364pt too wide) in paragraph at lines 1--13
[]  \TU/DejaVuSerif(0)/m/n/10 4.3 Com-po-nente Cur-ric-u-lar Lín-gua In-glesa 
A per-spec-tiva de ori-en-tação do Com-
 []

[3197])
(/home/eyamrog/PycharmProjects/cl_st1_anna/cl_st1_ph2_anna/examples/f3_neg/f3_n
eg_032.tex [3198] [3199] [3200] [3201])
(/home/eyamrog/PycharmProjects/cl_st1_anna/cl_st1_ph2_anna/examples/f3_neg/f3_n
eg_033.tex
Overfull \hbox (14.77083pt too wide) in paragraph at lines 1--16
\TU/DejaVuSerif(0)/m/n/10 sendo dis-cu-tida desde a pro-mul-gação da Con-sti-t
u-ição Fed-eral de 1988 e aprovação
 []

[3202])
(/home/eyamrog/PycharmProjects/cl_st1_anna/cl_st1_ph2_anna/examples/f3_neg/f3_n
eg_034.tex [3203] [3204] [3205])
(/home/eyamrog/PycharmProjects/cl_st1_anna/cl_st1_ph2_anna/examples/f3_neg/f3_n
eg_035.tex [3206])
(/home/eyamrog/PycharmProjects/cl_st1_anna/cl_st1_ph2_anna/examples/f3_neg/f3_n
eg_036.tex [3207] [3208])
(/home/eyamrog/PycharmProjects/cl_st1_anna/cl_st1_ph2_anna/examples/f3_neg/f3_n
eg_037.tex [3209])
(/home/eyamrog/PycharmProjects/cl_st1_anna/cl_st1_ph2_anna/examples/f3_neg/f3_n
eg_038.tex [3210] [3211])
(/home/eyamrog/PycharmProjects/cl_st1_anna/cl_st1_ph2_anna/examples/f3_neg/f3_n
eg_039.tex
Missing character: There is no ─ (U+2500) in font nullfont!
Missing character: There is no ─ (U+2500) in font nullfont!
Missing character: There is no ─ (U+2500) in font nullfont!
Missing character: There is no ─ (U+2500) in font nullfont!
Missing character: There is no ─ (U+2500) in font nullfont!
Missing character: There is no ─ (U+2500) in font nullfont!
Missing character: There is no ─ (U+2500) in font nullfont!
Missing character: There is no ─ (U+2500) in font nullfont!
Missing character: There is no ─ (U+2500) in font nullfont!
Missing character: There is no ─ (U+2500) in font nullfont!
[3212])
(/home/eyamrog/PycharmProjects/cl_st1_anna/cl_st1_ph2_anna/examples/f3_neg/f3_n
eg_040.tex [3213
Missing character: There is no ─ (U+2500) in font nullfont!
Missing character: There is no ─ (U+2500) in font nullfont!
Missing character: There is no ─ (U+2500) in font nullfont!
Missing character: There is no ─ (U+2500) in font nullfont!
Missing character: There is no ─ (U+2500) in font nullfont!
] [3214])
(/home/eyamrog/PycharmProjects/cl_st1_anna/cl_st1_ph2_anna/examples/f3_neg/f3_n
eg_041.tex [3215])
(/home/eyamrog/PycharmProjects/cl_st1_anna/cl_st1_ph2_anna/examples/f3_neg/f3_n
eg_042.tex [3216] [3217])
(/home/eyamrog/PycharmProjects/cl_st1_anna/cl_st1_ph2_anna/examples/f3_neg/f3_n
eg_043.tex [3218])
(/home/eyamrog/PycharmProjects/cl_st1_anna/cl_st1_ph2_anna/examples/f3_neg/f3_n
eg_044.tex [3219])
(/home/eyamrog/PycharmProjects/cl_st1_anna/cl_st1_ph2_anna/examples/f3_neg/f3_n
eg_045.tex [3220])
(/home/eyamrog/PycharmProjects/cl_st1_anna/cl_st1_ph2_anna/examples/f3_neg/f3_n
eg_046.tex [3221])
(/home/eyamrog/PycharmProjects/cl_st1_anna/cl_st1_ph2_anna/examples/f3_neg/f3_n
eg_047.tex [3222])
(/home/eyamrog/PycharmProjects/cl_st1_anna/cl_st1_ph2_anna/examples/f3_neg/f3_n
eg_048.tex [3223] [3224])
(/home/eyamrog/PycharmProjects/cl_st1_anna/cl_st1_ph2_anna/examples/f3_neg/f3_n
eg_049.tex [3225])
(/home/eyamrog/PycharmProjects/cl_st1_anna/cl_st1_ph2_anna/examples/f3_neg/f3_n
eg_050.tex [3226])
(/home/eyamrog/PycharmProjects/cl_st1_anna/cl_st1_ph2_anna/examples/f3_neg/f3_n
eg_051.tex [3227] [3228] [3229] [3230] [3231])
(/home/eyamrog/PycharmProjects/cl_st1_anna/cl_st1_ph2_anna/examples/f3_neg/f3_n
eg_052.tex [3232])
(/home/eyamrog/PycharmProjects/cl_st1_anna/cl_st1_ph2_anna/examples/f3_neg/f3_n
eg_053.tex [3233])
(/home/eyamrog/PycharmProjects/cl_st1_anna/cl_st1_ph2_anna/examples/f3_neg/f3_n
eg_054.tex [3234])
(/home/eyamrog/PycharmProjects/cl_st1_anna/cl_st1_ph2_anna/examples/f3_neg/f3_n
eg_055.tex [3235])
(/home/eyamrog/PycharmProjects/cl_st1_anna/cl_st1_ph2_anna/examples/f3_neg/f3_n
eg_056.tex [3236])
(/home/eyamrog/PycharmProjects/cl_st1_anna/cl_st1_ph2_anna/examples/f3_neg/f3_n
eg_057.tex [3237] [3238])
(/home/eyamrog/PycharmProjects/cl_st1_anna/cl_st1_ph2_anna/examples/f3_neg/f3_n
eg_058.tex
Overfull \hbox (3.77274pt too wide) in paragraph at lines 1--14
[]  \TU/DejaVuSerif(0)/m/n/10 3. FOR-MAÇÃO GERAL BÁSICA A BNCC-EM es-ta-b-ele
ce as apren-diza-gens essen-
 []

[3239])
(/home/eyamrog/PycharmProjects/cl_st1_anna/cl_st1_ph2_anna/examples/f3_neg/f3_n
eg_059.tex
Overfull \hbox (2.11165pt too wide) in paragraph at lines 1--17
\TU/DejaVuSerif(0)/m/n/10 área ter-ri-to-rial de 357.145,531 km² e 79 mu-nic
í-pios, sendo o 6º es-tado brasileiro
 []

[3240])
(/home/eyamrog/PycharmProjects/cl_st1_anna/cl_st1_ph2_anna/examples/f3_neg/f3_n
eg_060.tex [3241] [3242])
(/home/eyamrog/PycharmProjects/cl_st1_anna/cl_st1_ph2_anna/examples/f3_neg/f3_n
eg_061.tex [3243])
(/home/eyamrog/PycharmProjects/cl_st1_anna/cl_st1_ph2_anna/examples/f3_neg/f3_n
eg_062.tex [3244])
(/home/eyamrog/PycharmProjects/cl_st1_anna/cl_st1_ph2_anna/examples/f3_neg/f3_n
eg_063.tex [3245])
(/home/eyamrog/PycharmProjects/cl_st1_anna/cl_st1_ph2_anna/examples/f3_neg/f3_n
eg_064.tex [3246] [3247])
(/home/eyamrog/PycharmProjects/cl_st1_anna/cl_st1_ph2_anna/examples/f3_neg/f3_n
eg_065.tex
Overfull \hbox (3.15852pt too wide) in paragraph at lines 1--12
\TU/DejaVuSerif(0)/m/n/10 para que cada jovem possa situar -se na so-ciedade, co
m-preen-dendo -a, operando
 []

[3248])
(/home/eyamrog/PycharmProjects/cl_st1_anna/cl_st1_ph2_anna/examples/f3_neg/f3_n
eg_066.tex [3249] [3250])
(/home/eyamrog/PycharmProjects/cl_st1_anna/cl_st1_ph2_anna/examples/f3_neg/f3_n
eg_067.tex [3251])
(/home/eyamrog/PycharmProjects/cl_st1_anna/cl_st1_ph2_anna/examples/f3_neg/f3_n
eg_068.tex)
(/home/eyamrog/PycharmProjects/cl_st1_anna/cl_st1_ph2_anna/examples/f3_neg/f3_n
eg_069.tex [3252])
(/home/eyamrog/PycharmProjects/cl_st1_anna/cl_st1_ph2_anna/examples/f3_neg/f3_n
eg_070.tex [3253])
(/home/eyamrog/PycharmProjects/cl_st1_anna/cl_st1_ph2_anna/examples/f3_neg/f3_n
eg_071.tex
Overfull \hbox (4.01888pt too wide) in paragraph at lines 1--61
[]  \TU/DejaVuSerif(0)/m/n/10 3.4 Ciên-cias Hu-manas e So-ci-ais Apli-cadas As apren-diza-gens essen-ci-ais definidas
 []

[3254] [3255] [3256] [3257] [3258])
(/home/eyamrog/PycharmProjects/cl_st1_anna/cl_st1_ph2_anna/examples/f3_neg/f3_n
eg_072.tex [3259] [3260])
(/home/eyamrog/PycharmProjects/cl_st1_anna/cl_st1_ph2_anna/examples/f3_neg/f3_n
eg_073.tex [3261])
(/home/eyamrog/PycharmProjects/cl_st1_anna/cl_st1_ph2_anna/examples/f3_neg/f3_n
eg_074.tex
Overfull \hbox (0.29524pt too wide) in paragraph at lines 1--17
\TU/DejaVuSerif(0)/m/n/10 século XIX. Porém, foram muitos fatos e ex-per-iên-
cias como peças de um quebra-
 []

[3262])
(/home/eyamrog/PycharmProjects/cl_st1_anna/cl_st1_ph2_anna/examples/f3_neg/f3_n
eg_075.tex [3263] [3264] [3265])
(/home/eyamrog/PycharmProjects/cl_st1_anna/cl_st1_ph2_anna/examples/f3_neg/f3_n
eg_076.tex [3266] [3267])
(/home/eyamrog/PycharmProjects/cl_st1_anna/cl_st1_ph2_anna/examples/f3_neg/f3_n
eg_077.tex [3268])
(/home/eyamrog/PycharmProjects/cl_st1_anna/cl_st1_ph2_anna/examples/f3_neg/f3_n
eg_078.tex [3269])
(/home/eyamrog/PycharmProjects/cl_st1_anna/cl_st1_ph2_anna/examples/f3_neg/f3_n
eg_079.tex [3270])
(/home/eyamrog/PycharmProjects/cl_st1_anna/cl_st1_ph2_anna/examples/f3_neg/f3_n
eg_080.tex)
(/home/eyamrog/PycharmProjects/cl_st1_anna/cl_st1_ph2_anna/examples/f3_neg/f3_n
eg_081.tex [3271] [3272])
(/home/eyamrog/PycharmProjects/cl_st1_anna/cl_st1_ph2_anna/examples/f3_neg/f3_n
eg_082.tex [3273] [3274])
(/home/eyamrog/PycharmProjects/cl_st1_anna/cl_st1_ph2_anna/examples/f3_neg/f3_n
eg_083.tex [3275] [3276] [3277])
(/home/eyamrog/PycharmProjects/cl_st1_anna/cl_st1_ph2_anna/examples/f3_neg/f3_n
eg_084.tex [3278] [3279] [3280])
(/home/eyamrog/PycharmProjects/cl_st1_anna/cl_st1_ph2_anna/examples/f3_neg/f3_n
eg_085.tex [3281])
(/home/eyamrog/PycharmProjects/cl_st1_anna/cl_st1_ph2_anna/examples/f3_neg/f3_n
eg_086.tex [3282] [3283] [3284] [3285])
(/home/eyamrog/PycharmProjects/cl_st1_anna/cl_st1_ph2_anna/examples/f3_neg/f3_n
eg_087.tex [3286])
(/home/eyamrog/PycharmProjects/cl_st1_anna/cl_st1_ph2_anna/examples/f3_neg/f3_n
eg_088.tex [3287])
(/home/eyamrog/PycharmProjects/cl_st1_anna/cl_st1_ph2_anna/examples/f3_neg/f3_n
eg_089.tex [3288])
(/home/eyamrog/PycharmProjects/cl_st1_anna/cl_st1_ph2_anna/examples/f3_neg/f3_n
eg_090.tex)
(/home/eyamrog/PycharmProjects/cl_st1_anna/cl_st1_ph2_anna/examples/f3_neg/f3_n
eg_091.tex [3289] [3290] [3291])
(/home/eyamrog/PycharmProjects/cl_st1_anna/cl_st1_ph2_anna/examples/f3_neg/f3_n
eg_092.tex [3292])
(/home/eyamrog/PycharmProjects/cl_st1_anna/cl_st1_ph2_anna/examples/f3_neg/f3_n
eg_093.tex [3293])
(/home/eyamrog/PycharmProjects/cl_st1_anna/cl_st1_ph2_anna/examples/f3_neg/f3_n
eg_094.tex [3294])
(/home/eyamrog/PycharmProjects/cl_st1_anna/cl_st1_ph2_anna/examples/f3_neg/f3_n
eg_095.tex [3295])
(/home/eyamrog/PycharmProjects/cl_st1_anna/cl_st1_ph2_anna/examples/f3_neg/f3_n
eg_096.tex [3296])
(/home/eyamrog/PycharmProjects/cl_st1_anna/cl_st1_ph2_anna/examples/f3_neg/f3_n
eg_097.tex [3297] [3298])
(/home/eyamrog/PycharmProjects/cl_st1_anna/cl_st1_ph2_anna/examples/f3_neg/f3_n
eg_098.tex [3299])
(/home/eyamrog/PycharmProjects/cl_st1_anna/cl_st1_ph2_anna/examples/f3_neg/f3_n
eg_099.tex
Overfull \hbox (39.60132pt too wide) in paragraph at lines 1--30
\TU/DejaVuSerif(0)/m/n/10 Text Sam-ple 1499: NEG Dim 3 – sp – Score -2.00 
– sp/sp_ef_cien-cias_hu-manas_geo_4.txt 
 []

[3300])
(/home/eyamrog/PycharmProjects/cl_st1_anna/cl_st1_ph2_anna/examples/f3_neg/f3_n
eg_100.tex
Overfull \hbox (39.60132pt too wide) in paragraph at lines 1--40
\TU/DejaVuSerif(0)/m/n/10 Text Sam-ple 1500: NEG Dim 3 – sp – Score -2.00 
– sp/sp_ef_cien-cias_hu-manas_geo_2.txt 
 []

[3301] [3302])
(/home/eyamrog/PycharmProjects/cl_st1_anna/cl_st1_ph2_anna/examples/f3_neg/f3_n
eg_101.tex [3303])
(/home/eyamrog/PycharmProjects/cl_st1_anna/cl_st1_ph2_anna/examples/f3_neg/f3_n
eg_102.tex [3304])
(/home/eyamrog/PycharmProjects/cl_st1_anna/cl_st1_ph2_anna/examples/f3_neg/f3_n
eg_103.tex [3305] [3306] [3307])
(/home/eyamrog/PycharmProjects/cl_st1_anna/cl_st1_ph2_anna/examples/f3_neg/f3_n
eg_104.tex [3308])
(/home/eyamrog/PycharmProjects/cl_st1_anna/cl_st1_ph2_anna/examples/f3_neg/f3_n
eg_105.tex [3309] [3310])
(/home/eyamrog/PycharmProjects/cl_st1_anna/cl_st1_ph2_anna/examples/f3_neg/f3_n
eg_106.tex)
(/home/eyamrog/PycharmProjects/cl_st1_anna/cl_st1_ph2_anna/examples/f3_neg/f3_n
eg_107.tex [3311] [3312])
(/home/eyamrog/PycharmProjects/cl_st1_anna/cl_st1_ph2_anna/examples/f3_neg/f3_n
eg_108.tex [3313])
(/home/eyamrog/PycharmProjects/cl_st1_anna/cl_st1_ph2_anna/examples/f3_neg/f3_n
eg_109.tex [3314])
(/home/eyamrog/PycharmProjects/cl_st1_anna/cl_st1_ph2_anna/examples/f3_neg/f3_n
eg_110.tex)
(/home/eyamrog/PycharmProjects/cl_st1_anna/cl_st1_ph2_anna/examples/f3_neg/f3_n
eg_111.tex [3315] [3316] [3317])
(/home/eyamrog/PycharmProjects/cl_st1_anna/cl_st1_ph2_anna/examples/f3_neg/f3_n
eg_112.tex
Overfull \hbox (5.95825pt too wide) in paragraph at lines 1--32
[]  \TU/DejaVuSerif(0)/m/n/10 O es-tudo das práti-cas de lin-guagem em Lín-gua
 Por-tuguesa At-ual-mente, o cenário
 []


Overfull \hbox (8.36458pt too wide) in paragraph at lines 1--32
\TU/DejaVuSerif(0)/m/n/10 so-ci-olin-guís-tico e geopolítico no qual o com-po-
nente cur-ric-u-lar Lín-gua Por-tuguesa
 []

[3318] [3319])
(/home/eyamrog/PycharmProjects/cl_st1_anna/cl_st1_ph2_anna/examples/f3_neg/f3_n
eg_113.tex [3320] [3321])
(/home/eyamrog/PycharmProjects/cl_st1_anna/cl_st1_ph2_anna/examples/f3_neg/f3_n
eg_114.tex
Overfull \hbox (24.68571pt too wide) in paragraph at lines 1--11
[]  \TU/DejaVuSerif(0)/m/n/10 PARTE DI-VER-SI-FI-CADA, CON-TEX-TU-AL-IZA-ÇÃO, DES-DO-BRA-MEN-TOS DID
ÁTICOS-
 []

[3322])
(/home/eyamrog/PycharmProjects/cl_st1_anna/cl_st1_ph2_anna/examples/f3_neg/f3_n
eg_115.tex
Overfull \hbox (1.57097pt too wide) in paragraph at lines 1--27
\TU/DejaVuSerif(0)/m/n/10 u-men-tos/2020/Ap-re-sen-ta-cao_Co-le-tiva_Im-prensa_S
aeb_2019.pdf. Acesso em 23
 []

[3323])
(/home/eyamrog/PycharmProjects/cl_st1_anna/cl_st1_ph2_anna/examples/f3_neg/f3_n
eg_116.tex [3324] [3325])
(/home/eyamrog/PycharmProjects/cl_st1_anna/cl_st1_ph2_anna/examples/f3_neg/f3_n
eg_117.tex
Overfull \hbox (3.081pt too wide) in paragraph at lines 1--9
[]  \TU/DejaVuSerif(0)/m/n/10 MATEMÁTICA E SUAS TEC-NOLO-GIAS O bor-dado “ Fi
lé Alagoano ” é Patrimônio
 []

)
(/home/eyamrog/PycharmProjects/cl_st1_anna/cl_st1_ph2_anna/examples/f3_neg/f3_n
eg_118.tex [3326] [3327])
(/home/eyamrog/PycharmProjects/cl_st1_anna/cl_st1_ph2_anna/examples/f3_neg/f3_n
eg_119.tex
Overfull \hbox (5.82791pt too wide) in paragraph at lines 1--26
[]  \TU/DejaVuSerif(0)/m/n/10 OR-GA-NI-ZADOR CUR-RIC-U-LAR DE LIN-GUA-GENS E SUA
S TEC-NOLO-GIAS Neste
 []


Overfull \hbox (4.06477pt too wide) in paragraph at lines 1--26
\TU/DejaVuSerif(0)/m/n/10 Ha-bil-i-dades, Ob-je-tos de Con-hec-i-mento e Des-do-
bra-men-tos Didático-Pedagógicos
 []

[3328] [3329])
(/home/eyamrog/PycharmProjects/cl_st1_anna/cl_st1_ph2_anna/examples/f3_neg/f3_n
eg_120.tex [3330] [3331] [3332] [3333])
(/home/eyamrog/PycharmProjects/cl_st1_anna/cl_st1_ph2_anna/examples/f3_neg/f3_n
eg_121.tex
Overfull \hbox (7.72493pt too wide) in paragraph at lines 1--13
\TU/DejaVuSerif(0)/m/n/10 ritório Maran-hense ( MARAN-HÃO, 2019 ) pon-tua que a avali-a
ção em matemática,
 []

[3334])
(/home/eyamrog/PycharmProjects/cl_st1_anna/cl_st1_ph2_anna/examples/f3_neg/f3_n
eg_122.tex [3335] [3336])
(/home/eyamrog/PycharmProjects/cl_st1_anna/cl_st1_ph2_anna/examples/f3_neg/f3_n
eg_123.tex [3337])
(/home/eyamrog/PycharmProjects/cl_st1_anna/cl_st1_ph2_anna/examples/f3_neg/f3_n
eg_124.tex [3338])
(/home/eyamrog/PycharmProjects/cl_st1_anna/cl_st1_ph2_anna/examples/f3_neg/f3_n
eg_125.tex [3339])
(/home/eyamrog/PycharmProjects/cl_st1_anna/cl_st1_ph2_anna/examples/f3_neg/f3_n
eg_126.tex)
(/home/eyamrog/PycharmProjects/cl_st1_anna/cl_st1_ph2_anna/examples/f3_neg/f3_n
eg_127.tex [3340] [3341] [3342])
(/home/eyamrog/PycharmProjects/cl_st1_anna/cl_st1_ph2_anna/examples/f3_neg/f3_n
eg_128.tex [3343] [3344] [3345] [3346])
(/home/eyamrog/PycharmProjects/cl_st1_anna/cl_st1_ph2_anna/examples/f3_neg/f3_n
eg_129.tex)
(/home/eyamrog/PycharmProjects/cl_st1_anna/cl_st1_ph2_anna/examples/f3_neg/f3_n
eg_130.tex [3347] [3348])
(/home/eyamrog/PycharmProjects/cl_st1_anna/cl_st1_ph2_anna/examples/f3_neg/f3_n
eg_131.tex [3349])
(/home/eyamrog/PycharmProjects/cl_st1_anna/cl_st1_ph2_anna/examples/f3_neg/f3_n
eg_132.tex [3350])
(/home/eyamrog/PycharmProjects/cl_st1_anna/cl_st1_ph2_anna/examples/f3_neg/f3_n
eg_133.tex [3351])
(/home/eyamrog/PycharmProjects/cl_st1_anna/cl_st1_ph2_anna/examples/f3_neg/f3_n
eg_134.tex
Missing character: There is no ° (U+00B0) in font nullfont!
Missing character: There is no ° (U+00B0) in font nullfont!
[3352
Missing character: There is no ° (U+00B0) in font nullfont!
])
(/home/eyamrog/PycharmProjects/cl_st1_anna/cl_st1_ph2_anna/examples/f3_neg/f3_n
eg_135.tex [3353])
(/home/eyamrog/PycharmProjects/cl_st1_anna/cl_st1_ph2_anna/examples/f3_neg/f3_n
eg_136.tex [3354])
(/home/eyamrog/PycharmProjects/cl_st1_anna/cl_st1_ph2_anna/examples/f3_neg/f3_n
eg_137.tex [3355] [3356] [3357])
(/home/eyamrog/PycharmProjects/cl_st1_anna/cl_st1_ph2_anna/examples/f3_neg/f3_n
eg_138.tex
Overfull \hbox (4.0319pt too wide) in paragraph at lines 1--54
[]  \TU/DejaVuSerif(0)/m/n/10 4.4.1. \TU/DejaVuSerif(0)/b/n/10 Com-petên-cias 
\TU/DejaVuSerif(0)/m/n/10 Den-tre as áreas de con-hec-i-men-tos con-sid-er-adas
 na BNCC
 []

[3358] [3359])
(/home/eyamrog/PycharmProjects/cl_st1_anna/cl_st1_ph2_anna/examples/f3_neg/f3_n
eg_139.tex [3360])
(/home/eyamrog/PycharmProjects/cl_st1_anna/cl_st1_ph2_anna/examples/f3_neg/f3_n
eg_140.tex [3361])
(/home/eyamrog/PycharmProjects/cl_st1_anna/cl_st1_ph2_anna/examples/f3_neg/f3_n
eg_141.tex)
(/home/eyamrog/PycharmProjects/cl_st1_anna/cl_st1_ph2_anna/examples/f3_neg/f3_n
eg_142.tex
Missing character: There is no ° (U+00B0) in font nullfont!
Missing character: There is no ° (U+00B0) in font nullfont!
Missing character: There is no ° (U+00B0) in font nullfont!
Missing character: There is no ° (U+00B0) in font nullfont!
[3362] [3363
Missing character: There is no ° (U+00B0) in font nullfont!
])
(/home/eyamrog/PycharmProjects/cl_st1_anna/cl_st1_ph2_anna/examples/f3_neg/f3_n
eg_143.tex [3364
Missing character: There is no ° (U+00B0) in font nullfont!
])
(/home/eyamrog/PycharmProjects/cl_st1_anna/cl_st1_ph2_anna/examples/f3_neg/f3_n
eg_144.tex)
(/home/eyamrog/PycharmProjects/cl_st1_anna/cl_st1_ph2_anna/examples/f3_neg/f3_n
eg_145.tex [3365])
(/home/eyamrog/PycharmProjects/cl_st1_anna/cl_st1_ph2_anna/examples/f3_neg/f3_n
eg_146.tex [3366])
(/home/eyamrog/PycharmProjects/cl_st1_anna/cl_st1_ph2_anna/examples/f3_neg/f3_n
eg_147.tex [3367])
(/home/eyamrog/PycharmProjects/cl_st1_anna/cl_st1_ph2_anna/examples/f3_neg/f3_n
eg_148.tex [3368])
(/home/eyamrog/PycharmProjects/cl_st1_anna/cl_st1_ph2_anna/examples/f3_neg/f3_n
eg_149.tex [3369])
(/home/eyamrog/PycharmProjects/cl_st1_anna/cl_st1_ph2_anna/examples/f3_neg/f3_n
eg_150.tex [3370] [3371])
(/home/eyamrog/PycharmProjects/cl_st1_anna/cl_st1_ph2_anna/examples/f3_neg/f3_n
eg_151.tex [3372] [3373] [3374] [3375])
(/home/eyamrog/PycharmProjects/cl_st1_anna/cl_st1_ph2_anna/examples/f3_neg/f3_n
eg_152.tex [3376] [3377] [3378])
(/home/eyamrog/PycharmProjects/cl_st1_anna/cl_st1_ph2_anna/examples/f3_neg/f3_n
eg_153.tex [3379] [3380] [3381])
(/home/eyamrog/PycharmProjects/cl_st1_anna/cl_st1_ph2_anna/examples/f3_neg/f3_n
eg_154.tex
Overfull \hbox (10.99731pt too wide) in paragraph at lines 1--11
[]  \TU/DejaVuSerif(0)/m/n/10 É tam-bém no pro-jeto que se ex-plici-tam os pro
-ced-i-men-tos, in-stru-men-tos e critérios
 []

[3382])
(/home/eyamrog/PycharmProjects/cl_st1_anna/cl_st1_ph2_anna/examples/f3_neg/f3_n
eg_155.tex [3383] [3384] [3385])
(/home/eyamrog/PycharmProjects/cl_st1_anna/cl_st1_ph2_anna/examples/f3_neg/f3_n
eg_156.tex [3386] [3387])
(/home/eyamrog/PycharmProjects/cl_st1_anna/cl_st1_ph2_anna/examples/f3_neg/f3_n
eg_157.tex [3388])
(/home/eyamrog/PycharmProjects/cl_st1_anna/cl_st1_ph2_anna/examples/f3_neg/f3_n
eg_158.tex [3389] [3390] [3391])
(/home/eyamrog/PycharmProjects/cl_st1_anna/cl_st1_ph2_anna/examples/f3_neg/f3_n
eg_159.tex [3392] [3393])
(/home/eyamrog/PycharmProjects/cl_st1_anna/cl_st1_ph2_anna/examples/f3_neg/f3_n
eg_160.tex
Overfull \hbox (36.61998pt too wide) in paragraph at lines 1--61
[]  \TU/DejaVuSerif(0)/m/n/10 2.3 TEMAS CON-TEM-PORÂ-NEOS TRANSVER-SAIS NO CUR-
RÍCULO DE MATEMÁTICA
 []

[3394] [3395] [3396])
(/home/eyamrog/PycharmProjects/cl_st1_anna/cl_st1_ph2_anna/examples/f3_neg/f3_n
eg_161.tex [3397])
(/home/eyamrog/PycharmProjects/cl_st1_anna/cl_st1_ph2_anna/examples/f3_neg/f3_n
eg_162.tex [3398] [3399])
(/home/eyamrog/PycharmProjects/cl_st1_anna/cl_st1_ph2_anna/examples/f3_neg/f3_n
eg_163.tex [3400] [3401] [3402])
(/home/eyamrog/PycharmProjects/cl_st1_anna/cl_st1_ph2_anna/examples/f3_neg/f3_n
eg_164.tex [3403])
(/home/eyamrog/PycharmProjects/cl_st1_anna/cl_st1_ph2_anna/examples/f3_neg/f3_n
eg_165.tex [3404])
(/home/eyamrog/PycharmProjects/cl_st1_anna/cl_st1_ph2_anna/examples/f3_neg/f3_n
eg_166.tex [3405])
(/home/eyamrog/PycharmProjects/cl_st1_anna/cl_st1_ph2_anna/examples/f3_neg/f3_n
eg_167.tex [3406])
(/home/eyamrog/PycharmProjects/cl_st1_anna/cl_st1_ph2_anna/examples/f3_neg/f3_n
eg_168.tex [3407] [3408])
(/home/eyamrog/PycharmProjects/cl_st1_anna/cl_st1_ph2_anna/examples/f3_neg/f3_n
eg_169.tex [3409])
(/home/eyamrog/PycharmProjects/cl_st1_anna/cl_st1_ph2_anna/examples/f3_neg/f3_n
eg_170.tex)
(/home/eyamrog/PycharmProjects/cl_st1_anna/cl_st1_ph2_anna/examples/f3_neg/f3_n
eg_171.tex
Overfull \hbox (5.54915pt too wide) in paragraph at lines 1--44
\TU/DejaVuSerif(0)/m/n/10 são da re-lação en-tre as so-ciedades e a na-tureza
, aos difer-entes mod-e-los econômi-
 []

[3410] [3411] [3412])
(/home/eyamrog/PycharmProjects/cl_st1_anna/cl_st1_ph2_anna/examples/f3_neg/f3_n
eg_172.tex [3413])
(/home/eyamrog/PycharmProjects/cl_st1_anna/cl_st1_ph2_anna/examples/f3_neg/f3_n
eg_173.tex [3414])
(/home/eyamrog/PycharmProjects/cl_st1_anna/cl_st1_ph2_anna/examples/f3_neg/f3_n
eg_174.tex
Overfull \hbox (5.32747pt too wide) in paragraph at lines 1--22
\TU/DejaVuSerif(0)/m/n/10 gundo os Ref-er-en-ci-ais Cur-ric-u-lares de Lín-gua Es-trangeira da Para
íba ( PARAÍBA,
 []

[3415])
(/home/eyamrog/PycharmProjects/cl_st1_anna/cl_st1_ph2_anna/examples/f3_neg/f3_n
eg_175.tex [3416] [3417] [3418])
(/home/eyamrog/PycharmProjects/cl_st1_anna/cl_st1_ph2_anna/examples/f3_neg/f3_n
eg_176.tex [3419] [3420])
(/home/eyamrog/PycharmProjects/cl_st1_anna/cl_st1_ph2_anna/examples/f3_neg/f3_n
eg_177.tex [3421])
(/home/eyamrog/PycharmProjects/cl_st1_anna/cl_st1_ph2_anna/examples/f3_neg/f3_n
eg_178.tex [3422])
(/home/eyamrog/PycharmProjects/cl_st1_anna/cl_st1_ph2_anna/examples/f3_neg/f3_n
eg_179.tex [3423])
(/home/eyamrog/PycharmProjects/cl_st1_anna/cl_st1_ph2_anna/examples/f3_neg/f3_n
eg_180.tex [3424])
(/home/eyamrog/PycharmProjects/cl_st1_anna/cl_st1_ph2_anna/examples/f3_neg/f3_n
eg_181.tex [3425] [3426] [3427])
(/home/eyamrog/PycharmProjects/cl_st1_anna/cl_st1_ph2_anna/examples/f3_neg/f3_n
eg_182.tex)
(/home/eyamrog/PycharmProjects/cl_st1_anna/cl_st1_ph2_anna/examples/f3_neg/f3_n
eg_183.tex [3428] [3429])
(/home/eyamrog/PycharmProjects/cl_st1_anna/cl_st1_ph2_anna/examples/f3_neg/f3_n
eg_184.tex [3430] [3431])
(/home/eyamrog/PycharmProjects/cl_st1_anna/cl_st1_ph2_anna/examples/f3_neg/f3_n
eg_185.tex [3432])
(/home/eyamrog/PycharmProjects/cl_st1_anna/cl_st1_ph2_anna/examples/f3_neg/f3_n
eg_186.tex
Overfull \hbox (5.21756pt too wide) in paragraph at lines 1--17
[]  \TU/DejaVuSerif(0)/m/n/10 5.4 CIÊN-CIAS HU-MANAS E SO-CI-AIS APLI-CADAS - 
FOR-MAÇÃO GERAL BÁSICA
 []

[3433] [3434])
(/home/eyamrog/PycharmProjects/cl_st1_anna/cl_st1_ph2_anna/examples/f3_neg/f3_n
eg_187.tex [3435] [3436])
(/home/eyamrog/PycharmProjects/cl_st1_anna/cl_st1_ph2_anna/examples/f3_neg/f3_n
eg_188.tex [3437])
(/home/eyamrog/PycharmProjects/cl_st1_anna/cl_st1_ph2_anna/examples/f3_neg/f3_n
eg_189.tex [3438])
(/home/eyamrog/PycharmProjects/cl_st1_anna/cl_st1_ph2_anna/examples/f3_neg/f3_n
eg_190.tex [3439])
(/home/eyamrog/PycharmProjects/cl_st1_anna/cl_st1_ph2_anna/examples/f3_neg/f3_n
eg_191.tex
Overfull \hbox (8.61938pt too wide) in paragraph at lines 1--13
[]  \TU/DejaVuSerif(0)/m/n/10 Prezado(a) Pro-fes-sor(a), É com imensa sat-is-fa
ção e a sen-sação de de-ver cumprido
 []

[3440])
(/home/eyamrog/PycharmProjects/cl_st1_anna/cl_st1_ph2_anna/examples/f3_neg/f3_n
eg_192.tex [3441])
(/home/eyamrog/PycharmProjects/cl_st1_anna/cl_st1_ph2_anna/examples/f3_neg/f3_n
eg_193.tex [3442])
(/home/eyamrog/PycharmProjects/cl_st1_anna/cl_st1_ph2_anna/examples/f3_neg/f3_n
eg_194.tex [3443] [3444] [3445])
(/home/eyamrog/PycharmProjects/cl_st1_anna/cl_st1_ph2_anna/examples/f3_neg/f3_n
eg_195.tex [3446])
(/home/eyamrog/PycharmProjects/cl_st1_anna/cl_st1_ph2_anna/examples/f3_neg/f3_n
eg_196.tex [3447] [3448])
(/home/eyamrog/PycharmProjects/cl_st1_anna/cl_st1_ph2_anna/examples/f3_neg/f3_n
eg_197.tex
Overfull \hbox (15.35677pt too wide) in paragraph at lines 1--11
\TU/DejaVuSerif(0)/m/n/10 ação essen-cial para a con-strução co-le-tiva de 
um pro-jeto pedagógico de curso/Plano
 []

)
(/home/eyamrog/PycharmProjects/cl_st1_anna/cl_st1_ph2_anna/examples/f3_neg/f3_n
eg_198.tex [3449])
(/home/eyamrog/PycharmProjects/cl_st1_anna/cl_st1_ph2_anna/examples/f3_neg/f3_n
eg_199.tex [3450])
(/home/eyamrog/PycharmProjects/cl_st1_anna/cl_st1_ph2_anna/examples/f3_neg/f3_n
eg_200.tex [3451])
(/home/eyamrog/PycharmProjects/cl_st1_anna/cl_st1_ph2_anna/examples/f3_neg/f3_n
eg_201.tex
Overfull \hbox (2.41438pt too wide) in paragraph at lines 1--21
[]  \TU/DejaVuSerif(0)/m/n/10 Nas palavras de Souza ( 2019 ), o en-sino e apren-
diza-gem de lín-guas es-trangeiras
 []

[3452] [3453])
(/home/eyamrog/PycharmProjects/cl_st1_anna/cl_st1_ph2_anna/examples/f3_neg/f3_n
eg_202.tex [3454])
(/home/eyamrog/PycharmProjects/cl_st1_anna/cl_st1_ph2_anna/examples/f3_neg/f3_n
eg_203.tex)
(/home/eyamrog/PycharmProjects/cl_st1_anna/cl_st1_ph2_anna/examples/f3_neg/f3_n
eg_204.tex [3455])
(/home/eyamrog/PycharmProjects/cl_st1_anna/cl_st1_ph2_anna/examples/f3_neg/f3_n
eg_205.tex
Overfull \hbox (18.09636pt too wide) in paragraph at lines 1--19
[]  \TU/DejaVuSerif(0)/m/n/10 9. Área de Matemática e suas Tec-nolo-gias Neste
 doc-u-mento, a área de Matemática,
 []

[3456])
(/home/eyamrog/PycharmProjects/cl_st1_anna/cl_st1_ph2_anna/examples/f3_neg/f3_n
eg_206.tex)
(/home/eyamrog/PycharmProjects/cl_st1_anna/cl_st1_ph2_anna/examples/f3_neg/f3_n
eg_207.tex
Overfull \hbox (5.96606pt too wide) in paragraph at lines 1--20
[]  \TU/DejaVuSerif(0)/m/n/10 4.2.3 Es-peci-fi-ci-dades Cur-ric-u-lares O cur-r
ículo es-pecí-fico quilom-bola prevê ações
 []

[3457])
(/home/eyamrog/PycharmProjects/cl_st1_anna/cl_st1_ph2_anna/examples/f3_neg/f3_n
eg_208.tex [3458])
(/home/eyamrog/PycharmProjects/cl_st1_anna/cl_st1_ph2_anna/examples/f3_neg/f3_n
eg_209.tex [3459] [3460])
(/home/eyamrog/PycharmProjects/cl_st1_anna/cl_st1_ph2_anna/examples/f3_neg/f3_n
eg_210.tex [3461])
(/home/eyamrog/PycharmProjects/cl_st1_anna/cl_st1_ph2_anna/examples/f3_neg/f3_n
eg_211.tex [3462] [3463])
(/home/eyamrog/PycharmProjects/cl_st1_anna/cl_st1_ph2_anna/examples/f3_neg/f3_n
eg_212.tex [3464] [3465])
(/home/eyamrog/PycharmProjects/cl_st1_anna/cl_st1_ph2_anna/examples/f3_neg/f3_n
eg_213.tex [3466] [3467])
(/home/eyamrog/PycharmProjects/cl_st1_anna/cl_st1_ph2_anna/examples/f3_neg/f3_n
eg_214.tex [3468])
(/home/eyamrog/PycharmProjects/cl_st1_anna/cl_st1_ph2_anna/examples/f3_neg/f3_n
eg_215.tex [3469])
(/home/eyamrog/PycharmProjects/cl_st1_anna/cl_st1_ph2_anna/examples/f3_neg/f3_n
eg_216.tex
Missing character: There is no ° (U+00B0) in font nullfont!
Missing character: There is no ° (U+00B0) in font nullfont!
[3470])
(/home/eyamrog/PycharmProjects/cl_st1_anna/cl_st1_ph2_anna/examples/f3_neg/f3_n
eg_217.tex [3471
Missing character: There is no ° (U+00B0) in font nullfont!
] [3472])
(/home/eyamrog/PycharmProjects/cl_st1_anna/cl_st1_ph2_anna/examples/f3_neg/f3_n
eg_218.tex)
(/home/eyamrog/PycharmProjects/cl_st1_anna/cl_st1_ph2_anna/examples/f3_neg/f3_n
eg_219.tex [3473] [3474])
(/home/eyamrog/PycharmProjects/cl_st1_anna/cl_st1_ph2_anna/examples/f3_neg/f3_n
eg_220.tex [3475] [3476])
(/home/eyamrog/PycharmProjects/cl_st1_anna/cl_st1_ph2_anna/examples/f3_neg/f3_n
eg_221.tex
Overfull \hbox (14.16881pt too wide) in paragraph at lines 1--72
\TU/DejaVuSerif(0)/m/n/10 CON-HEC-I-MENTO LIN-GUA-GENS E SUAS TEC-NOLO-GIAS ; CI
ÊN-CIAS HU-MANAS
 []


Overfull \hbox (0.96712pt too wide) in paragraph at lines 1--72
\TU/DejaVuSerif(0)/m/n/10 tex-tos fun-da-men-ta-dos que con-sid-eram o con-texto
 so-cial e a par-tic-i-pação cidadã.
 []

[3477] [3478] [3479] [3480] [3481])
(/home/eyamrog/PycharmProjects/cl_st1_anna/cl_st1_ph2_anna/examples/f3_neg/f3_n
eg_222.tex
Missing character: There is no ° (U+00B0) in font nullfont!
Missing character: There is no ° (U+00B0) in font nullfont!
[3482] [3483
Missing character: There is no ° (U+00B0) in font nullfont!
])
(/home/eyamrog/PycharmProjects/cl_st1_anna/cl_st1_ph2_anna/examples/f3_neg/f3_n
eg_223.tex [3484])
(/home/eyamrog/PycharmProjects/cl_st1_anna/cl_st1_ph2_anna/examples/f3_neg/f3_n
eg_224.tex [3485])
(/home/eyamrog/PycharmProjects/cl_st1_anna/cl_st1_ph2_anna/examples/f3_neg/f3_n
eg_225.tex [3486])
(/home/eyamrog/PycharmProjects/cl_st1_anna/cl_st1_ph2_anna/examples/f3_neg/f3_n
eg_226.tex
Overfull \hbox (3.13542pt too wide) in paragraph at lines 1--17
\TU/DejaVuSerif(0)/m/n/10 nas Améri-cas, com ên-fase no pro-cesso brasileiro 
e seus des-do-bra-men-tos. África,
 []

[3487] [3488])
(/home/eyamrog/PycharmProjects/cl_st1_anna/cl_st1_ph2_anna/examples/f3_neg/f3_n
eg_227.tex [3489] [3490])
(/home/eyamrog/PycharmProjects/cl_st1_anna/cl_st1_ph2_anna/examples/f3_neg/f3_n
eg_228.tex
Overfull \hbox (7.69759pt too wide) in paragraph at lines 1--11
[]  \TU/DejaVuSerif(0)/m/n/10 Con-siderando esses pres-su-pos-tos, e em ar-tic-u
-lação com as \TU/DejaVuSerif(0)/b/n/10 com-petên-cias \TU/DejaVuSerif(0)/m/
n/10 gerais
 []

[3491])
(/home/eyamrog/PycharmProjects/cl_st1_anna/cl_st1_ph2_anna/examples/f3_neg/f3_n
eg_229.tex [3492])
(/home/eyamrog/PycharmProjects/cl_st1_anna/cl_st1_ph2_anna/examples/f3_neg/f3_n
eg_230.tex [3493])
(/home/eyamrog/PycharmProjects/cl_st1_anna/cl_st1_ph2_anna/examples/f3_neg/f3_n
eg_231.tex [3494])
(/home/eyamrog/PycharmProjects/cl_st1_anna/cl_st1_ph2_anna/examples/f3_neg/f3_n
eg_232.tex [3495] [3496])
(/home/eyamrog/PycharmProjects/cl_st1_anna/cl_st1_ph2_anna/examples/f3_neg/f3_n
eg_233.tex [3497] [3498])
(/home/eyamrog/PycharmProjects/cl_st1_anna/cl_st1_ph2_anna/examples/f3_neg/f3_n
eg_234.tex [3499] [3500] [3501] [3502])
(/home/eyamrog/PycharmProjects/cl_st1_anna/cl_st1_ph2_anna/examples/f3_neg/f3_n
eg_235.tex
Overfull \hbox (1.00032pt too wide) in paragraph at lines 1--12
\TU/DejaVuSerif(0)/m/n/10 mod-e-lagem, con-tex-tu-al-iza-ção, análise e apli-
cação do con-hec-i-mento matemático
 []

[3503])
(/home/eyamrog/PycharmProjects/cl_st1_anna/cl_st1_ph2_anna/examples/f3_neg/f3_n
eg_236.tex [3504] [3505] [3506])
(/home/eyamrog/PycharmProjects/cl_st1_anna/cl_st1_ph2_anna/examples/f3_neg/f3_n
eg_237.tex [3507] [3508])
(/home/eyamrog/PycharmProjects/cl_st1_anna/cl_st1_ph2_anna/examples/f3_neg/f3_n
eg_238.tex [3509] [3510])
(/home/eyamrog/PycharmProjects/cl_st1_anna/cl_st1_ph2_anna/examples/f3_neg/f3_n
eg_239.tex
Overfull \hbox (28.55013pt too wide) in paragraph at lines 1--13
\TU/DejaVuSerif(0)/m/n/10 gente e suas apli-cações tanto em situ-ações reais
 como in-ter-nas à própria Matemática,
 []

)
(/home/eyamrog/PycharmProjects/cl_st1_anna/cl_st1_ph2_anna/examples/f3_neg/f3_n
eg_240.tex [3511])
(/home/eyamrog/PycharmProjects/cl_st1_anna/cl_st1_ph2_anna/examples/f3_neg/f3_n
eg_241.tex [3512])
(/home/eyamrog/PycharmProjects/cl_st1_anna/cl_st1_ph2_anna/examples/f3_neg/f3_n
eg_242.tex)
(/home/eyamrog/PycharmProjects/cl_st1_anna/cl_st1_ph2_anna/examples/f3_neg/f3_n
eg_243.tex [3513] [3514])
(/home/eyamrog/PycharmProjects/cl_st1_anna/cl_st1_ph2_anna/examples/f3_neg/f3_n
eg_244.tex [3515])
(/home/eyamrog/PycharmProjects/cl_st1_anna/cl_st1_ph2_anna/examples/f3_neg/f3_n
eg_245.tex [3516] [3517])
(/home/eyamrog/PycharmProjects/cl_st1_anna/cl_st1_ph2_anna/examples/f3_neg/f3_n
eg_246.tex
Missing character: There is no ° (U+00B0) in font nullfont!
Missing character: There is no ° (U+00B0) in font nullfont!
[3518
Missing character: There is no ° (U+00B0) in font nullfont!
])
(/home/eyamrog/PycharmProjects/cl_st1_anna/cl_st1_ph2_anna/examples/f3_neg/f3_n
eg_247.tex [3519] [3520])
(/home/eyamrog/PycharmProjects/cl_st1_anna/cl_st1_ph2_anna/examples/f3_neg/f3_n
eg_248.tex [3521])
(/home/eyamrog/PycharmProjects/cl_st1_anna/cl_st1_ph2_anna/examples/f3_neg/f3_n
eg_249.tex [3522])
(/home/eyamrog/PycharmProjects/cl_st1_anna/cl_st1_ph2_anna/examples/f3_neg/f3_n
eg_250.tex [3523])
(/home/eyamrog/PycharmProjects/cl_st1_anna/cl_st1_ph2_anna/examples/f3_neg/f3_n
eg_251.tex [3524])
(/home/eyamrog/PycharmProjects/cl_st1_anna/cl_st1_ph2_anna/examples/f3_neg/f3_n
eg_252.tex [3525])
(/home/eyamrog/PycharmProjects/cl_st1_anna/cl_st1_ph2_anna/examples/f3_neg/f3_n
eg_253.tex [3526])
(/home/eyamrog/PycharmProjects/cl_st1_anna/cl_st1_ph2_anna/examples/f3_neg/f3_n
eg_254.tex [3527])
(/home/eyamrog/PycharmProjects/cl_st1_anna/cl_st1_ph2_anna/examples/f3_neg/f3_n
eg_255.tex [3528] [3529])
(/home/eyamrog/PycharmProjects/cl_st1_anna/cl_st1_ph2_anna/examples/f3_neg/f3_n
eg_256.tex [3530] [3531] [3532])
(/home/eyamrog/PycharmProjects/cl_st1_anna/cl_st1_ph2_anna/examples/f3_neg/f3_n
eg_257.tex [3533])
(/home/eyamrog/PycharmProjects/cl_st1_anna/cl_st1_ph2_anna/examples/f3_neg/f3_n
eg_258.tex [3534])
(/home/eyamrog/PycharmProjects/cl_st1_anna/cl_st1_ph2_anna/examples/f3_neg/f3_n
eg_259.tex [3535] [3536] [3537] [3538] [3539])
(/home/eyamrog/PycharmProjects/cl_st1_anna/cl_st1_ph2_anna/examples/f3_neg/f3_n
eg_260.tex [3540] [3541] [3542] [3543] [3544])
(/home/eyamrog/PycharmProjects/cl_st1_anna/cl_st1_ph2_anna/examples/f3_neg/f3_n
eg_261.tex [3545])
(/home/eyamrog/PycharmProjects/cl_st1_anna/cl_st1_ph2_anna/examples/f3_neg/f3_n
eg_262.tex [3546] [3547] [3548])
(/home/eyamrog/PycharmProjects/cl_st1_anna/cl_st1_ph2_anna/examples/f3_neg/f3_n
eg_263.tex
Missing character: There is no ° (U+00B0) in font nullfont!
Missing character: There is no ° (U+00B0) in font nullfont!
Missing character: There is no ° (U+00B0) in font nullfont!
Missing character: There is no ° (U+00B0) in font nullfont!
Missing character: There is no ° (U+00B0) in font nullfont!
Missing character: There is no ° (U+00B0) in font nullfont!
[3549
Missing character: There is no ° (U+00B0) in font nullfont!
Missing character: There is no ° (U+00B0) in font nullfont!
] [3550
Missing character: There is no ° (U+00B0) in font nullfont!
])
(/home/eyamrog/PycharmProjects/cl_st1_anna/cl_st1_ph2_anna/examples/f3_neg/f3_n
eg_264.tex [3551])
(/home/eyamrog/PycharmProjects/cl_st1_anna/cl_st1_ph2_anna/examples/f3_neg/f3_n
eg_265.tex
Missing character: There is no ° (U+00B0) in font nullfont!
Missing character: There is no ° (U+00B0) in font nullfont!
[3552
Missing character: There is no ° (U+00B0) in font nullfont!
] [3553])
(/home/eyamrog/PycharmProjects/cl_st1_anna/cl_st1_ph2_anna/examples/f3_neg/f3_n
eg_266.tex [3554])
(/home/eyamrog/PycharmProjects/cl_st1_anna/cl_st1_ph2_anna/examples/f3_neg/f3_n
eg_267.tex [3555])
(/home/eyamrog/PycharmProjects/cl_st1_anna/cl_st1_ph2_anna/examples/f3_neg/f3_n
eg_268.tex [3556])
(/home/eyamrog/PycharmProjects/cl_st1_anna/cl_st1_ph2_anna/examples/f3_neg/f3_n
eg_269.tex [3557])
(/home/eyamrog/PycharmProjects/cl_st1_anna/cl_st1_ph2_anna/examples/f3_neg/f3_n
eg_270.tex [3558] [3559])
(/home/eyamrog/PycharmProjects/cl_st1_anna/cl_st1_ph2_anna/examples/f3_neg/f3_n
eg_271.tex [3560])
(/home/eyamrog/PycharmProjects/cl_st1_anna/cl_st1_ph2_anna/examples/f3_neg/f3_n
eg_272.tex [3561] [3562])
(/home/eyamrog/PycharmProjects/cl_st1_anna/cl_st1_ph2_anna/examples/f3_neg/f3_n
eg_273.tex [3563])
(/home/eyamrog/PycharmProjects/cl_st1_anna/cl_st1_ph2_anna/examples/f3_neg/f3_n
eg_274.tex [3564])
(/home/eyamrog/PycharmProjects/cl_st1_anna/cl_st1_ph2_anna/examples/f3_neg/f3_n
eg_275.tex
Overfull \hbox (4.21558pt too wide) in paragraph at lines 1--24
\TU/DejaVuSerif(0)/m/n/10 Text Sam-ple 1675: NEG Dim 3 – rj – Score -2.00 
– rj/rj_ef_lin-gua-gens_in-gles_1.txt 
 []

[3565])
(/home/eyamrog/PycharmProjects/cl_st1_anna/cl_st1_ph2_anna/examples/f3_neg/f3_n
eg_276.tex
Overfull \hbox (28.76099pt too wide) in paragraph at lines 1--40
[]  \TU/DejaVuSerif(0)/m/n/10 A Matemática no En-sino Fun-da-men-tal No En-sino
 Fun-da-men-tal, a área de Matemática
 []

[3566] [3567])
(/home/eyamrog/PycharmProjects/cl_st1_anna/cl_st1_ph2_anna/examples/f3_neg/f3_n
eg_277.tex [3568] [3569])
(/home/eyamrog/PycharmProjects/cl_st1_anna/cl_st1_ph2_anna/examples/f3_neg/f3_n
eg_278.tex
Overfull \hbox (28.64429pt too wide) in paragraph at lines 1--22
\TU/DejaVuSerif(0)/m/n/10 Text Sam-ple 1678: NEG Dim 3 – rj – Score -1.00 
– rj/rj_ef_cien-cias_hu-manas_geo_3.txt 
 []

[3570])
(/home/eyamrog/PycharmProjects/cl_st1_anna/cl_st1_ph2_anna/examples/f3_neg/f3_n
eg_279.tex
Overfull \hbox (5.73935pt too wide) in paragraph at lines 1--11
[]  \TU/DejaVuSerif(0)/m/n/10 CON-SID-ER-AÇÕES FI-NAIS A Sec-re-taria de Es-ta
do de Ed-u-cação do Rio de Janeiro
 []

[3571])
(/home/eyamrog/PycharmProjects/cl_st1_anna/cl_st1_ph2_anna/examples/f3_neg/f3_n
eg_280.tex [3572] [3573])
(/home/eyamrog/PycharmProjects/cl_st1_anna/cl_st1_ph2_anna/examples/f4_pos/f4_p
os_001.tex
Missing character: There is no ° (U+00B0) in font nullfont!
Missing character: There is no ° (U+00B0) in font nullfont!
Missing character: There is no ° (U+00B0) in font nullfont!
Missing character: There is no ° (U+00B0) in font nullfont!
[3574
Missing character: There is no ° (U+00B0) in font nullfont!
Missing character: There is no ° (U+00B0) in font nullfont!
])
(/home/eyamrog/PycharmProjects/cl_st1_anna/cl_st1_ph2_anna/examples/f4_pos/f4_p
os_002.tex
Overfull \hbox (0.1942pt too wide) in paragraph at lines 1--74
[]  \TU/DejaVuSerif(0)/m/n/10 UM OL-HAR PARA O \TU/DejaVuSerif(0)/b/n/10 TER-RIT
ÓRIO \TU/DejaVuSerif(0)/m/n/10 ALAGOANO Lo-cal-izado na região \TU/DejaVuSeri
f(0)/b/n/10 Nordeste
 []

[3575] [3576] [3577] [3578])
(/home/eyamrog/PycharmProjects/cl_st1_anna/cl_st1_ph2_anna/examples/f4_pos/f4_p
os_003.tex
Missing character: There is no ° (U+00B0) in font nullfont!
Missing character: There is no ° (U+00B0) in font nullfont!

Overfull \hbox (10.43451pt too wide) in paragraph at lines 1--40
[]  \TU/DejaVuSerif(0)/m/n/10 ALAGOAS, UM \TU/DejaVuSerif(0)/b/n/10 TER-RITÓRIO
 \TU/DejaVuSerif(0)/m/n/10 DE APREN-DIZA-GENS A área ter-ri-to-rial de Alagoas
 []

Missing character: There is no ° (U+00B0) in font nullfont!
Missing character: There is no ° (U+00B0) in font nullfont!
[3579
Missing character: There is no ° (U+00B0) in font nullfont!
Missing character: There is no ° (U+00B0) in font nullfont!
])
(/home/eyamrog/PycharmProjects/cl_st1_anna/cl_st1_ph2_anna/examples/f4_pos/f4_p
os_004.tex [3580])
(/home/eyamrog/PycharmProjects/cl_st1_anna/cl_st1_ph2_anna/examples/f4_pos/f4_p
os_005.tex [3581] [3582])
(/home/eyamrog/PycharmProjects/cl_st1_anna/cl_st1_ph2_anna/examples/f4_pos/f4_p
os_006.tex [3583] [3584])
(/home/eyamrog/PycharmProjects/cl_st1_anna/cl_st1_ph2_anna/examples/f4_pos/f4_p
os_007.tex [3585] [3586] [3587])
(/home/eyamrog/PycharmProjects/cl_st1_anna/cl_st1_ph2_anna/examples/f4_pos/f4_p
os_008.tex [3588] [3589] [3590] [3591])
(/home/eyamrog/PycharmProjects/cl_st1_anna/cl_st1_ph2_anna/examples/f4_pos/f4_p
os_009.tex [3592] [3593])
(/home/eyamrog/PycharmProjects/cl_st1_anna/cl_st1_ph2_anna/examples/f4_pos/f4_p
os_010.tex [3594] [3595])
(/home/eyamrog/PycharmProjects/cl_st1_anna/cl_st1_ph2_anna/examples/f4_pos/f4_p
os_011.tex [3596] [3597] [3598] [3599])
(/home/eyamrog/PycharmProjects/cl_st1_anna/cl_st1_ph2_anna/examples/f4_pos/f4_p
os_012.tex
Overfull \hbox (10.52278pt too wide) in paragraph at lines 1--54
\TU/DejaVuSerif(0)/m/n/10 pre-ocu-pações deste mo-mento de con-strução do Re
f-er-en-cial Cur-ric-u-lar de Alagoas
 []

[3600] [3601])
(/home/eyamrog/PycharmProjects/cl_st1_anna/cl_st1_ph2_anna/examples/f4_pos/f4_p
os_013.tex [3602] [3603])
(/home/eyamrog/PycharmProjects/cl_st1_anna/cl_st1_ph2_anna/examples/f4_pos/f4_p
os_014.tex [3604] [3605] [3606])
(/home/eyamrog/PycharmProjects/cl_st1_anna/cl_st1_ph2_anna/examples/f4_pos/f4_p
os_015.tex [3607] [3608] [3609])
(/home/eyamrog/PycharmProjects/cl_st1_anna/cl_st1_ph2_anna/examples/f4_pos/f4_p
os_016.tex
Overfull \hbox (2.99205pt too wide) in paragraph at lines 1--57
[]  \TU/DejaVuSerif(0)/m/n/10 SABERES ES-CO-LARES DOS COM-PO-NENTES CUR-RIC-U-LA
RES DAS CIÊN-CIAS
 []

[3610] [3611] [3612])
(/home/eyamrog/PycharmProjects/cl_st1_anna/cl_st1_ph2_anna/examples/f4_pos/f4_p
os_017.tex [3613] [3614] [3615])
(/home/eyamrog/PycharmProjects/cl_st1_anna/cl_st1_ph2_anna/examples/f4_pos/f4_p
os_018.tex [3616] [3617] [3618])
(/home/eyamrog/PycharmProjects/cl_st1_anna/cl_st1_ph2_anna/examples/f4_pos/f4_p
os_019.tex [3619])
(/home/eyamrog/PycharmProjects/cl_st1_anna/cl_st1_ph2_anna/examples/f4_pos/f4_p
os_020.tex
Overfull \hbox (24.68571pt too wide) in paragraph at lines 1--11
[]  \TU/DejaVuSerif(0)/m/n/10 PARTE DI-VER-SI-FI-CADA, CON-TEX-TU-AL-IZA-ÇÃO, DES-DO-BRA-MEN-TOS DID
ÁTICOS-
 []

[3620])
(/home/eyamrog/PycharmProjects/cl_st1_anna/cl_st1_ph2_anna/examples/f4_pos/f4_p
os_021.tex [3621] [3622] [3623])
(/home/eyamrog/PycharmProjects/cl_st1_anna/cl_st1_ph2_anna/examples/f4_pos/f4_p
os_022.tex [3624] [3625] [3626] [3627] [3628])
(/home/eyamrog/PycharmProjects/cl_st1_anna/cl_st1_ph2_anna/examples/f4_pos/f4_p
os_023.tex [3629] [3630] [3631] [3632] [3633] [3634] [3635] [3636])
(/home/eyamrog/PycharmProjects/cl_st1_anna/cl_st1_ph2_anna/examples/f4_pos/f4_p
os_024.tex [3637] [3638] [3639] [3640] [3641] [3642])
(/home/eyamrog/PycharmProjects/cl_st1_anna/cl_st1_ph2_anna/examples/f4_pos/f4_p
os_025.tex [3643] [3644] [3645] [3646])
(/home/eyamrog/PycharmProjects/cl_st1_anna/cl_st1_ph2_anna/examples/f4_pos/f4_p
os_026.tex [3647] [3648])
(/home/eyamrog/PycharmProjects/cl_st1_anna/cl_st1_ph2_anna/examples/f4_pos/f4_p
os_027.tex [3649] [3650] [3651] [3652])
(/home/eyamrog/PycharmProjects/cl_st1_anna/cl_st1_ph2_anna/examples/f4_pos/f4_p
os_028.tex [3653] [3654] [3655])
(/home/eyamrog/PycharmProjects/cl_st1_anna/cl_st1_ph2_anna/examples/f4_pos/f4_p
os_029.tex [3656] [3657])
(/home/eyamrog/PycharmProjects/cl_st1_anna/cl_st1_ph2_anna/examples/f4_pos/f4_p
os_030.tex [3658])
(/home/eyamrog/PycharmProjects/cl_st1_anna/cl_st1_ph2_anna/examples/f4_pos/f4_p
os_031.tex
Overfull \hbox (25.51924pt too wide) in paragraph at lines 1--97
\TU/DejaVuSerif(0)/m/n/10 RE-ITOS HU-MANOS, DE CUL-TURAS E DE PRO-DUÇÃO DE AL-
I-MEN-TOS SAUDÁVEIS
 []

[3659] [3660] [3661] [3662] [3663] [3664] [3665] [3666] [3667] [3668] [3669])
(/home/eyamrog/PycharmProjects/cl_st1_anna/cl_st1_ph2_anna/examples/f4_pos/f4_p
os_032.tex [3670] [3671] [3672] [3673])
(/home/eyamrog/PycharmProjects/cl_st1_anna/cl_st1_ph2_anna/examples/f4_pos/f4_p
os_033.tex [3674] [3675])
(/home/eyamrog/PycharmProjects/cl_st1_anna/cl_st1_ph2_anna/examples/f4_pos/f4_p
os_034.tex
Overfull \hbox (15.23431pt too wide) in paragraph at lines 1--83
[]  \TU/DejaVuSerif(0)/m/n/10 5.6 \TU/DejaVuSerif(0)/b/n/10 TER-RITÓRIOS \TU/D
ejaVuSerif(0)/m/n/10 E TER-RI-TO-RI-AL-I-DADES DAS \TU/DejaVuSerif(0)/b/n/10 POP
-U-LAÇÕES \TU/DejaVuSerif(0)/m/n/10 TRADI-CIONAIS
 []

[3676] [3677] [3678] [3679] [3680] [3681])
(/home/eyamrog/PycharmProjects/cl_st1_anna/cl_st1_ph2_anna/examples/f4_pos/f4_p
os_035.tex [3682] [3683] [3684] [3685] [3686] [3687])
(/home/eyamrog/PycharmProjects/cl_st1_anna/cl_st1_ph2_anna/examples/f4_pos/f4_p
os_036.tex [3688] [3689] [3690])
(/home/eyamrog/PycharmProjects/cl_st1_anna/cl_st1_ph2_anna/examples/f4_pos/f4_p
os_037.tex
Overfull \hbox (17.38869pt too wide) in paragraph at lines 1--46
[]  \TU/DejaVuSerif(0)/m/n/10 5.7 IDEN-TI-DADES E \TU/DejaVuSerif(0)/b/n/10 TER-
RITÓRIOS \TU/DejaVuSerif(0)/m/n/10 CATARI-NENSES : CON-CEPÇÕES, AVANÇOS
 []

[3691] [3692] [3693] [3694] [3695] [3696])
(/home/eyamrog/PycharmProjects/cl_st1_anna/cl_st1_ph2_anna/examples/f4_pos/f4_p
os_038.tex
Overfull \hbox (15.0638pt too wide) in paragraph at lines 1--110
[]  \TU/DejaVuSerif(0)/m/n/10 5.5.4 Or-ga-ni-za-ção das unidades cur-ric-u-lar
es da trilha de apro-fun-da-mento Unidade
 []

[3697] [3698] [3699] [3700] [3701] [3702] [3703] [3704] [3705])
(/home/eyamrog/PycharmProjects/cl_st1_anna/cl_st1_ph2_anna/examples/f4_pos/f4_p
os_039.tex [3706] [3707] [3708] [3709])
(/home/eyamrog/PycharmProjects/cl_st1_anna/cl_st1_ph2_anna/examples/f4_pos/f4_p
os_040.tex
Overfull \hbox (16.15994pt too wide) in paragraph at lines 1--78
[]  \TU/DejaVuSerif(0)/m/n/10 3 MÚLTI-PLAS JU-VEN-TUDES DO EN-SINO MÉ-DIO : DI
-VER-SI-DADE COMO PRINCÍ-
 []

[3710] [3711] [3712] [3713] [3714])
(/home/eyamrog/PycharmProjects/cl_st1_anna/cl_st1_ph2_anna/examples/f4_pos/f4_p
os_041.tex [3715] [3716])
(/home/eyamrog/PycharmProjects/cl_st1_anna/cl_st1_ph2_anna/examples/f4_pos/f4_p
os_042.tex [3717] [3718])
(/home/eyamrog/PycharmProjects/cl_st1_anna/cl_st1_ph2_anna/examples/f4_pos/f4_p
os_043.tex [3719] [3720] [3721])
(/home/eyamrog/PycharmProjects/cl_st1_anna/cl_st1_ph2_anna/examples/f4_pos/f4_p
os_044.tex [3722] [3723] [3724] [3725] [3726] [3727])
(/home/eyamrog/PycharmProjects/cl_st1_anna/cl_st1_ph2_anna/examples/f4_pos/f4_p
os_045.tex [3728] [3729] [3730] [3731] [3732])
(/home/eyamrog/PycharmProjects/cl_st1_anna/cl_st1_ph2_anna/examples/f4_pos/f4_p
os_046.tex [3733] [3734])
(/home/eyamrog/PycharmProjects/cl_st1_anna/cl_st1_ph2_anna/examples/f4_pos/f4_p
os_047.tex [3735] [3736])
(/home/eyamrog/PycharmProjects/cl_st1_anna/cl_st1_ph2_anna/examples/f4_pos/f4_p
os_048.tex [3737] [3738] [3739] [3740] [3741])
(/home/eyamrog/PycharmProjects/cl_st1_anna/cl_st1_ph2_anna/examples/f4_pos/f4_p
os_049.tex [3742] [3743] [3744] [3745])
(/home/eyamrog/PycharmProjects/cl_st1_anna/cl_st1_ph2_anna/examples/f4_pos/f4_p
os_050.tex [3746])
(/home/eyamrog/PycharmProjects/cl_st1_anna/cl_st1_ph2_anna/examples/f4_pos/f4_p
os_051.tex [3747] [3748] [3749])
(/home/eyamrog/PycharmProjects/cl_st1_anna/cl_st1_ph2_anna/examples/f4_pos/f4_p
os_052.tex [3750] [3751])
(/home/eyamrog/PycharmProjects/cl_st1_anna/cl_st1_ph2_anna/examples/f4_pos/f4_p
os_053.tex [3752])
(/home/eyamrog/PycharmProjects/cl_st1_anna/cl_st1_ph2_anna/examples/f4_pos/f4_p
os_054.tex [3753] [3754] [3755] [3756] [3757])
(/home/eyamrog/PycharmProjects/cl_st1_anna/cl_st1_ph2_anna/examples/f4_pos/f4_p
os_055.tex [3758] [3759] [3760])
(/home/eyamrog/PycharmProjects/cl_st1_anna/cl_st1_ph2_anna/examples/f4_pos/f4_p
os_056.tex
Overfull \hbox (1.93315pt too wide) in paragraph at lines 1--34
[]  \TU/DejaVuSerif(0)/m/n/10 6.5 A ÁREA DE CIÊN-CIAS DA NA-TUREZA E SUAS TEC-
NOLO-GIAS O Rio Grande
 []

[3761] [3762])
(/home/eyamrog/PycharmProjects/cl_st1_anna/cl_st1_ph2_anna/examples/f4_pos/f4_p
os_057.tex [3763] [3764])
(/home/eyamrog/PycharmProjects/cl_st1_anna/cl_st1_ph2_anna/examples/f4_pos/f4_p
os_058.tex [3765] [3766] [3767])
(/home/eyamrog/PycharmProjects/cl_st1_anna/cl_st1_ph2_anna/examples/f4_pos/f4_p
os_059.tex
Overfull \hbox (10.00099pt too wide) in paragraph at lines 1--11
[]  \TU/DejaVuSerif(0)/m/n/10 3.4 ED-U-CAÇÃO ES-CO-LAR \TU/DejaVuSerif(0)/b/n
/10 IN-DÍ-GENA \TU/DejaVuSerif(0)/m/n/10 A ed-u-cação es-co-lar \TU/DejaVuSe
rif(0)/b/n/10 in-dí-gena \TU/DejaVuSerif(0)/m/n/10 é al-icerçada
 []

[3768])
(/home/eyamrog/PycharmProjects/cl_st1_anna/cl_st1_ph2_anna/examples/f4_pos/f4_p
os_060.tex [3769])
(/home/eyamrog/PycharmProjects/cl_st1_anna/cl_st1_ph2_anna/examples/f4_pos/f4_p
os_061.tex [3770] [3771] [3772])
(/home/eyamrog/PycharmProjects/cl_st1_anna/cl_st1_ph2_anna/examples/f4_pos/f4_p
os_062.tex [3773])
(/home/eyamrog/PycharmProjects/cl_st1_anna/cl_st1_ph2_anna/examples/f4_pos/f4_p
os_063.tex [3774] [3775] [3776])
(/home/eyamrog/PycharmProjects/cl_st1_anna/cl_st1_ph2_anna/examples/f4_pos/f4_p
os_064.tex [3777] [3778])
(/home/eyamrog/PycharmProjects/cl_st1_anna/cl_st1_ph2_anna/examples/f4_pos/f4_p
os_065.tex [3779])
(/home/eyamrog/PycharmProjects/cl_st1_anna/cl_st1_ph2_anna/examples/f4_pos/f4_p
os_066.tex [3780])
(/home/eyamrog/PycharmProjects/cl_st1_anna/cl_st1_ph2_anna/examples/f4_pos/f4_p
os_067.tex [3781])
(/home/eyamrog/PycharmProjects/cl_st1_anna/cl_st1_ph2_anna/examples/f4_pos/f4_p
os_068.tex [3782] [3783] [3784] [3785])
(/home/eyamrog/PycharmProjects/cl_st1_anna/cl_st1_ph2_anna/examples/f4_pos/f4_p
os_069.tex [3786] [3787] [3788])
(/home/eyamrog/PycharmProjects/cl_st1_anna/cl_st1_ph2_anna/examples/f4_pos/f4_p
os_070.tex [3789] [3790] [3791] [3792])
(/home/eyamrog/PycharmProjects/cl_st1_anna/cl_st1_ph2_anna/examples/f4_pos/f4_p
os_071.tex
Missing character: There is no ° (U+00B0) in font nullfont!
Missing character: There is no ° (U+00B0) in font nullfont!
Missing character: There is no ° (U+00B0) in font nullfont!
Missing character: There is no ° (U+00B0) in font nullfont!
[3793] [3794
Missing character: There is no ° (U+00B0) in font nullfont!
Missing character: There is no ° (U+00B0) in font nullfont!
] [3795] [3796] [3797] [3798])
(/home/eyamrog/PycharmProjects/cl_st1_anna/cl_st1_ph2_anna/examples/f4_pos/f4_p
os_072.tex [3799] [3800])
(/home/eyamrog/PycharmProjects/cl_st1_anna/cl_st1_ph2_anna/examples/f4_pos/f4_p
os_073.tex [3801] [3802] [3803] [3804] [3805] [3806] [3807] [3808] [3809]
[3810])
(/home/eyamrog/PycharmProjects/cl_st1_anna/cl_st1_ph2_anna/examples/f4_pos/f4_p
os_074.tex [3811] [3812])
(/home/eyamrog/PycharmProjects/cl_st1_anna/cl_st1_ph2_anna/examples/f4_pos/f4_p
os_075.tex [3813] [3814] [3815] [3816])
(/home/eyamrog/PycharmProjects/cl_st1_anna/cl_st1_ph2_anna/examples/f4_pos/f4_p
os_076.tex [3817] [3818] [3819] [3820] [3821])
(/home/eyamrog/PycharmProjects/cl_st1_anna/cl_st1_ph2_anna/examples/f4_pos/f4_p
os_077.tex [3822] [3823])
(/home/eyamrog/PycharmProjects/cl_st1_anna/cl_st1_ph2_anna/examples/f4_pos/f4_p
os_078.tex [3824] [3825])
(/home/eyamrog/PycharmProjects/cl_st1_anna/cl_st1_ph2_anna/examples/f4_pos/f4_p
os_079.tex
Overfull \hbox (17.56087pt too wide) in paragraph at lines 1--74
\TU/DejaVuSerif(0)/m/n/10 entes ver-tentes teórico-metodológicas, geral-mente de car
áter confessional-cristão,
 []

[3826] [3827] [3828] [3829] [3830])
(/home/eyamrog/PycharmProjects/cl_st1_anna/cl_st1_ph2_anna/examples/f4_pos/f4_p
os_080.tex [3831])
(/home/eyamrog/PycharmProjects/cl_st1_anna/cl_st1_ph2_anna/examples/f4_pos/f4_p
os_081.tex [3832] [3833] [3834])
(/home/eyamrog/PycharmProjects/cl_st1_anna/cl_st1_ph2_anna/examples/f4_pos/f4_p
os_082.tex
Overfull \hbox (12.90266pt too wide) in paragraph at lines 1--60
\TU/DejaVuSerif(0)/m/n/10 tado em di-men-sões ter-ri-to-ri-ais da região \TU/
DejaVuSerif(0)/b/n/10 Nordeste\TU/DejaVuSerif(0)/m/n/10 , com uma área de 331.9
37,450
 []

[3835] [3836] [3837])
(/home/eyamrog/PycharmProjects/cl_st1_anna/cl_st1_ph2_anna/examples/f4_pos/f4_p
os_083.tex [3838] [3839] [3840])
(/home/eyamrog/PycharmProjects/cl_st1_anna/cl_st1_ph2_anna/examples/f4_pos/f4_p
os_084.tex [3841])
(/home/eyamrog/PycharmProjects/cl_st1_anna/cl_st1_ph2_anna/examples/f4_pos/f4_p
os_085.tex [3842] [3843] [3844])
(/home/eyamrog/PycharmProjects/cl_st1_anna/cl_st1_ph2_anna/examples/f4_pos/f4_p
os_086.tex [3845] [3846] [3847])
(/home/eyamrog/PycharmProjects/cl_st1_anna/cl_st1_ph2_anna/examples/f4_pos/f4_p
os_087.tex [3848] [3849] [3850] [3851] [3852] [3853] [3854] [3855])
(/home/eyamrog/PycharmProjects/cl_st1_anna/cl_st1_ph2_anna/examples/f4_pos/f4_p
os_088.tex [3856] [3857] [3858] [3859])
(/home/eyamrog/PycharmProjects/cl_st1_anna/cl_st1_ph2_anna/examples/f4_pos/f4_p
os_089.tex [3860] [3861] [3862])
(/home/eyamrog/PycharmProjects/cl_st1_anna/cl_st1_ph2_anna/examples/f4_pos/f4_p
os_090.tex [3863])
(/home/eyamrog/PycharmProjects/cl_st1_anna/cl_st1_ph2_anna/examples/f4_pos/f4_p
os_091.tex [3864] [3865] [3866] [3867] [3868])
(/home/eyamrog/PycharmProjects/cl_st1_anna/cl_st1_ph2_anna/examples/f4_pos/f4_p
os_092.tex [3869] [3870] [3871])
(/home/eyamrog/PycharmProjects/cl_st1_anna/cl_st1_ph2_anna/examples/f4_pos/f4_p
os_093.tex [3872] [3873] [3874])
(/home/eyamrog/PycharmProjects/cl_st1_anna/cl_st1_ph2_anna/examples/f4_pos/f4_p
os_094.tex [3875] [3876] [3877])
(/home/eyamrog/PycharmProjects/cl_st1_anna/cl_st1_ph2_anna/examples/f4_pos/f4_p
os_095.tex [3878] [3879] [3880] [3881] [3882] [3883])
(/home/eyamrog/PycharmProjects/cl_st1_anna/cl_st1_ph2_anna/examples/f4_pos/f4_p
os_096.tex
Overfull \hbox (4.01888pt too wide) in paragraph at lines 1--61
[]  \TU/DejaVuSerif(0)/m/n/10 3.4 Ciên-cias Hu-manas e So-ci-ais Apli-cadas As apren-diza-gens essen-ci-ais definidas
 []

[3884] [3885] [3886] [3887] [3888])
(/home/eyamrog/PycharmProjects/cl_st1_anna/cl_st1_ph2_anna/examples/f4_pos/f4_p
os_097.tex [3889])
(/home/eyamrog/PycharmProjects/cl_st1_anna/cl_st1_ph2_anna/examples/f4_pos/f4_p
os_098.tex [3890] [3891] [3892] [3893])
(/home/eyamrog/PycharmProjects/cl_st1_anna/cl_st1_ph2_anna/examples/f4_pos/f4_p
os_099.tex [3894] [3895])
(/home/eyamrog/PycharmProjects/cl_st1_anna/cl_st1_ph2_anna/examples/f4_pos/f4_p
os_100.tex [3896])
(/home/eyamrog/PycharmProjects/cl_st1_anna/cl_st1_ph2_anna/examples/f4_pos/f4_p
os_101.tex [3897] [3898] [3899] [3900])
(/home/eyamrog/PycharmProjects/cl_st1_anna/cl_st1_ph2_anna/examples/f4_pos/f4_p
os_102.tex [3901])
(/home/eyamrog/PycharmProjects/cl_st1_anna/cl_st1_ph2_anna/examples/f4_pos/f4_p
os_103.tex [3902])
(/home/eyamrog/PycharmProjects/cl_st1_anna/cl_st1_ph2_anna/examples/f4_pos/f4_p
os_104.tex [3903])
(/home/eyamrog/PycharmProjects/cl_st1_anna/cl_st1_ph2_anna/examples/f4_pos/f4_p
os_105.tex
Overfull \hbox (5.43001pt too wide) in paragraph at lines 1--16
\TU/DejaVuSerif(0)/m/n/10 dades de ed-u-cação es-co-lar \TU/DejaVuSerif(0)/b/
n/10 in-dí-gena \TU/DejaVuSerif(0)/m/n/10 e ed-u-cação es-co-lar quilom-bola s
ão tratadas
 []

[3904])
(/home/eyamrog/PycharmProjects/cl_st1_anna/cl_st1_ph2_anna/examples/f4_pos/f4_p
os_106.tex
Overfull \hbox (10.63509pt too wide) in paragraph at lines 1--17
\TU/DejaVuSerif(0)/m/n/10 hec-i-mento da plu-ral-i-dade histórica pre-sente tam
-bém na cul-tura sul-rio-grandense
 []


Overfull \hbox (1.20833pt too wide) in paragraph at lines 1--17
\TU/DejaVuSerif(0)/m/n/10 ati-za-ções desta transver-sal-i-dade, uma vez que 
a eman-ci-pação de uma so-ciedade
 []

[3905] [3906])
(/home/eyamrog/PycharmProjects/cl_st1_anna/cl_st1_ph2_anna/examples/f4_pos/f4_p
os_107.tex [3907])
(/home/eyamrog/PycharmProjects/cl_st1_anna/cl_st1_ph2_anna/examples/f4_pos/f4_p
os_108.tex [3908] [3909])
(/home/eyamrog/PycharmProjects/cl_st1_anna/cl_st1_ph2_anna/examples/f4_pos/f4_p
os_109.tex [3910]
Overfull \hbox (16.86247pt too wide) in paragraph at lines 1--16
\TU/DejaVuSerif(0)/m/n/10 SINO MÉ-DIO São ap-re-sen-tadas, a seguir, as fi-nal
-i-dades e os princí-pios norteadores
 []

[3911])
(/home/eyamrog/PycharmProjects/cl_st1_anna/cl_st1_ph2_anna/examples/f4_pos/f4_p
os_110.tex [3912] [3913])
(/home/eyamrog/PycharmProjects/cl_st1_anna/cl_st1_ph2_anna/examples/f4_pos/f4_p
os_111.tex
Overfull \hbox (2.11165pt too wide) in paragraph at lines 1--17
\TU/DejaVuSerif(0)/m/n/10 área ter-ri-to-rial de 357.145,531 km² e 79 mu-nic
í-pios, sendo o 6º es-tado brasileiro
 []

[3914])
(/home/eyamrog/PycharmProjects/cl_st1_anna/cl_st1_ph2_anna/examples/f4_pos/f4_p
os_112.tex [3915])
(/home/eyamrog/PycharmProjects/cl_st1_anna/cl_st1_ph2_anna/examples/f4_pos/f4_p
os_113.tex [3916])
(/home/eyamrog/PycharmProjects/cl_st1_anna/cl_st1_ph2_anna/examples/f4_pos/f4_p
os_114.tex [3917])
(/home/eyamrog/PycharmProjects/cl_st1_anna/cl_st1_ph2_anna/examples/f4_pos/f4_p
os_115.tex [3918])
(/home/eyamrog/PycharmProjects/cl_st1_anna/cl_st1_ph2_anna/examples/f4_pos/f4_p
os_116.tex [3919] [3920] [3921] [3922] [3923] [3924] [3925] [3926])
(/home/eyamrog/PycharmProjects/cl_st1_anna/cl_st1_ph2_anna/examples/f4_pos/f4_p
os_117.tex
Overfull \hbox (20.44792pt too wide) in paragraph at lines 1--36
[]  \TU/DejaVuSerif(0)/m/n/10 2.3.5. Ed-u-cação Quilom-bola Quilom-bos são
”gru-pos étnico-raciais se-gundo critérios
 []

[3927] [3928] [3929])
(/home/eyamrog/PycharmProjects/cl_st1_anna/cl_st1_ph2_anna/examples/f4_pos/f4_p
os_118.tex [3930] [3931])
(/home/eyamrog/PycharmProjects/cl_st1_anna/cl_st1_ph2_anna/examples/f4_pos/f4_p
os_119.tex
Overfull \hbox (1.32578pt too wide) in paragraph at lines 1--23
[]  \TU/DejaVuSerif(0)/m/n/10 II. Or-ga-ni-zador cur-ric-u-lar 2.1 Eixos es-tru-
tu-rantes 2.1.1. IN-VES-TI-GAÇÃO CIEN-
 []

[3932])
(/home/eyamrog/PycharmProjects/cl_st1_anna/cl_st1_ph2_anna/examples/f4_pos/f4_p
os_120.tex)
(/home/eyamrog/PycharmProjects/cl_st1_anna/cl_st1_ph2_anna/examples/f4_pos/f4_p
os_121.tex [3933] [3934])
(/home/eyamrog/PycharmProjects/cl_st1_anna/cl_st1_ph2_anna/examples/f4_pos/f4_p
os_122.tex [3935] [3936] [3937] [3938])
(/home/eyamrog/PycharmProjects/cl_st1_anna/cl_st1_ph2_anna/examples/f4_pos/f4_p
os_123.tex [3939] [3940] [3941] [3942] [3943] [3944])
(/home/eyamrog/PycharmProjects/cl_st1_anna/cl_st1_ph2_anna/examples/f4_pos/f4_p
os_124.tex [3945] [3946])
(/home/eyamrog/PycharmProjects/cl_st1_anna/cl_st1_ph2_anna/examples/f4_pos/f4_p
os_125.tex [3947] [3948])
(/home/eyamrog/PycharmProjects/cl_st1_anna/cl_st1_ph2_anna/examples/f4_pos/f4_p
os_126.tex
Missing character: There is no ° (U+00B0) in font nullfont!
Missing character: There is no ° (U+00B0) in font nullfont!
[3949] [3950
Missing character: There is no ° (U+00B0) in font nullfont!
] [3951] [3952])
(/home/eyamrog/PycharmProjects/cl_st1_anna/cl_st1_ph2_anna/examples/f4_pos/f4_p
os_127.tex
Missing character: There is no ° (U+00B0) in font nullfont!
Missing character: There is no ° (U+00B0) in font nullfont!
Missing character: There is no ° (U+00B0) in font nullfont!
Missing character: There is no ° (U+00B0) in font nullfont!
Missing character: There is no ° (U+00B0) in font nullfont!
Missing character: There is no ° (U+00B0) in font nullfont!
Missing character: There is no ° (U+00B0) in font nullfont!
Missing character: There is no ° (U+00B0) in font nullfont!
Missing character: There is no ° (U+00B0) in font nullfont!
Missing character: There is no ° (U+00B0) in font nullfont!
Missing character: There is no ° (U+00B0) in font nullfont!
Missing character: There is no ° (U+00B0) in font nullfont!
[3953
Missing character: There is no ° (U+00B0) in font nullfont!
Missing character: There is no ° (U+00B0) in font nullfont!
Missing character: There is no ° (U+00B0) in font nullfont!
])
(/home/eyamrog/PycharmProjects/cl_st1_anna/cl_st1_ph2_anna/examples/f4_pos/f4_p
os_128.tex [3954
Missing character: There is no ° (U+00B0) in font nullfont!
Missing character: There is no ° (U+00B0) in font nullfont!
Missing character: There is no ° (U+00B0) in font nullfont!
])
(/home/eyamrog/PycharmProjects/cl_st1_anna/cl_st1_ph2_anna/examples/f4_pos/f4_p
os_129.tex [3955])
(/home/eyamrog/PycharmProjects/cl_st1_anna/cl_st1_ph2_anna/examples/f4_pos/f4_p
os_130.tex [3956] [3957])
(/home/eyamrog/PycharmProjects/cl_st1_anna/cl_st1_ph2_anna/examples/f4_pos/f4_p
os_131.tex [3958] [3959] [3960] [3961] [3962] [3963] [3964])
(/home/eyamrog/PycharmProjects/cl_st1_anna/cl_st1_ph2_anna/examples/f4_pos/f4_p
os_132.tex [3965] [3966] [3967] [3968] [3969])
(/home/eyamrog/PycharmProjects/cl_st1_anna/cl_st1_ph2_anna/examples/f4_pos/f4_p
os_133.tex [3970])
(/home/eyamrog/PycharmProjects/cl_st1_anna/cl_st1_ph2_anna/examples/f4_pos/f4_p
os_134.tex [3971] [3972] [3973])
(/home/eyamrog/PycharmProjects/cl_st1_anna/cl_st1_ph2_anna/examples/f4_pos/f4_p
os_135.tex [3974] [3975])
(/home/eyamrog/PycharmProjects/cl_st1_anna/cl_st1_ph2_anna/examples/f4_pos/f4_p
os_136.tex [3976] [3977])
(/home/eyamrog/PycharmProjects/cl_st1_anna/cl_st1_ph2_anna/examples/f4_pos/f4_p
os_137.tex [3978])
(/home/eyamrog/PycharmProjects/cl_st1_anna/cl_st1_ph2_anna/examples/f4_pos/f4_p
os_138.tex [3979] [3980])
(/home/eyamrog/PycharmProjects/cl_st1_anna/cl_st1_ph2_anna/examples/f4_pos/f4_p
os_139.tex [3981])
(/home/eyamrog/PycharmProjects/cl_st1_anna/cl_st1_ph2_anna/examples/f4_pos/f4_p
os_140.tex [3982] [3983] [3984] [3985])
(/home/eyamrog/PycharmProjects/cl_st1_anna/cl_st1_ph2_anna/examples/f4_pos/f4_p
os_141.tex [3986] [3987])
(/home/eyamrog/PycharmProjects/cl_st1_anna/cl_st1_ph2_anna/examples/f4_pos/f4_p
os_142.tex [3988] [3989])
(/home/eyamrog/PycharmProjects/cl_st1_anna/cl_st1_ph2_anna/examples/f4_pos/f4_p
os_143.tex [3990])
(/home/eyamrog/PycharmProjects/cl_st1_anna/cl_st1_ph2_anna/examples/f4_pos/f4_p
os_144.tex
Overfull \hbox (19.4353pt too wide) in paragraph at lines 1--45
\TU/DejaVuSerif(0)/m/n/10 Text Sam-ple 1824: POS Dim 4 – rj – Score 5.00 
– rj/rj_ef_cien-cias_hu-manas_his_3.txt 
 []

[3991] [3992] [3993] [3994])
(/home/eyamrog/PycharmProjects/cl_st1_anna/cl_st1_ph2_anna/examples/f4_pos/f4_p
os_145.tex
Overfull \hbox (28.97144pt too wide) in paragraph at lines 1--14
\TU/DejaVuSerif(0)/m/n/10 Text Sam-ple 1825: POS Dim 4 – rj – Score 5.00 
– rj/rj_inf_di-ver-si-dade_et-nico_racial.txt 
 []


Overfull \hbox (1.42805pt too wide) in paragraph at lines 1--14
[]  \TU/DejaVuSerif(0)/m/n/10 Di-ver-si-dade Ét-nica e \TU/DejaVuSerif(0)/b/n/
10 Racial \TU/DejaVuSerif(0)/m/n/10 Na Ed-u-cação In-fan-til, um el-e-mento qu
e pre-cisamos
 []

[3995])
(/home/eyamrog/PycharmProjects/cl_st1_anna/cl_st1_ph2_anna/examples/f4_pos/f4_p
os_146.tex [3996])
(/home/eyamrog/PycharmProjects/cl_st1_anna/cl_st1_ph2_anna/examples/f4_pos/f4_p
os_147.tex
Missing character: There is no ° (U+00B0) in font nullfont!
Missing character: There is no ° (U+00B0) in font nullfont!
Missing character: There is no ° (U+00B0) in font nullfont!
Missing character: There is no ° (U+00B0) in font nullfont!
Missing character: There is no ° (U+00B0) in font nullfont!
Missing character: There is no ° (U+00B0) in font nullfont!
Missing character: There is no ° (U+00B0) in font nullfont!
Missing character: There is no ° (U+00B0) in font nullfont!
Missing character: There is no ° (U+00B0) in font nullfont!
Missing character: There is no ° (U+00B0) in font nullfont!
Missing character: There is no ° (U+00B0) in font nullfont!
Missing character: There is no ° (U+00B0) in font nullfont!
Missing character: There is no ° (U+00B0) in font nullfont!
Missing character: There is no ° (U+00B0) in font nullfont!
Missing character: There is no ° (U+00B0) in font nullfont!
Missing character: There is no ° (U+00B0) in font nullfont!
Missing character: There is no ° (U+00B0) in font nullfont!
Missing character: There is no ° (U+00B0) in font nullfont!
Missing character: There is no ° (U+00B0) in font nullfont!
Missing character: There is no ° (U+00B0) in font nullfont!
Missing character: There is no ° (U+00B0) in font nullfont!
Missing character: There is no ° (U+00B0) in font nullfont!
Missing character: There is no ° (U+00B0) in font nullfont!
Missing character: There is no ° (U+00B0) in font nullfont!
Missing character: There is no ° (U+00B0) in font nullfont!
Missing character: There is no ° (U+00B0) in font nullfont!
Missing character: There is no ° (U+00B0) in font nullfont!
Missing character: There is no ° (U+00B0) in font nullfont!
[3997
Missing character: There is no ° (U+00B0) in font nullfont!
])
(/home/eyamrog/PycharmProjects/cl_st1_anna/cl_st1_ph2_anna/examples/f4_pos/f4_p
os_148.tex
Overfull \hbox (8.5218pt too wide) in paragraph at lines 1--25
\TU/DejaVuSerif(0)/m/n/10 DUC/UNDIME-RJ. Foi elab-o-rado, tam-bém, um crono-gra
ma de ativi-dades, aprova-
 []

[3998
Missing character: There is no ° (U+00B0) in font nullfont!
Missing character: There is no ° (U+00B0) in font nullfont!
Missing character: There is no ° (U+00B0) in font nullfont!
Missing character: There is no ° (U+00B0) in font nullfont!
Missing character: There is no ° (U+00B0) in font nullfont!
Missing character: There is no ° (U+00B0) in font nullfont!
Missing character: There is no ° (U+00B0) in font nullfont!
Missing character: There is no ° (U+00B0) in font nullfont!
Missing character: There is no ° (U+00B0) in font nullfont!
Missing character: There is no ° (U+00B0) in font nullfont!
Missing character: There is no ° (U+00B0) in font nullfont!
Missing character: There is no ° (U+00B0) in font nullfont!
Missing character: There is no ° (U+00B0) in font nullfont!
] [3999])
(/home/eyamrog/PycharmProjects/cl_st1_anna/cl_st1_ph2_anna/examples/f4_pos/f4_p
os_149.tex [4000] [4001])
(/home/eyamrog/PycharmProjects/cl_st1_anna/cl_st1_ph2_anna/examples/f4_pos/f4_p
os_150.tex [4002])
(/home/eyamrog/PycharmProjects/cl_st1_anna/cl_st1_ph2_anna/examples/f4_pos/f4_p
os_151.tex)
(/home/eyamrog/PycharmProjects/cl_st1_anna/cl_st1_ph2_anna/examples/f4_pos/f4_p
os_152.tex
Overfull \hbox (9.87427pt too wide) in paragraph at lines 1--39
[]  \TU/DejaVuSerif(0)/m/n/10 Ju-ven-tudes Quilom-bo-las A palavra Quilombo ( MU
-NANGA, 1996 ), em sua origem,
 []

[4003] [4004] [4005])
(/home/eyamrog/PycharmProjects/cl_st1_anna/cl_st1_ph2_anna/examples/f4_pos/f4_p
os_153.tex [4006] [4007] [4008] [4009] [4010] [4011])
(/home/eyamrog/PycharmProjects/cl_st1_anna/cl_st1_ph2_anna/examples/f4_pos/f4_p
os_154.tex
Missing character: There is no ° (U+00B0) in font nullfont!
Missing character: There is no ° (U+00B0) in font nullfont!
Missing character: There is no ° (U+00B0) in font nullfont!
Missing character: There is no ° (U+00B0) in font nullfont!
Missing character: There is no ° (U+00B0) in font nullfont!
Missing character: There is no ° (U+00B0) in font nullfont!
[4012] [4013])
(/home/eyamrog/PycharmProjects/cl_st1_anna/cl_st1_ph2_anna/examples/f4_pos/f4_p
os_155.tex [4014
Missing character: There is no ° (U+00B0) in font nullfont!
Missing character: There is no ° (U+00B0) in font nullfont!
Missing character: There is no ° (U+00B0) in font nullfont!
] [4015] [4016] [4017])
(/home/eyamrog/PycharmProjects/cl_st1_anna/cl_st1_ph2_anna/examples/f4_pos/f4_p
os_156.tex [4018] [4019])
(/home/eyamrog/PycharmProjects/cl_st1_anna/cl_st1_ph2_anna/examples/f4_pos/f4_p
os_157.tex
Overfull \hbox (2.35579pt too wide) in paragraph at lines 1--43
\TU/DejaVuSerif(0)/m/n/10 com-petên-cias es-pecí-fi-cas, po-dendo ser es-tru-t
u-radas em áreas do con-hec-i-mento,
 []

[4020] [4021])
(/home/eyamrog/PycharmProjects/cl_st1_anna/cl_st1_ph2_anna/examples/f4_pos/f4_p
os_158.tex [4022] [4023] [4024] [4025] [4026] [4027] [4028])
(/home/eyamrog/PycharmProjects/cl_st1_anna/cl_st1_ph2_anna/examples/f4_pos/f4_p
os_159.tex [4029] [4030] [4031] [4032] [4033])
(/home/eyamrog/PycharmProjects/cl_st1_anna/cl_st1_ph2_anna/examples/f4_pos/f4_p
os_160.tex
Overfull \hbox (2.74791pt too wide) in paragraph at lines 1--13
[]  \TU/DejaVuSerif(0)/m/n/10 VI. ED-U-CAÇÃO GOIANA : TEMAS CON-TEM-PORÂ-NEOS
 E DI-VER-SI-DADES Com
 []

[4034])
(/home/eyamrog/PycharmProjects/cl_st1_anna/cl_st1_ph2_anna/examples/f4_pos/f4_p
os_161.tex
Overfull \hbox (5.48149pt too wide) in paragraph at lines 1--85
\TU/DejaVuSerif(0)/m/n/10 bon-deiro. João Pes-soa, v. 4, n. 1, out. 2015. - htt
p://www.ccen.ufpb.br/ppgg/con-
 []


Overfull \hbox (3.8968pt too wide) in paragraph at lines 1--85
\TU/DejaVuSerif(0)/m/n/10 tents/doc-u-men-tos/teses/comunidades-tradicionais-de-
pesca-artesanal-marinha-
 []


Overfull \hbox (1.26497pt too wide) in paragraph at lines 1--85
\TU/DejaVuSerif(0)/m/n/10 na-paraiba_realidade-e-desafios.pdf - http://www.ch.uf
cg.edu.br/ar-ius/01_re-vis-
 []


Overfull \hbox (22.44173pt too wide) in paragraph at lines 1--85
\TU/DejaVuSerif(0)/m/n/10 tas/v19n1/00_ar-ius_v19_n1_2013_ed-i-cao_com-pleta.pdf
 - http://salutte.com.br/aven-
 []


Overfull \hbox (5.81575pt too wide) in paragraph at lines 1--85
\TU/DejaVuSerif(0)/m/n/10 tura/wp-content/up-loads/2011/11/mapa-tur%c3%adstico-d
a-para%c3%adba.jpg
 []

[4035] [4036] [4037] [4038])
(/home/eyamrog/PycharmProjects/cl_st1_anna/cl_st1_ph2_anna/examples/f4_pos/f4_p
os_162.tex
Overfull \hbox (36.97136pt too wide) in paragraph at lines 1--31
\TU/DejaVuSerif(0)/m/n/10 corresponde-a-quase-metade-da-producao-agricola-da-par
aiba-diz-ibge.ghtml. Acesso
 []


Overfull \hbox (93.91554pt too wide) in paragraph at lines 1--31
\TU/DejaVuSerif(0)/m/n/10 em : 14 de jul. de 2020. [ 25 ] : G1 PARAÍBA. Dispon
ível em : https://g1.globo.com/pb/paraiba/noti-
 []


Overfull \hbox (1.86555pt too wide) in paragraph at lines 1--31
\TU/DejaVuSerif(0)/m/n/10 cia/2019/10/25/agricultura-familiar-corresponde-a-quas
e-metade-da-producao-
 []

[4039])
(/home/eyamrog/PycharmProjects/cl_st1_anna/cl_st1_ph2_anna/examples/f4_pos/f4_p
os_163.tex [4040] [4041] [4042] [4043])
(/home/eyamrog/PycharmProjects/cl_st1_anna/cl_st1_ph2_anna/examples/f4_pos/f4_p
os_164.tex
Overfull \hbox (8.74446pt too wide) in paragraph at lines 1--59
[]  \TU/DejaVuSerif(0)/m/n/10 8.1.6 Pos-si-bil-i-dades Metodológ-i-cas Por outr
o lado, não menos im-por-tante, propõe
 []

[4044] [4045] [4046] [4047])
(/home/eyamrog/PycharmProjects/cl_st1_anna/cl_st1_ph2_anna/examples/f4_pos/f4_p
os_165.tex [4048] [4049])
(/home/eyamrog/PycharmProjects/cl_st1_anna/cl_st1_ph2_anna/examples/f4_pos/f4_p
os_166.tex [4050] [4051])
(/home/eyamrog/PycharmProjects/cl_st1_anna/cl_st1_ph2_anna/examples/f4_pos/f4_p
os_167.tex [4052] [4053] [4054] [4055] [4056])
(/home/eyamrog/PycharmProjects/cl_st1_anna/cl_st1_ph2_anna/examples/f4_pos/f4_p
os_168.tex [4057] [4058])
(/home/eyamrog/PycharmProjects/cl_st1_anna/cl_st1_ph2_anna/examples/f4_pos/f4_p
os_169.tex)
(/home/eyamrog/PycharmProjects/cl_st1_anna/cl_st1_ph2_anna/examples/f4_pos/f4_p
os_170.tex [4059]
Overfull \hbox (2.09343pt too wide) in paragraph at lines 1--48
\TU/DejaVuSerif(0)/m/n/10 liza-ção de no-vas fer-ra-men-tas para a efe-ti-va
ção da co-mu-ni-cação. Dessa maneira,
 []

[4060] [4061] [4062])
(/home/eyamrog/PycharmProjects/cl_st1_anna/cl_st1_ph2_anna/examples/f4_pos/f4_p
os_171.tex [4063] [4064] [4065])
(/home/eyamrog/PycharmProjects/cl_st1_anna/cl_st1_ph2_anna/examples/f4_pos/f4_p
os_172.tex [4066])
(/home/eyamrog/PycharmProjects/cl_st1_anna/cl_st1_ph2_anna/examples/f4_pos/f4_p
os_173.tex
Overfull \hbox (1.13313pt too wide) in paragraph at lines 1--95
[]  \TU/DejaVuSerif(0)/m/n/10 História Este texto traz al-guns ques-tion-a-men-
tos ac-erca da dis-ci-plina de História
 []


Overfull \hbox (2.73665pt too wide) in paragraph at lines 1--95
\TU/DejaVuSerif(0)/m/n/10 mente, desta-cam -se al-guns as-pec-tos elen-ca-dos pe
la pro-fes-sora Jan-ice Theodoro
 []

[4067] [4068] [4069] [4070])
(/home/eyamrog/PycharmProjects/cl_st1_anna/cl_st1_ph2_anna/examples/f4_pos/f4_p
os_174.tex
Overfull \hbox (28.50539pt too wide) in paragraph at lines 1--323
\TU/DejaVuSerif(0)/m/n/10 roupa. Disponível em : https://www.di-cio.com.br/es-t
iliza-cao/. Acesso em 08/07/2019.
 []


Overfull \hbox (10.15984pt too wide) in paragraph at lines 1--323
\TU/DejaVuSerif(0)/m/n/10 https://www.aldabra.com.br/ar-tigo/o-que-e-uma-fanpage
. Acesso em 08/07/2019.
 []


Overfull \hbox (16.06966pt too wide) in paragraph at lines 1--323
\TU/DejaVuSerif(0)/m/n/10 doo-fu-turo.org.br/for-ma-cao/pergunte-a-olimpia/178/d
iferencas-e-aplicacoes-entre-
 []


Overfull \hbox (40.2046pt too wide) in paragraph at lines 1--323
\TU/DejaVuSerif(0)/m/n/10 multissemiotico-e-multimidiatico. Acesso em 05/07/2019
. Disponível em : https://ciber-
 []


Overfull \hbox (29.09212pt too wide) in paragraph at lines 1--323
\TU/DejaVuSerif(0)/m/n/10 https://www.es-creven-doo-fu-turo.org.br/for-ma-cao/pe
rgunte-a-olimpia/178/diferencas-
 []


Overfull \hbox (9.91896pt too wide) in paragraph at lines 1--323
\TU/DejaVuSerif(0)/m/n/10 e-aplicacoes-entre-multissemiotico-e-multimidiatico. 
Acesso em 08/07/2019. GIF
 []


Overfull \hbox (15.00287pt too wide) in paragraph at lines 1--323
\TU/DejaVuSerif(0)/m/n/10 do-texto/hiper-texto.html. Acesso em 08/07/2019. O hip
er-texto é, em sua definição,
 []


Overfull \hbox (48.8488pt too wide) in paragraph at lines 1--323
\TU/DejaVuSerif(0)/m/n/10 com as suas fontes e sig-nifi-ca-dos. Disponível em 
: https://www.sig-nifi-ca-dos.com.br/icono-
 []


Overfull \hbox (0.6009pt too wide) in paragraph at lines 1--323
\TU/DejaVuSerif(0)/m/n/10 https://www.tec-mundo.com.br/cu-riosi-dade/4204-machin
ima-quando-o-cenario-
 []


Overfull \hbox (13.96355pt too wide) in paragraph at lines 1--323
\TU/DejaVuSerif(0)/m/n/10 http://www.co-mu-niqueiro.com/di-cionario/mancha-grafi
ca. Acesso em 08/07/2019.
 []


Overfull \hbox (5.07439pt too wide) in paragraph at lines 1--323
\TU/DejaVuSerif(0)/m/n/10 Disponível em : https://www.sig-nifi-ca-dos.com.br/me
me/. Acesso em 08/07/2019.
 []


Overfull \hbox (77.20818pt too wide) in paragraph at lines 1--323
\TU/DejaVuSerif(0)/m/n/10 amanhã. Disponível em : https://www.di-cionar-i-oin-
for-mal.com.br/modal-iza%C3%A7%C3%A3o/
 []


Overfull \hbox (1.05013pt too wide) in paragraph at lines 1--323
\TU/DejaVuSerif(0)/m/n/10 cle/o-que-%C3%A9-um-slide-mestre-b9abb2a0-7aef-4257-a1
4e-4329c904da54.
 []


Overfull \hbox (28.83171pt too wide) in paragraph at lines 1--323
\TU/DejaVuSerif(0)/m/n/10 tadao.com.br/blogs/blog-dos-colegios-santa-maria/tdic-
no-cotidiano-escolar/. Acesso
 []


Overfull \hbox (19.78337pt too wide) in paragraph at lines 1--323
\TU/DejaVuSerif(0)/m/n/10 bal e de-sen-hos ou grá-fi-cos, por ex-em-plo. Dispon
ível em : http://por-tuguescereja.ed-
 []


Overfull \hbox (24.92058pt too wide) in paragraph at lines 1--323
\TU/DejaVuSerif(0)/m/n/10 i-torasaraiva.com.br/textos-multimodais-leitura-e-prod
ucao/. Acesso em 08/07/2019.
 []

[4071] [4072] [4073] [4074] [4075] [4076] [4077] [4078] [4079] [4080])
(/home/eyamrog/PycharmProjects/cl_st1_anna/cl_st1_ph2_anna/examples/f4_pos/f4_p
os_175.tex [4081] [4082] [4083])
(/home/eyamrog/PycharmProjects/cl_st1_anna/cl_st1_ph2_anna/examples/f4_pos/f4_p
os_176.tex [4084] [4085] [4086] [4087] [4088] [4089] [4090])
(/home/eyamrog/PycharmProjects/cl_st1_anna/cl_st1_ph2_anna/examples/f4_pos/f4_p
os_177.tex [4091] [4092] [4093])
(/home/eyamrog/PycharmProjects/cl_st1_anna/cl_st1_ph2_anna/examples/f4_pos/f4_p
os_178.tex [4094] [4095])
(/home/eyamrog/PycharmProjects/cl_st1_anna/cl_st1_ph2_anna/examples/f4_pos/f4_p
os_179.tex [4096])
(/home/eyamrog/PycharmProjects/cl_st1_anna/cl_st1_ph2_anna/examples/f4_pos/f4_p
os_180.tex [4097] [4098])
(/home/eyamrog/PycharmProjects/cl_st1_anna/cl_st1_ph2_anna/examples/f4_pos/f4_p
os_181.tex [4099])
(/home/eyamrog/PycharmProjects/cl_st1_anna/cl_st1_ph2_anna/examples/f4_pos/f4_p
os_182.tex [4100] [4101] [4102])
(/home/eyamrog/PycharmProjects/cl_st1_anna/cl_st1_ph2_anna/examples/f4_pos/f4_p
os_183.tex [4103] [4104] [4105] [4106])
(/home/eyamrog/PycharmProjects/cl_st1_anna/cl_st1_ph2_anna/examples/f4_pos/f4_p
os_184.tex [4107] [4108] [4109] [4110] [4111])
(/home/eyamrog/PycharmProjects/cl_st1_anna/cl_st1_ph2_anna/examples/f4_pos/f4_p
os_185.tex [4112])
(/home/eyamrog/PycharmProjects/cl_st1_anna/cl_st1_ph2_anna/examples/f4_pos/f4_p
os_186.tex [4113] [4114] [4115] [4116] [4117])
(/home/eyamrog/PycharmProjects/cl_st1_anna/cl_st1_ph2_anna/examples/f4_pos/f4_p
os_187.tex [4118])
(/home/eyamrog/PycharmProjects/cl_st1_anna/cl_st1_ph2_anna/examples/f4_pos/f4_p
os_188.tex
Overfull \hbox (17.04817pt too wide) in paragraph at lines 1--18
\TU/DejaVuSerif(0)/m/n/10 o Cur-rículo de Per-nam-buco, que irá ori-en-tar a 
par-tir de 2019 o tra-balho pedagógico
 []

[4119])
(/home/eyamrog/PycharmProjects/cl_st1_anna/cl_st1_ph2_anna/examples/f4_pos/f4_p
os_189.tex [4120] [4121] [4122])
(/home/eyamrog/PycharmProjects/cl_st1_anna/cl_st1_ph2_anna/examples/f4_pos/f4_p
os_190.tex
Overfull \hbox (0.26985pt too wide) in paragraph at lines 1--45
\TU/DejaVuSerif(0)/m/n/10 desses Es-ta-dos e, por con-seguinte, da for-mação 
da nação e do povo, necessários
 []

[4123] [4124])
(/home/eyamrog/PycharmProjects/cl_st1_anna/cl_st1_ph2_anna/examples/f4_pos/f4_p
os_191.tex [4125] [4126])
(/home/eyamrog/PycharmProjects/cl_st1_anna/cl_st1_ph2_anna/examples/f4_pos/f4_p
os_192.tex
Missing character: There is no ° (U+00B0) in font nullfont!
Missing character: There is no ° (U+00B0) in font nullfont!
[4127] [4128
Missing character: There is no ° (U+00B0) in font nullfont!
])
(/home/eyamrog/PycharmProjects/cl_st1_anna/cl_st1_ph2_anna/examples/f4_pos/f4_p
os_193.tex [4129] [4130] [4131])
(/home/eyamrog/PycharmProjects/cl_st1_anna/cl_st1_ph2_anna/examples/f4_pos/f4_p
os_194.tex [4132] [4133] [4134])
(/home/eyamrog/PycharmProjects/cl_st1_anna/cl_st1_ph2_anna/examples/f4_pos/f4_p
os_195.tex [4135] [4136])
(/home/eyamrog/PycharmProjects/cl_st1_anna/cl_st1_ph2_anna/examples/f4_pos/f4_p
os_196.tex
Missing character: There is no ° (U+00B0) in font nullfont!
Missing character: There is no ° (U+00B0) in font nullfont!
[4137
Missing character: There is no ° (U+00B0) in font nullfont!
] [4138])
(/home/eyamrog/PycharmProjects/cl_st1_anna/cl_st1_ph2_anna/examples/f4_pos/f4_p
os_197.tex [4139])
(/home/eyamrog/PycharmProjects/cl_st1_anna/cl_st1_ph2_anna/examples/f4_pos/f4_p
os_198.tex [4140] [4141] [4142])
(/home/eyamrog/PycharmProjects/cl_st1_anna/cl_st1_ph2_anna/examples/f4_pos/f4_p
os_199.tex [4143])
(/home/eyamrog/PycharmProjects/cl_st1_anna/cl_st1_ph2_anna/examples/f4_pos/f4_p
os_200.tex [4144])
(/home/eyamrog/PycharmProjects/cl_st1_anna/cl_st1_ph2_anna/examples/f4_pos/f4_p
os_201.tex [4145] [4146] [4147] [4148])
(/home/eyamrog/PycharmProjects/cl_st1_anna/cl_st1_ph2_anna/examples/f4_pos/f4_p
os_202.tex [4149] [4150] [4151] [4152] [4153])
(/home/eyamrog/PycharmProjects/cl_st1_anna/cl_st1_ph2_anna/examples/f4_pos/f4_p
os_203.tex [4154] [4155] [4156] [4157] [4158] [4159])
(/home/eyamrog/PycharmProjects/cl_st1_anna/cl_st1_ph2_anna/examples/f4_pos/f4_p
os_204.tex [4160] [4161] [4162] [4163])
(/home/eyamrog/PycharmProjects/cl_st1_anna/cl_st1_ph2_anna/examples/f4_pos/f4_p
os_205.tex
Missing character: There is no ° (U+00B0) in font nullfont!
Missing character: There is no ° (U+00B0) in font nullfont!
Missing character: There is no ° (U+00B0) in font nullfont!
Missing character: There is no ° (U+00B0) in font nullfont!
[4164
Missing character: There is no ° (U+00B0) in font nullfont!
Missing character: There is no ° (U+00B0) in font nullfont!
])
(/home/eyamrog/PycharmProjects/cl_st1_anna/cl_st1_ph2_anna/examples/f4_pos/f4_p
os_206.tex [4165] [4166] [4167])
(/home/eyamrog/PycharmProjects/cl_st1_anna/cl_st1_ph2_anna/examples/f4_pos/f4_p
os_207.tex [4168])
(/home/eyamrog/PycharmProjects/cl_st1_anna/cl_st1_ph2_anna/examples/f4_pos/f4_p
os_208.tex [4169] [4170])
(/home/eyamrog/PycharmProjects/cl_st1_anna/cl_st1_ph2_anna/examples/f4_pos/f4_p
os_209.tex [4171] [4172])
(/home/eyamrog/PycharmProjects/cl_st1_anna/cl_st1_ph2_anna/examples/f4_pos/f4_p
os_210.tex [4173] [4174] [4175])
(/home/eyamrog/PycharmProjects/cl_st1_anna/cl_st1_ph2_anna/examples/f4_pos/f4_p
os_211.tex [4176] [4177] [4178] [4179])
(/home/eyamrog/PycharmProjects/cl_st1_anna/cl_st1_ph2_anna/examples/f4_pos/f4_p
os_212.tex [4180] [4181] [4182] [4183])
(/home/eyamrog/PycharmProjects/cl_st1_anna/cl_st1_ph2_anna/examples/f4_pos/f4_p
os_213.tex [4184])
(/home/eyamrog/PycharmProjects/cl_st1_anna/cl_st1_ph2_anna/examples/f4_pos/f4_p
os_214.tex
Missing character: There is no ° (U+00B0) in font nullfont!
Missing character: There is no ° (U+00B0) in font nullfont!
Missing character: There is no ° (U+00B0) in font nullfont!
Missing character: There is no ° (U+00B0) in font nullfont!
Missing character: There is no ° (U+00B0) in font nullfont!
Missing character: There is no ° (U+00B0) in font nullfont!
Missing character: There is no ° (U+00B0) in font nullfont!
Missing character: There is no ° (U+00B0) in font nullfont!
[4185] [4186] [4187
Missing character: There is no ° (U+00B0) in font nullfont!
Missing character: There is no ° (U+00B0) in font nullfont!
])
(/home/eyamrog/PycharmProjects/cl_st1_anna/cl_st1_ph2_anna/examples/f4_pos/f4_p
os_215.tex [4188
Missing character: There is no ° (U+00B0) in font nullfont!
Missing character: There is no ° (U+00B0) in font nullfont!
] [4189] [4190] [4191])
(/home/eyamrog/PycharmProjects/cl_st1_anna/cl_st1_ph2_anna/examples/f4_pos/f4_p
os_216.tex [4192] [4193] [4194])
(/home/eyamrog/PycharmProjects/cl_st1_anna/cl_st1_ph2_anna/examples/f4_pos/f4_p
os_217.tex [4195] [4196] [4197] [4198] [4199])
(/home/eyamrog/PycharmProjects/cl_st1_anna/cl_st1_ph2_anna/examples/f4_pos/f4_p
os_218.tex [4200])
(/home/eyamrog/PycharmProjects/cl_st1_anna/cl_st1_ph2_anna/examples/f4_pos/f4_p
os_219.tex [4201] [4202] [4203] [4204])
(/home/eyamrog/PycharmProjects/cl_st1_anna/cl_st1_ph2_anna/examples/f4_pos/f4_p
os_220.tex [4205] [4206] [4207] [4208])
(/home/eyamrog/PycharmProjects/cl_st1_anna/cl_st1_ph2_anna/examples/f4_pos/f4_p
os_221.tex
Overfull \hbox (14.42415pt too wide) in paragraph at lines 1--15
\TU/DejaVuSerif(0)/m/n/10 sources/the-world-factbook/fields/335rank.html](https:
//www.cia.gov/li-brary/pub-
 []


Overfull \hbox (22.6246pt too wide) in paragraph at lines 1--15
\TU/DejaVuSerif(0)/m/n/10 li-ca-tions/re-sources/the-world-factbook/fields/335ra
nk.html ). A \TU/DejaVuSerif(0)/b/n/10 pop-u-lação \TU/DejaVuSerif(0)/m/n/10 
paulista
 []

[4209])
(/home/eyamrog/PycharmProjects/cl_st1_anna/cl_st1_ph2_anna/examples/f4_pos/f4_p
os_222.tex [4210])
(/home/eyamrog/PycharmProjects/cl_st1_anna/cl_st1_ph2_anna/examples/f4_pos/f4_p
os_223.tex [4211])
(/home/eyamrog/PycharmProjects/cl_st1_anna/cl_st1_ph2_anna/examples/f4_pos/f4_p
os_224.tex
Overfull \hbox (0.72925pt too wide) in paragraph at lines 1--39
\TU/DejaVuSerif(0)/m/n/10 Text Sam-ple 1904: POS Dim 4 – sp – Score 5.00 
– sp/sp_ef_en-sino_re-li-gioso_3.txt 
 []

[4212] [4213])
(/home/eyamrog/PycharmProjects/cl_st1_anna/cl_st1_ph2_anna/examples/f4_pos/f4_p
os_225.tex
Overfull \hbox (33.96167pt too wide) in paragraph at lines 1--31
\TU/DejaVuSerif(0)/m/n/10 Text Sam-ple 1905: POS Dim 4 – sp – Score 5.00 
– sp/sp_ef_cien-cias_hu-manas_geo_3.txt 
 []

[4214] [4215])
(/home/eyamrog/PycharmProjects/cl_st1_anna/cl_st1_ph2_anna/examples/f4_pos/f4_p
os_226.tex [4216]
Overfull \hbox (30.39233pt too wide) in paragraph at lines 1--38
\TU/DejaVuSerif(0)/m/n/10 Text Sam-ple 1906: POS Dim 4 – sp – Score 4.00 
– sp/sp_ef_cien-cias_hu-manas_his_1.txt 
 []

[4217] [4218])
(/home/eyamrog/PycharmProjects/cl_st1_anna/cl_st1_ph2_anna/examples/f4_pos/f4_p
os_227.tex
Overfull \hbox (30.39233pt too wide) in paragraph at lines 1--27
\TU/DejaVuSerif(0)/m/n/10 Text Sam-ple 1907: POS Dim 4 – sp – Score 3.00 
– sp/sp_ef_cien-cias_hu-manas_his_2.txt 
 []

[4219])
(/home/eyamrog/PycharmProjects/cl_st1_anna/cl_st1_ph2_anna/examples/f4_pos/f4_p
os_228.tex [4220] [4221])
(/home/eyamrog/PycharmProjects/cl_st1_anna/cl_st1_ph2_anna/examples/f4_pos/f4_p
os_229.tex [4222] [4223] [4224] [4225])
(/home/eyamrog/PycharmProjects/cl_st1_anna/cl_st1_ph2_anna/examples/f4_pos/f4_p
os_230.tex)
(/home/eyamrog/PycharmProjects/cl_st1_anna/cl_st1_ph2_anna/examples/f4_pos/f4_p
os_231.tex [4226] [4227] [4228])
(/home/eyamrog/PycharmProjects/cl_st1_anna/cl_st1_ph2_anna/examples/f4_pos/f4_p
os_232.tex [4229] [4230])
(/home/eyamrog/PycharmProjects/cl_st1_anna/cl_st1_ph2_anna/examples/f4_pos/f4_p
os_233.tex [4231] [4232] [4233])
(/home/eyamrog/PycharmProjects/cl_st1_anna/cl_st1_ph2_anna/examples/f4_pos/f4_p
os_234.tex [4234] [4235])
(/home/eyamrog/PycharmProjects/cl_st1_anna/cl_st1_ph2_anna/examples/f4_pos/f4_p
os_235.tex [4236] [4237] [4238] [4239])
(/home/eyamrog/PycharmProjects/cl_st1_anna/cl_st1_ph2_anna/examples/f4_pos/f4_p
os_236.tex [4240] [4241])
(/home/eyamrog/PycharmProjects/cl_st1_anna/cl_st1_ph2_anna/examples/f4_pos/f4_p
os_237.tex [4242])
(/home/eyamrog/PycharmProjects/cl_st1_anna/cl_st1_ph2_anna/examples/f4_pos/f4_p
os_238.tex
Missing character: There is no ° (U+00B0) in font nullfont!
Missing character: There is no ° (U+00B0) in font nullfont!
Missing character: There is no ° (U+00B0) in font nullfont!
Missing character: There is no ° (U+00B0) in font nullfont!
Missing character: There is no ° (U+00B0) in font nullfont!
Missing character: There is no ° (U+00B0) in font nullfont!
Missing character: There is no ° (U+00B0) in font nullfont!
Missing character: There is no ° (U+00B0) in font nullfont!
[4243] [4244
Missing character: There is no ° (U+00B0) in font nullfont!
])
(/home/eyamrog/PycharmProjects/cl_st1_anna/cl_st1_ph2_anna/examples/f4_pos/f4_p
os_239.tex [4245
Missing character: There is no ° (U+00B0) in font nullfont!
Missing character: There is no ° (U+00B0) in font nullfont!
Missing character: There is no ° (U+00B0) in font nullfont!
])
(/home/eyamrog/PycharmProjects/cl_st1_anna/cl_st1_ph2_anna/examples/f4_pos/f4_p
os_240.tex [4246] [4247])
(/home/eyamrog/PycharmProjects/cl_st1_anna/cl_st1_ph2_anna/examples/f4_pos/f4_p
os_241.tex [4248] [4249] [4250] [4251] [4252] [4253])
(/home/eyamrog/PycharmProjects/cl_st1_anna/cl_st1_ph2_anna/examples/f4_pos/f4_p
os_242.tex [4254] [4255])
(/home/eyamrog/PycharmProjects/cl_st1_anna/cl_st1_ph2_anna/examples/f4_pos/f4_p
os_243.tex
Missing character: There is no ° (U+00B0) in font nullfont!
Missing character: There is no ° (U+00B0) in font nullfont!
[4256] [4257
Missing character: There is no ° (U+00B0) in font nullfont!
])
(/home/eyamrog/PycharmProjects/cl_st1_anna/cl_st1_ph2_anna/examples/f4_pos/f4_p
os_244.tex [4258])
(/home/eyamrog/PycharmProjects/cl_st1_anna/cl_st1_ph2_anna/examples/f4_pos/f4_p
os_245.tex [4259] [4260])
(/home/eyamrog/PycharmProjects/cl_st1_anna/cl_st1_ph2_anna/examples/f4_pos/f4_p
os_246.tex [4261] [4262])
(/home/eyamrog/PycharmProjects/cl_st1_anna/cl_st1_ph2_anna/examples/f4_pos/f4_p
os_247.tex [4263] [4264])
(/home/eyamrog/PycharmProjects/cl_st1_anna/cl_st1_ph2_anna/examples/f4_pos/f4_p
os_248.tex [4265])
(/home/eyamrog/PycharmProjects/cl_st1_anna/cl_st1_ph2_anna/examples/f4_pos/f4_p
os_249.tex [4266] [4267] [4268])
(/home/eyamrog/PycharmProjects/cl_st1_anna/cl_st1_ph2_anna/examples/f4_pos/f4_p
os_250.tex [4269] [4270] [4271] [4272])
(/home/eyamrog/PycharmProjects/cl_st1_anna/cl_st1_ph2_anna/examples/f4_pos/f4_p
os_251.tex [4273] [4274] [4275])
(/home/eyamrog/PycharmProjects/cl_st1_anna/cl_st1_ph2_anna/examples/f4_pos/f4_p
os_252.tex
Overfull \hbox (10.94923pt too wide) in paragraph at lines 1--44
\TU/DejaVuSerif(0)/m/n/10 com con-creto ar-mado. Pro-jeto ar-quitetônico. Patri
mônio cul-tural da hu-manidade.
 []

[4276])
(/home/eyamrog/PycharmProjects/cl_st1_anna/cl_st1_ph2_anna/examples/f4_pos/f4_p
os_253.tex [4277] [4278] [4279] [4280])
(/home/eyamrog/PycharmProjects/cl_st1_anna/cl_st1_ph2_anna/examples/f4_pos/f4_p
os_254.tex [4281] [4282])
(/home/eyamrog/PycharmProjects/cl_st1_anna/cl_st1_ph2_anna/examples/f4_pos/f4_p
os_255.tex [4283] [4284])
(/home/eyamrog/PycharmProjects/cl_st1_anna/cl_st1_ph2_anna/examples/f4_pos/f4_p
os_256.tex
Missing character: There is no ° (U+00B0) in font nullfont!
Missing character: There is no ° (U+00B0) in font nullfont!
[4285] [4286])
(/home/eyamrog/PycharmProjects/cl_st1_anna/cl_st1_ph2_anna/examples/f4_pos/f4_p
os_257.tex [4287
Missing character: There is no ° (U+00B0) in font nullfont!
] [4288])
(/home/eyamrog/PycharmProjects/cl_st1_anna/cl_st1_ph2_anna/examples/f4_pos/f4_p
os_258.tex [4289] [4290] [4291])
(/home/eyamrog/PycharmProjects/cl_st1_anna/cl_st1_ph2_anna/examples/f4_pos/f4_p
os_259.tex [4292])
(/home/eyamrog/PycharmProjects/cl_st1_anna/cl_st1_ph2_anna/examples/f4_pos/f4_p
os_260.tex [4293])
(/home/eyamrog/PycharmProjects/cl_st1_anna/cl_st1_ph2_anna/examples/f4_pos/f4_p
os_261.tex [4294])
(/home/eyamrog/PycharmProjects/cl_st1_anna/cl_st1_ph2_anna/examples/f4_pos/f4_p
os_262.tex [4295])
(/home/eyamrog/PycharmProjects/cl_st1_anna/cl_st1_ph2_anna/examples/f4_pos/f4_p
os_263.tex [4296] [4297])
(/home/eyamrog/PycharmProjects/cl_st1_anna/cl_st1_ph2_anna/examples/f4_pos/f4_p
os_264.tex [4298])
(/home/eyamrog/PycharmProjects/cl_st1_anna/cl_st1_ph2_anna/examples/f4_pos/f4_p
os_265.tex [4299] [4300] [4301])
(/home/eyamrog/PycharmProjects/cl_st1_anna/cl_st1_ph2_anna/examples/f4_pos/f4_p
os_266.tex [4302])
(/home/eyamrog/PycharmProjects/cl_st1_anna/cl_st1_ph2_anna/examples/f4_pos/f4_p
os_267.tex [4303] [4304])
(/home/eyamrog/PycharmProjects/cl_st1_anna/cl_st1_ph2_anna/examples/f4_pos/f4_p
os_268.tex [4305])
(/home/eyamrog/PycharmProjects/cl_st1_anna/cl_st1_ph2_anna/examples/f4_pos/f4_p
os_269.tex [4306])
(/home/eyamrog/PycharmProjects/cl_st1_anna/cl_st1_ph2_anna/examples/f4_pos/f4_p
os_270.tex [4307] [4308])
(/home/eyamrog/PycharmProjects/cl_st1_anna/cl_st1_ph2_anna/examples/f4_pos/f4_p
os_271.tex [4309] [4310] [4311])
(/home/eyamrog/PycharmProjects/cl_st1_anna/cl_st1_ph2_anna/examples/f4_pos/f4_p
os_272.tex
Overfull \hbox (4.61946pt too wide) in paragraph at lines 1--65
\TU/DejaVuSerif(0)/m/n/10 con-hec-i-mento da unidade temática está rela-cionad
o à com-preen-são da ge-ografia
 []

[4312] [4313] [4314] [4315])
(/home/eyamrog/PycharmProjects/cl_st1_anna/cl_st1_ph2_anna/examples/f4_pos/f4_p
os_273.tex [4316] [4317] [4318] [4319] [4320] [4321] [4322])
(/home/eyamrog/PycharmProjects/cl_st1_anna/cl_st1_ph2_anna/examples/f4_pos/f4_p
os_274.tex [4323] [4324] [4325] [4326] [4327])
(/home/eyamrog/PycharmProjects/cl_st1_anna/cl_st1_ph2_anna/examples/f4_pos/f4_p
os_275.tex [4328] [4329] [4330] [4331] [4332] [4333] [4334] [4335] [4336]
[4337])
(/home/eyamrog/PycharmProjects/cl_st1_anna/cl_st1_ph2_anna/examples/f4_pos/f4_p
os_276.tex
Missing character: There is no ─ (U+2500) in font nullfont!
Missing character: There is no ─ (U+2500) in font nullfont!
Missing character: There is no ─ (U+2500) in font nullfont!
Missing character: There is no ─ (U+2500) in font nullfont!
[4338] [4339] [4340
Missing character: There is no ─ (U+2500) in font nullfont!
Missing character: There is no ─ (U+2500) in font nullfont!
] [4341] [4342])
(/home/eyamrog/PycharmProjects/cl_st1_anna/cl_st1_ph2_anna/examples/f4_pos/f4_p
os_277.tex [4343] [4344] [4345] [4346])
(/home/eyamrog/PycharmProjects/cl_st1_anna/cl_st1_ph2_anna/examples/f4_pos/f4_p
os_278.tex [4347])
(/home/eyamrog/PycharmProjects/cl_st1_anna/cl_st1_ph2_anna/examples/f4_pos/f4_p
os_279.tex
Overfull \hbox (0.1335pt too wide) in paragraph at lines 1--27
[]  \TU/DejaVuSerif(0)/m/n/10 OS ITIN-ERÁRIOS FOR-MA-TIVOS DE APRO-FUN-DA-MENTO
 POR ÁREA DO CON-
 []

[4348] [4349] [4350])
(/home/eyamrog/PycharmProjects/cl_st1_anna/cl_st1_ph2_anna/examples/f4_pos/f4_p
os_280.tex [4351] [4352] [4353])
(/home/eyamrog/PycharmProjects/cl_st1_anna/cl_st1_ph2_anna/examples/f4_neg/f4_n
eg_001.tex [4354] [4355] [4356] [4357])
(/home/eyamrog/PycharmProjects/cl_st1_anna/cl_st1_ph2_anna/examples/f4_neg/f4_n
eg_002.tex [4358] [4359])
(/home/eyamrog/PycharmProjects/cl_st1_anna/cl_st1_ph2_anna/examples/f4_neg/f4_n
eg_003.tex [4360])
(/home/eyamrog/PycharmProjects/cl_st1_anna/cl_st1_ph2_anna/examples/f4_neg/f4_n
eg_004.tex [4361] [4362] [4363] [4364] [4365] [4366] [4367] [4368] [4369])
(/home/eyamrog/PycharmProjects/cl_st1_anna/cl_st1_ph2_anna/examples/f4_neg/f4_n
eg_005.tex [4370] [4371] [4372])
(/home/eyamrog/PycharmProjects/cl_st1_anna/cl_st1_ph2_anna/examples/f4_neg/f4_n
eg_006.tex [4373] [4374] [4375] [4376] [4377] [4378] [4379] [4380] [4381]
[4382])
(/home/eyamrog/PycharmProjects/cl_st1_anna/cl_st1_ph2_anna/examples/f4_neg/f4_n
eg_007.tex [4383] [4384] [4385] [4386])
(/home/eyamrog/PycharmProjects/cl_st1_anna/cl_st1_ph2_anna/examples/f4_neg/f4_n
eg_008.tex [4387])
(/home/eyamrog/PycharmProjects/cl_st1_anna/cl_st1_ph2_anna/examples/f4_neg/f4_n
eg_009.tex
Overfull \hbox (7.73781pt too wide) in paragraph at lines 1--85
[]  \TU/DejaVuSerif(0)/m/n/10 1. FUN-DA-MEN-TOS TEÓRICO-METODOLÓGICOS Se-gundo
 Danza, grande parte
 []

[4388] [4389] [4390] [4391] [4392])
(/home/eyamrog/PycharmProjects/cl_st1_anna/cl_st1_ph2_anna/examples/f4_neg/f4_n
eg_010.tex [4393] [4394] [4395])
(/home/eyamrog/PycharmProjects/cl_st1_anna/cl_st1_ph2_anna/examples/f4_neg/f4_n
eg_011.tex [4396] [4397])
(/home/eyamrog/PycharmProjects/cl_st1_anna/cl_st1_ph2_anna/examples/f4_neg/f4_n
eg_012.tex [4398])
(/home/eyamrog/PycharmProjects/cl_st1_anna/cl_st1_ph2_anna/examples/f4_neg/f4_n
eg_013.tex [4399] [4400] [4401])
(/home/eyamrog/PycharmProjects/cl_st1_anna/cl_st1_ph2_anna/examples/f4_neg/f4_n
eg_014.tex [4402] [4403] [4404] [4405])
(/home/eyamrog/PycharmProjects/cl_st1_anna/cl_st1_ph2_anna/examples/f4_neg/f4_n
eg_015.tex [4406] [4407] [4408] [4409] [4410] [4411] [4412])
(/home/eyamrog/PycharmProjects/cl_st1_anna/cl_st1_ph2_anna/examples/f4_neg/f4_n
eg_016.tex
Overfull \hbox (3.21887pt too wide) in paragraph at lines 1--34
[]  \TU/DejaVuSerif(0)/m/n/10 5. AVALI-AÇÃO EM LIN-GUA-GENS E SUAS TEC-NOLO-GI
AS A avali-ação da apren-
 []

[4413] [4414] [4415])
(/home/eyamrog/PycharmProjects/cl_st1_anna/cl_st1_ph2_anna/examples/f4_neg/f4_n
eg_017.tex [4416] [4417] [4418])
(/home/eyamrog/PycharmProjects/cl_st1_anna/cl_st1_ph2_anna/examples/f4_neg/f4_n
eg_018.tex [4419])
(/home/eyamrog/PycharmProjects/cl_st1_anna/cl_st1_ph2_anna/examples/f4_neg/f4_n
eg_019.tex [4420])
(/home/eyamrog/PycharmProjects/cl_st1_anna/cl_st1_ph2_anna/examples/f4_neg/f4_n
eg_020.tex [4421])
(/home/eyamrog/PycharmProjects/cl_st1_anna/cl_st1_ph2_anna/examples/f4_neg/f4_n
eg_021.tex [4422] [4423] [4424])
(/home/eyamrog/PycharmProjects/cl_st1_anna/cl_st1_ph2_anna/examples/f4_neg/f4_n
eg_022.tex
Missing character: There is no ° (U+00B0) in font nullfont!
Missing character: There is no ° (U+00B0) in font nullfont!
[4425] [4426] [4427
Missing character: There is no ° (U+00B0) in font nullfont!
])
(/home/eyamrog/PycharmProjects/cl_st1_anna/cl_st1_ph2_anna/examples/f4_neg/f4_n
eg_023.tex [4428] [4429] [4430] [4431] [4432] [4433])
(/home/eyamrog/PycharmProjects/cl_st1_anna/cl_st1_ph2_anna/examples/f4_neg/f4_n
eg_024.tex [4434] [4435])
(/home/eyamrog/PycharmProjects/cl_st1_anna/cl_st1_ph2_anna/examples/f4_neg/f4_n
eg_025.tex [4436] [4437] [4438] [4439])
(/home/eyamrog/PycharmProjects/cl_st1_anna/cl_st1_ph2_anna/examples/f4_neg/f4_n
eg_026.tex [4440] [4441])
(/home/eyamrog/PycharmProjects/cl_st1_anna/cl_st1_ph2_anna/examples/f4_neg/f4_n
eg_027.tex [4442] [4443])
(/home/eyamrog/PycharmProjects/cl_st1_anna/cl_st1_ph2_anna/examples/f4_neg/f4_n
eg_028.tex [4444] [4445])
(/home/eyamrog/PycharmProjects/cl_st1_anna/cl_st1_ph2_anna/examples/f4_neg/f4_n
eg_029.tex [4446] [4447] [4448] [4449] [4450] [4451])
(/home/eyamrog/PycharmProjects/cl_st1_anna/cl_st1_ph2_anna/examples/f4_neg/f4_n
eg_030.tex [4452] [4453] [4454] [4455])
(/home/eyamrog/PycharmProjects/cl_st1_anna/cl_st1_ph2_anna/examples/f4_neg/f4_n
eg_031.tex
Overfull \hbox (2.7588pt too wide) in paragraph at lines 1--26
[]  \TU/DejaVuSerif(0)/m/n/10 COM-PETÊN-CIAS GERAIS E ES-PECÍ-FI-CAS Mere-cem destaque, ainda, tr
ês pres-
 []

[4456])
(/home/eyamrog/PycharmProjects/cl_st1_anna/cl_st1_ph2_anna/examples/f4_neg/f4_n
eg_032.tex
Overfull \hbox (14.60481pt too wide) in paragraph at lines 1--32
\TU/DejaVuSerif(0)/m/n/10 conexão acon-tece de forma nat-u-ral e é car-ac-ter
ís-tica do con-hec-i-mento matemático
 []

[4457] [4458])
(/home/eyamrog/PycharmProjects/cl_st1_anna/cl_st1_ph2_anna/examples/f4_neg/f4_n
eg_033.tex [4459])
(/home/eyamrog/PycharmProjects/cl_st1_anna/cl_st1_ph2_anna/examples/f4_neg/f4_n
eg_034.tex [4460] [4461])
(/home/eyamrog/PycharmProjects/cl_st1_anna/cl_st1_ph2_anna/examples/f4_neg/f4_n
eg_035.tex
Overfull \hbox (12.93196pt too wide) in paragraph at lines 1--24
\TU/DejaVuSerif(0)/m/n/10 in-dis-pen-sável para com-preen-der, val-i-dar ou red
-i-men-sionar o tra-balho pedagógico.
 []


Overfull \hbox (0.87923pt too wide) in paragraph at lines 1--24
\TU/DejaVuSerif(0)/m/n/10 Em se tratando do tra-balho em in-sti-tu-ições de ed
-u-cação co-le-tiva para a primeira
 []

[4462])
(/home/eyamrog/PycharmProjects/cl_st1_anna/cl_st1_ph2_anna/examples/f4_neg/f4_n
eg_036.tex [4463] [4464])
(/home/eyamrog/PycharmProjects/cl_st1_anna/cl_st1_ph2_anna/examples/f4_neg/f4_n
eg_037.tex [4465])
(/home/eyamrog/PycharmProjects/cl_st1_anna/cl_st1_ph2_anna/examples/f4_neg/f4_n
eg_038.tex [4466])
(/home/eyamrog/PycharmProjects/cl_st1_anna/cl_st1_ph2_anna/examples/f4_neg/f4_n
eg_039.tex [4467])
(/home/eyamrog/PycharmProjects/cl_st1_anna/cl_st1_ph2_anna/examples/f4_neg/f4_n
eg_040.tex [4468] [4469])
(/home/eyamrog/PycharmProjects/cl_st1_anna/cl_st1_ph2_anna/examples/f4_neg/f4_n
eg_041.tex [4470] [4471])
(/home/eyamrog/PycharmProjects/cl_st1_anna/cl_st1_ph2_anna/examples/f4_neg/f4_n
eg_042.tex [4472])
(/home/eyamrog/PycharmProjects/cl_st1_anna/cl_st1_ph2_anna/examples/f4_neg/f4_n
eg_043.tex [4473])
(/home/eyamrog/PycharmProjects/cl_st1_anna/cl_st1_ph2_anna/examples/f4_neg/f4_n
eg_044.tex [4474] [4475])
(/home/eyamrog/PycharmProjects/cl_st1_anna/cl_st1_ph2_anna/examples/f4_neg/f4_n
eg_045.tex [4476])
(/home/eyamrog/PycharmProjects/cl_st1_anna/cl_st1_ph2_anna/examples/f4_neg/f4_n
eg_046.tex [4477] [4478])
(/home/eyamrog/PycharmProjects/cl_st1_anna/cl_st1_ph2_anna/examples/f4_neg/f4_n
eg_047.tex)
(/home/eyamrog/PycharmProjects/cl_st1_anna/cl_st1_ph2_anna/examples/f4_neg/f4_n
eg_048.tex [4479] [4480])
(/home/eyamrog/PycharmProjects/cl_st1_anna/cl_st1_ph2_anna/examples/f4_neg/f4_n
eg_049.tex [4481] [4482<./luatex.GLFx0H/1.png>])
(/home/eyamrog/PycharmProjects/cl_st1_anna/cl_st1_ph2_anna/examples/f4_neg/f4_n
eg_050.tex [4483] [4484] [4485])
(/home/eyamrog/PycharmProjects/cl_st1_anna/cl_st1_ph2_anna/examples/f4_neg/f4_n
eg_051.tex
Overfull \hbox (2.30827pt too wide) in paragraph at lines 1--16
[]  \TU/DejaVuSerif(0)/m/n/10 1.3. Com-petên-cias Gerais para a Ed-u-cação B
ásica Ao longo da Ed-u-cação Básica,
 []

[4486])
(/home/eyamrog/PycharmProjects/cl_st1_anna/cl_st1_ph2_anna/examples/f4_neg/f4_n
eg_052.tex
Missing character: There is no ° (U+00B0) in font nullfont!
Missing character: There is no ° (U+00B0) in font nullfont!
Missing character: There is no ° (U+00B0) in font nullfont!
Missing character: There is no ° (U+00B0) in font nullfont!
[4487] [4488] [4489
Missing character: There is no ° (U+00B0) in font nullfont!
Missing character: There is no ° (U+00B0) in font nullfont!
] [4490])
(/home/eyamrog/PycharmProjects/cl_st1_anna/cl_st1_ph2_anna/examples/f4_neg/f4_n
eg_053.tex [4491] [4492])
(/home/eyamrog/PycharmProjects/cl_st1_anna/cl_st1_ph2_anna/examples/f4_neg/f4_n
eg_054.tex [4493] [4494])
(/home/eyamrog/PycharmProjects/cl_st1_anna/cl_st1_ph2_anna/examples/f4_neg/f4_n
eg_055.tex [4495])
(/home/eyamrog/PycharmProjects/cl_st1_anna/cl_st1_ph2_anna/examples/f4_neg/f4_n
eg_056.tex [4496])
(/home/eyamrog/PycharmProjects/cl_st1_anna/cl_st1_ph2_anna/examples/f4_neg/f4_n
eg_057.tex [4497])
(/home/eyamrog/PycharmProjects/cl_st1_anna/cl_st1_ph2_anna/examples/f4_neg/f4_n
eg_058.tex [4498] [4499])
(/home/eyamrog/PycharmProjects/cl_st1_anna/cl_st1_ph2_anna/examples/f4_neg/f4_n
eg_059.tex [4500] [4501])
(/home/eyamrog/PycharmProjects/cl_st1_anna/cl_st1_ph2_anna/examples/f4_neg/f4_n
eg_060.tex [4502])
(/home/eyamrog/PycharmProjects/cl_st1_anna/cl_st1_ph2_anna/examples/f4_neg/f4_n
eg_061.tex [4503])
(/home/eyamrog/PycharmProjects/cl_st1_anna/cl_st1_ph2_anna/examples/f4_neg/f4_n
eg_062.tex [4504])
(/home/eyamrog/PycharmProjects/cl_st1_anna/cl_st1_ph2_anna/examples/f4_neg/f4_n
eg_063.tex [4505])
(/home/eyamrog/PycharmProjects/cl_st1_anna/cl_st1_ph2_anna/examples/f4_neg/f4_n
eg_064.tex [4506] [4507])
(/home/eyamrog/PycharmProjects/cl_st1_anna/cl_st1_ph2_anna/examples/f4_neg/f4_n
eg_065.tex [4508])
(/home/eyamrog/PycharmProjects/cl_st1_anna/cl_st1_ph2_anna/examples/f4_neg/f4_n
eg_066.tex)
(/home/eyamrog/PycharmProjects/cl_st1_anna/cl_st1_ph2_anna/examples/f4_neg/f4_n
eg_067.tex [4509] [4510] [4511])
(/home/eyamrog/PycharmProjects/cl_st1_anna/cl_st1_ph2_anna/examples/f4_neg/f4_n
eg_068.tex [4512])
(/home/eyamrog/PycharmProjects/cl_st1_anna/cl_st1_ph2_anna/examples/f4_neg/f4_n
eg_069.tex [4513])
(/home/eyamrog/PycharmProjects/cl_st1_anna/cl_st1_ph2_anna/examples/f4_neg/f4_n
eg_070.tex [4514])
(/home/eyamrog/PycharmProjects/cl_st1_anna/cl_st1_ph2_anna/examples/f4_neg/f4_n
eg_071.tex [4515] [4516] [4517] [4518])
(/home/eyamrog/PycharmProjects/cl_st1_anna/cl_st1_ph2_anna/examples/f4_neg/f4_n
eg_072.tex [4519] [4520] [4521] [4522] [4523] [4524] [4525])
(/home/eyamrog/PycharmProjects/cl_st1_anna/cl_st1_ph2_anna/examples/f4_neg/f4_n
eg_073.tex [4526] [4527])
(/home/eyamrog/PycharmProjects/cl_st1_anna/cl_st1_ph2_anna/examples/f4_neg/f4_n
eg_074.tex
Missing character: There is no ─ (U+2500) in font nullfont!
Missing character: There is no ─ (U+2500) in font nullfont!
Missing character: There is no ─ (U+2500) in font nullfont!
Missing character: There is no ─ (U+2500) in font nullfont!
[4528])
(/home/eyamrog/PycharmProjects/cl_st1_anna/cl_st1_ph2_anna/examples/f4_neg/f4_n
eg_075.tex [4529
Missing character: There is no ─ (U+2500) in font nullfont!
Missing character: There is no ─ (U+2500) in font nullfont!
] [4530] [4531] [4532] [4533])
(/home/eyamrog/PycharmProjects/cl_st1_anna/cl_st1_ph2_anna/examples/f4_neg/f4_n
eg_076.tex [4534] [4535])
(/home/eyamrog/PycharmProjects/cl_st1_anna/cl_st1_ph2_anna/examples/f4_neg/f4_n
eg_077.tex [4536])
(/home/eyamrog/PycharmProjects/cl_st1_anna/cl_st1_ph2_anna/examples/f4_neg/f4_n
eg_078.tex [4537] [4538])
(/home/eyamrog/PycharmProjects/cl_st1_anna/cl_st1_ph2_anna/examples/f4_neg/f4_n
eg_079.tex [4539])
(/home/eyamrog/PycharmProjects/cl_st1_anna/cl_st1_ph2_anna/examples/f4_neg/f4_n
eg_080.tex [4540])
(/home/eyamrog/PycharmProjects/cl_st1_anna/cl_st1_ph2_anna/examples/f4_neg/f4_n
eg_081.tex [4541] [4542] [4543] [4544] [4545])
(/home/eyamrog/PycharmProjects/cl_st1_anna/cl_st1_ph2_anna/examples/f4_neg/f4_n
eg_082.tex [4546] [4547] [4548] [4549] [4550] [4551] [4552])
(/home/eyamrog/PycharmProjects/cl_st1_anna/cl_st1_ph2_anna/examples/f4_neg/f4_n
eg_083.tex [4553] [4554])
(/home/eyamrog/PycharmProjects/cl_st1_anna/cl_st1_ph2_anna/examples/f4_neg/f4_n
eg_084.tex [4555] [4556] [4557])
(/home/eyamrog/PycharmProjects/cl_st1_anna/cl_st1_ph2_anna/examples/f4_neg/f4_n
eg_085.tex [4558])
(/home/eyamrog/PycharmProjects/cl_st1_anna/cl_st1_ph2_anna/examples/f4_neg/f4_n
eg_086.tex
Overfull \hbox (16.83626pt too wide) in paragraph at lines 1--159
\TU/DejaVuSerif(0)/m/n/10 dos(as), par-tic-i-pa-tivos(as), ou-sa-dos(as), re-fle
x-ivos(as), críti-cos(as), autônomos(as),
 []


Overfull \hbox (21.89778pt too wide) in paragraph at lines 1--159
\TU/DejaVuSerif(0)/m/n/10 livres de pre-con-ceitos, cria-tivos(as), cu-riosos(as
), in-ves-ti-gadores(as), solidários(as),
 []

[4559] [4560] [4561] [4562] [4563] [4564] [4565] [4566] [4567])
(/home/eyamrog/PycharmProjects/cl_st1_anna/cl_st1_ph2_anna/examples/f4_neg/f4_n
eg_087.tex [4568])
(/home/eyamrog/PycharmProjects/cl_st1_anna/cl_st1_ph2_anna/examples/f4_neg/f4_n
eg_088.tex [4569] [4570] [4571] [4572] [4573] [4574])
(/home/eyamrog/PycharmProjects/cl_st1_anna/cl_st1_ph2_anna/examples/f4_neg/f4_n
eg_089.tex [4575] [4576] [4577])
(/home/eyamrog/PycharmProjects/cl_st1_anna/cl_st1_ph2_anna/examples/f4_neg/f4_n
eg_090.tex [4578])
(/home/eyamrog/PycharmProjects/cl_st1_anna/cl_st1_ph2_anna/examples/f4_neg/f4_n
eg_091.tex [4579] [4580])
(/home/eyamrog/PycharmProjects/cl_st1_anna/cl_st1_ph2_anna/examples/f4_neg/f4_n
eg_092.tex [4581] [4582])
(/home/eyamrog/PycharmProjects/cl_st1_anna/cl_st1_ph2_anna/examples/f4_neg/f4_n
eg_093.tex [4583])
(/home/eyamrog/PycharmProjects/cl_st1_anna/cl_st1_ph2_anna/examples/f4_neg/f4_n
eg_094.tex [4584])
(/home/eyamrog/PycharmProjects/cl_st1_anna/cl_st1_ph2_anna/examples/f4_neg/f4_n
eg_095.tex [4585] [4586] [4587])
(/home/eyamrog/PycharmProjects/cl_st1_anna/cl_st1_ph2_anna/examples/f4_neg/f4_n
eg_096.tex
Overfull \hbox (3.81087pt too wide) in paragraph at lines 1--17
\TU/DejaVuSerif(0)/m/n/10 hamento, busca de su-per-ação das di-fi-cul-dades at
ravés de in-ter-venções pedagóg-
 []

[4588])
(/home/eyamrog/PycharmProjects/cl_st1_anna/cl_st1_ph2_anna/examples/f4_neg/f4_n
eg_097.tex [4589])
(/home/eyamrog/PycharmProjects/cl_st1_anna/cl_st1_ph2_anna/examples/f4_neg/f4_n
eg_098.tex [4590])
(/home/eyamrog/PycharmProjects/cl_st1_anna/cl_st1_ph2_anna/examples/f4_neg/f4_n
eg_099.tex [4591] [4592])
(/home/eyamrog/PycharmProjects/cl_st1_anna/cl_st1_ph2_anna/examples/f4_neg/f4_n
eg_100.tex)
(/home/eyamrog/PycharmProjects/cl_st1_anna/cl_st1_ph2_anna/examples/f4_neg/f4_n
eg_101.tex [4593] [4594])
(/home/eyamrog/PycharmProjects/cl_st1_anna/cl_st1_ph2_anna/examples/f4_neg/f4_n
eg_102.tex [4595] [4596])
(/home/eyamrog/PycharmProjects/cl_st1_anna/cl_st1_ph2_anna/examples/f4_neg/f4_n
eg_103.tex [4597])
(/home/eyamrog/PycharmProjects/cl_st1_anna/cl_st1_ph2_anna/examples/f4_neg/f4_n
eg_104.tex [4598] [4599])
(/home/eyamrog/PycharmProjects/cl_st1_anna/cl_st1_ph2_anna/examples/f4_neg/f4_n
eg_105.tex [4600])
(/home/eyamrog/PycharmProjects/cl_st1_anna/cl_st1_ph2_anna/examples/f4_neg/f4_n
eg_106.tex [4601] [4602])
(/home/eyamrog/PycharmProjects/cl_st1_anna/cl_st1_ph2_anna/examples/f4_neg/f4_n
eg_107.tex)
(/home/eyamrog/PycharmProjects/cl_st1_anna/cl_st1_ph2_anna/examples/f4_neg/f4_n
eg_108.tex
Overfull \hbox (0.31282pt too wide) in paragraph at lines 1--58
\TU/DejaVuSerif(0)/m/n/10 pro-postas pelo pro-fes-sor de-vem pos-si-bil-i-tar ao
 es-tu-dante iden-ti-ficar um número
 []

[4603] [4604] [4605])
(/home/eyamrog/PycharmProjects/cl_st1_anna/cl_st1_ph2_anna/examples/f4_neg/f4_n
eg_109.tex [4606])
(/home/eyamrog/PycharmProjects/cl_st1_anna/cl_st1_ph2_anna/examples/f4_neg/f4_n
eg_110.tex
Missing character: There is no ° (U+00B0) in font nullfont!
Missing character: There is no ° (U+00B0) in font nullfont!
[4607] [4608
Missing character: There is no ° (U+00B0) in font nullfont!
])
(/home/eyamrog/PycharmProjects/cl_st1_anna/cl_st1_ph2_anna/examples/f4_neg/f4_n
eg_111.tex [4609] [4610] [4611])
(/home/eyamrog/PycharmProjects/cl_st1_anna/cl_st1_ph2_anna/examples/f4_neg/f4_n
eg_112.tex [4612] [4613] [4614])
(/home/eyamrog/PycharmProjects/cl_st1_anna/cl_st1_ph2_anna/examples/f4_neg/f4_n
eg_113.tex [4615] [4616] [4617])
(/home/eyamrog/PycharmProjects/cl_st1_anna/cl_st1_ph2_anna/examples/f4_neg/f4_n
eg_114.tex [4618])
(/home/eyamrog/PycharmProjects/cl_st1_anna/cl_st1_ph2_anna/examples/f4_neg/f4_n
eg_115.tex [4619] [4620])
(/home/eyamrog/PycharmProjects/cl_st1_anna/cl_st1_ph2_anna/examples/f4_neg/f4_n
eg_116.tex [4621])
(/home/eyamrog/PycharmProjects/cl_st1_anna/cl_st1_ph2_anna/examples/f4_neg/f4_n
eg_117.tex [4622] [4623] [4624])
(/home/eyamrog/PycharmProjects/cl_st1_anna/cl_st1_ph2_anna/examples/f4_neg/f4_n
eg_118.tex [4625])
(/home/eyamrog/PycharmProjects/cl_st1_anna/cl_st1_ph2_anna/examples/f4_neg/f4_n
eg_119.tex [4626])
(/home/eyamrog/PycharmProjects/cl_st1_anna/cl_st1_ph2_anna/examples/f4_neg/f4_n
eg_120.tex [4627] [4628])
(/home/eyamrog/PycharmProjects/cl_st1_anna/cl_st1_ph2_anna/examples/f4_neg/f4_n
eg_121.tex [4629] [4630])
(/home/eyamrog/PycharmProjects/cl_st1_anna/cl_st1_ph2_anna/examples/f4_neg/f4_n
eg_122.tex [4631] [4632])
(/home/eyamrog/PycharmProjects/cl_st1_anna/cl_st1_ph2_anna/examples/f4_neg/f4_n
eg_123.tex [4633] [4634])
(/home/eyamrog/PycharmProjects/cl_st1_anna/cl_st1_ph2_anna/examples/f4_neg/f4_n
eg_124.tex [4635])
(/home/eyamrog/PycharmProjects/cl_st1_anna/cl_st1_ph2_anna/examples/f4_neg/f4_n
eg_125.tex [4636])
(/home/eyamrog/PycharmProjects/cl_st1_anna/cl_st1_ph2_anna/examples/f4_neg/f4_n
eg_126.tex
Overfull \hbox (0.4288pt too wide) in paragraph at lines 1--44
[]  \TU/DejaVuSerif(0)/m/n/10 2.3.11 POS-SI-BIL-I-DADES AVALIA-TI-VAS A avali-a
ção da apren-diza-gem, con-forme
 []

[4637] [4638])
(/home/eyamrog/PycharmProjects/cl_st1_anna/cl_st1_ph2_anna/examples/f4_neg/f4_n
eg_127.tex [4639])
(/home/eyamrog/PycharmProjects/cl_st1_anna/cl_st1_ph2_anna/examples/f4_neg/f4_n
eg_128.tex [4640])
(/home/eyamrog/PycharmProjects/cl_st1_anna/cl_st1_ph2_anna/examples/f4_neg/f4_n
eg_129.tex [4641] [4642] [4643])
(/home/eyamrog/PycharmProjects/cl_st1_anna/cl_st1_ph2_anna/examples/f4_neg/f4_n
eg_130.tex [4644] [4645] [4646] [4647] [4648])
(/home/eyamrog/PycharmProjects/cl_st1_anna/cl_st1_ph2_anna/examples/f4_neg/f4_n
eg_131.tex [4649] [4650] [4651])
(/home/eyamrog/PycharmProjects/cl_st1_anna/cl_st1_ph2_anna/examples/f4_neg/f4_n
eg_132.tex [4652] [4653])
(/home/eyamrog/PycharmProjects/cl_st1_anna/cl_st1_ph2_anna/examples/f4_neg/f4_n
eg_133.tex [4654] [4655])
(/home/eyamrog/PycharmProjects/cl_st1_anna/cl_st1_ph2_anna/examples/f4_neg/f4_n
eg_134.tex [4656])
(/home/eyamrog/PycharmProjects/cl_st1_anna/cl_st1_ph2_anna/examples/f4_neg/f4_n
eg_135.tex
Overfull \hbox (19.08626pt too wide) in paragraph at lines 1--17
\TU/DejaVuSerif(0)/m/n/10 próprio com-po-nente cur-ric-u-lar Matemática, in-tr
a-matemática, outra da Matemática
 []


Overfull \hbox (2.04524pt too wide) in paragraph at lines 1--17
\TU/DejaVuSerif(0)/m/n/10 com os de-mais com-po-nentes, en-tre com-po-nentes, e a ar-tic-u-la
ção da Matemática
 []

[4657])
(/home/eyamrog/PycharmProjects/cl_st1_anna/cl_st1_ph2_anna/examples/f4_neg/f4_n
eg_136.tex [4658])
(/home/eyamrog/PycharmProjects/cl_st1_anna/cl_st1_ph2_anna/examples/f4_neg/f4_n
eg_137.tex
Missing character: There is no ° (U+00B0) in font nullfont!
Missing character: There is no ° (U+00B0) in font nullfont!
Missing character: There is no ° (U+00B0) in font nullfont!
Missing character: There is no ° (U+00B0) in font nullfont!
Missing character: There is no ° (U+00B0) in font nullfont!
Missing character: There is no ° (U+00B0) in font nullfont!
Missing character: There is no ° (U+00B0) in font nullfont!
Missing character: There is no ° (U+00B0) in font nullfont!
[4659])
(/home/eyamrog/PycharmProjects/cl_st1_anna/cl_st1_ph2_anna/examples/f4_neg/f4_n
eg_138.tex [4660
Missing character: There is no ° (U+00B0) in font nullfont!
Missing character: There is no ° (U+00B0) in font nullfont!
Missing character: There is no ° (U+00B0) in font nullfont!
Missing character: There is no ° (U+00B0) in font nullfont!
] [4661])
(/home/eyamrog/PycharmProjects/cl_st1_anna/cl_st1_ph2_anna/examples/f4_neg/f4_n
eg_139.tex [4662])
(/home/eyamrog/PycharmProjects/cl_st1_anna/cl_st1_ph2_anna/examples/f4_neg/f4_n
eg_140.tex [4663] [4664] [4665] [4666])
(/home/eyamrog/PycharmProjects/cl_st1_anna/cl_st1_ph2_anna/examples/f4_neg/f4_n
eg_141.tex [4667])
(/home/eyamrog/PycharmProjects/cl_st1_anna/cl_st1_ph2_anna/examples/f4_neg/f4_n
eg_142.tex [4668])
(/home/eyamrog/PycharmProjects/cl_st1_anna/cl_st1_ph2_anna/examples/f4_neg/f4_n
eg_143.tex [4669] [4670] [4671])
(/home/eyamrog/PycharmProjects/cl_st1_anna/cl_st1_ph2_anna/examples/f4_neg/f4_n
eg_144.tex
Overfull \hbox (3.04858pt too wide) in paragraph at lines 1--28
\TU/DejaVuSerif(0)/m/n/10 Text Sam-ple 2104: NEG Dim 4 – rj – Score -1.00 
– rj/rj_ef_lin-gua-gens_ed_fis_1.txt 
 []

[4672] [4673])
(/home/eyamrog/PycharmProjects/cl_st1_anna/cl_st1_ph2_anna/examples/f4_neg/f4_n
eg_145.tex [4674])
(/home/eyamrog/PycharmProjects/cl_st1_anna/cl_st1_ph2_anna/examples/f4_neg/f4_n
eg_146.tex [4675] [4676])
(/home/eyamrog/PycharmProjects/cl_st1_anna/cl_st1_ph2_anna/examples/f4_neg/f4_n
eg_147.tex)
(/home/eyamrog/PycharmProjects/cl_st1_anna/cl_st1_ph2_anna/examples/f4_neg/f4_n
eg_148.tex [4677] [4678])
(/home/eyamrog/PycharmProjects/cl_st1_anna/cl_st1_ph2_anna/examples/f4_neg/f4_n
eg_149.tex [4679])
(/home/eyamrog/PycharmProjects/cl_st1_anna/cl_st1_ph2_anna/examples/f4_neg/f4_n
eg_150.tex [4680])
(/home/eyamrog/PycharmProjects/cl_st1_anna/cl_st1_ph2_anna/examples/f4_neg/f4_n
eg_151.tex [4681] [4682] [4683] [4684])
(/home/eyamrog/PycharmProjects/cl_st1_anna/cl_st1_ph2_anna/examples/f4_neg/f4_n
eg_152.tex [4685])
(/home/eyamrog/PycharmProjects/cl_st1_anna/cl_st1_ph2_anna/examples/f4_neg/f4_n
eg_153.tex)
(/home/eyamrog/PycharmProjects/cl_st1_anna/cl_st1_ph2_anna/examples/f4_neg/f4_n
eg_154.tex [4686] [4687])
(/home/eyamrog/PycharmProjects/cl_st1_anna/cl_st1_ph2_anna/examples/f4_neg/f4_n
eg_155.tex [4688] [4689])
(/home/eyamrog/PycharmProjects/cl_st1_anna/cl_st1_ph2_anna/examples/f4_neg/f4_n
eg_156.tex [4690] [4691] [4692])
(/home/eyamrog/PycharmProjects/cl_st1_anna/cl_st1_ph2_anna/examples/f4_neg/f4_n
eg_157.tex [4693])
(/home/eyamrog/PycharmProjects/cl_st1_anna/cl_st1_ph2_anna/examples/f4_neg/f4_n
eg_158.tex [4694] [4695])
(/home/eyamrog/PycharmProjects/cl_st1_anna/cl_st1_ph2_anna/examples/f4_neg/f4_n
eg_159.tex)
(/home/eyamrog/PycharmProjects/cl_st1_anna/cl_st1_ph2_anna/examples/f4_neg/f4_n
eg_160.tex [4696] [4697])
(/home/eyamrog/PycharmProjects/cl_st1_anna/cl_st1_ph2_anna/examples/f4_neg/f4_n
eg_161.tex [4698])
(/home/eyamrog/PycharmProjects/cl_st1_anna/cl_st1_ph2_anna/examples/f4_neg/f4_n
eg_162.tex [4699])
(/home/eyamrog/PycharmProjects/cl_st1_anna/cl_st1_ph2_anna/examples/f4_neg/f4_n
eg_163.tex [4700])
(/home/eyamrog/PycharmProjects/cl_st1_anna/cl_st1_ph2_anna/examples/f4_neg/f4_n
eg_164.tex
Overfull \hbox (2.40894pt too wide) in paragraph at lines 1--23
\TU/DejaVuSerif(0)/m/n/10 Text Sam-ple 2124: NEG Dim 4 – es – Score -2.00 
– es/es_ef_anos_ini-ci-ais_matem-
 []

[4701] [4702])
(/home/eyamrog/PycharmProjects/cl_st1_anna/cl_st1_ph2_anna/examples/f4_neg/f4_n
eg_165.tex [4703])
(/home/eyamrog/PycharmProjects/cl_st1_anna/cl_st1_ph2_anna/examples/f4_neg/f4_n
eg_166.tex [4704])
(/home/eyamrog/PycharmProjects/cl_st1_anna/cl_st1_ph2_anna/examples/f4_neg/f4_n
eg_167.tex)
(/home/eyamrog/PycharmProjects/cl_st1_anna/cl_st1_ph2_anna/examples/f4_neg/f4_n
eg_168.tex [4705] [4706])
(/home/eyamrog/PycharmProjects/cl_st1_anna/cl_st1_ph2_anna/examples/f4_neg/f4_n
eg_169.tex [4707])
(/home/eyamrog/PycharmProjects/cl_st1_anna/cl_st1_ph2_anna/examples/f4_neg/f4_n
eg_170.tex [4708] [4709])
(/home/eyamrog/PycharmProjects/cl_st1_anna/cl_st1_ph2_anna/examples/f4_neg/f4_n
eg_171.tex [4710])
(/home/eyamrog/PycharmProjects/cl_st1_anna/cl_st1_ph2_anna/examples/f4_neg/f4_n
eg_172.tex [4711] [4712])
(/home/eyamrog/PycharmProjects/cl_st1_anna/cl_st1_ph2_anna/examples/f4_neg/f4_n
eg_173.tex [4713] [4714])
(/home/eyamrog/PycharmProjects/cl_st1_anna/cl_st1_ph2_anna/examples/f4_neg/f4_n
eg_174.tex [4715])
(/home/eyamrog/PycharmProjects/cl_st1_anna/cl_st1_ph2_anna/examples/f4_neg/f4_n
eg_175.tex [4716])
(/home/eyamrog/PycharmProjects/cl_st1_anna/cl_st1_ph2_anna/examples/f4_neg/f4_n
eg_176.tex
Missing character: There is no ° (U+00B0) in font nullfont!
Missing character: There is no ° (U+00B0) in font nullfont!
[4717] [4718])
(/home/eyamrog/PycharmProjects/cl_st1_anna/cl_st1_ph2_anna/examples/f4_neg/f4_n
eg_177.tex [4719
Missing character: There is no ° (U+00B0) in font nullfont!
] [4720])
(/home/eyamrog/PycharmProjects/cl_st1_anna/cl_st1_ph2_anna/examples/f4_neg/f4_n
eg_178.tex [4721] [4722])
(/home/eyamrog/PycharmProjects/cl_st1_anna/cl_st1_ph2_anna/examples/f4_neg/f4_n
eg_179.tex [4723])
(/home/eyamrog/PycharmProjects/cl_st1_anna/cl_st1_ph2_anna/examples/f4_neg/f4_n
eg_180.tex [4724])
(/home/eyamrog/PycharmProjects/cl_st1_anna/cl_st1_ph2_anna/examples/f4_neg/f4_n
eg_181.tex [4725])
(/home/eyamrog/PycharmProjects/cl_st1_anna/cl_st1_ph2_anna/examples/f4_neg/f4_n
eg_182.tex [4726] [4727])
(/home/eyamrog/PycharmProjects/cl_st1_anna/cl_st1_ph2_anna/examples/f4_neg/f4_n
eg_183.tex [4728])
(/home/eyamrog/PycharmProjects/cl_st1_anna/cl_st1_ph2_anna/examples/f4_neg/f4_n
eg_184.tex [4729])
(/home/eyamrog/PycharmProjects/cl_st1_anna/cl_st1_ph2_anna/examples/f4_neg/f4_n
eg_185.tex [4730] [4731] [4732])
(/home/eyamrog/PycharmProjects/cl_st1_anna/cl_st1_ph2_anna/examples/f4_neg/f4_n
eg_186.tex [4733] [4734])
(/home/eyamrog/PycharmProjects/cl_st1_anna/cl_st1_ph2_anna/examples/f4_neg/f4_n
eg_187.tex [4735] [4736])
(/home/eyamrog/PycharmProjects/cl_st1_anna/cl_st1_ph2_anna/examples/f4_neg/f4_n
eg_188.tex [4737])
(/home/eyamrog/PycharmProjects/cl_st1_anna/cl_st1_ph2_anna/examples/f4_neg/f4_n
eg_189.tex [4738] [4739])
(/home/eyamrog/PycharmProjects/cl_st1_anna/cl_st1_ph2_anna/examples/f4_neg/f4_n
eg_190.tex [4740])
(/home/eyamrog/PycharmProjects/cl_st1_anna/cl_st1_ph2_anna/examples/f4_neg/f4_n
eg_191.tex [4741])
(/home/eyamrog/PycharmProjects/cl_st1_anna/cl_st1_ph2_anna/examples/f4_neg/f4_n
eg_192.tex [4742])
(/home/eyamrog/PycharmProjects/cl_st1_anna/cl_st1_ph2_anna/examples/f4_neg/f4_n
eg_193.tex [4743])
(/home/eyamrog/PycharmProjects/cl_st1_anna/cl_st1_ph2_anna/examples/f4_neg/f4_n
eg_194.tex [4744])
(/home/eyamrog/PycharmProjects/cl_st1_anna/cl_st1_ph2_anna/examples/f4_neg/f4_n
eg_195.tex [4745] [4746] [4747])
(/home/eyamrog/PycharmProjects/cl_st1_anna/cl_st1_ph2_anna/examples/f4_neg/f4_n
eg_196.tex
Overfull \hbox (4.71907pt too wide) in paragraph at lines 1--35
\TU/DejaVuSerif(0)/m/n/10 ciso con-sid-erar as condições ob-je-ti-vas e sub-je
-ti-vas dos in-di-ví-duos, que abrangem
 []


Overfull \hbox (10.86897pt too wide) in paragraph at lines 1--35
\TU/DejaVuSerif(0)/m/n/10 cadores : es-tu-dos so-cioe-conômi-cos, plane-ja-ment
o de de-sen-volvi-mento econômico
 []


Overfull \hbox (7.44566pt too wide) in paragraph at lines 1--35
\TU/DejaVuSerif(0)/m/n/10 cais. - IN-FRAESTRU-TURA - RE-CUR-SOS HU-MANOS - PO-TE
N-CIAL ECONÔMICO
 []

[4748] [4749] [4750])
(/home/eyamrog/PycharmProjects/cl_st1_anna/cl_st1_ph2_anna/examples/f4_neg/f4_n
eg_197.tex [4751] [4752])
(/home/eyamrog/PycharmProjects/cl_st1_anna/cl_st1_ph2_anna/examples/f4_neg/f4_n
eg_198.tex [4753])
(/home/eyamrog/PycharmProjects/cl_st1_anna/cl_st1_ph2_anna/examples/f4_neg/f4_n
eg_199.tex [4754] [4755] [4756])
(/home/eyamrog/PycharmProjects/cl_st1_anna/cl_st1_ph2_anna/examples/f4_neg/f4_n
eg_200.tex [4757])
(/home/eyamrog/PycharmProjects/cl_st1_anna/cl_st1_ph2_anna/examples/f4_neg/f4_n
eg_201.tex [4758] [4759])
(/home/eyamrog/PycharmProjects/cl_st1_anna/cl_st1_ph2_anna/examples/f4_neg/f4_n
eg_202.tex [4760] [4761] [4762] [4763])
(/home/eyamrog/PycharmProjects/cl_st1_anna/cl_st1_ph2_anna/examples/f4_neg/f4_n
eg_203.tex)
(/home/eyamrog/PycharmProjects/cl_st1_anna/cl_st1_ph2_anna/examples/f4_neg/f4_n
eg_204.tex [4764] [4765])
(/home/eyamrog/PycharmProjects/cl_st1_anna/cl_st1_ph2_anna/examples/f4_neg/f4_n
eg_205.tex [4766] [4767])
(/home/eyamrog/PycharmProjects/cl_st1_anna/cl_st1_ph2_anna/examples/f4_neg/f4_n
eg_206.tex [4768] [4769])
(/home/eyamrog/PycharmProjects/cl_st1_anna/cl_st1_ph2_anna/examples/f4_neg/f4_n
eg_207.tex [4770])
(/home/eyamrog/PycharmProjects/cl_st1_anna/cl_st1_ph2_anna/examples/f4_neg/f4_n
eg_208.tex [4771] [4772] [4773])
(/home/eyamrog/PycharmProjects/cl_st1_anna/cl_st1_ph2_anna/examples/f4_neg/f4_n
eg_209.tex [4774])
(/home/eyamrog/PycharmProjects/cl_st1_anna/cl_st1_ph2_anna/examples/f4_neg/f4_n
eg_210.tex [4775] [4776])
(/home/eyamrog/PycharmProjects/cl_st1_anna/cl_st1_ph2_anna/examples/f4_neg/f4_n
eg_211.tex [4777] [4778] [4779] [4780])
(/home/eyamrog/PycharmProjects/cl_st1_anna/cl_st1_ph2_anna/examples/f4_neg/f4_n
eg_212.tex [4781] [4782] [4783] [4784])
(/home/eyamrog/PycharmProjects/cl_st1_anna/cl_st1_ph2_anna/examples/f4_neg/f4_n
eg_213.tex [4785] [4786] [4787] [4788] [4789] [4790])
(/home/eyamrog/PycharmProjects/cl_st1_anna/cl_st1_ph2_anna/examples/f4_neg/f4_n
eg_214.tex [4791] [4792])
(/home/eyamrog/PycharmProjects/cl_st1_anna/cl_st1_ph2_anna/examples/f4_neg/f4_n
eg_215.tex [4793])
(/home/eyamrog/PycharmProjects/cl_st1_anna/cl_st1_ph2_anna/examples/f4_neg/f4_n
eg_216.tex [4794] [4795] [4796])
(/home/eyamrog/PycharmProjects/cl_st1_anna/cl_st1_ph2_anna/examples/f4_neg/f4_n
eg_217.tex [4797])
(/home/eyamrog/PycharmProjects/cl_st1_anna/cl_st1_ph2_anna/examples/f4_neg/f4_n
eg_218.tex
Missing character: There is no ° (U+00B0) in font nullfont!
Missing character: There is no ° (U+00B0) in font nullfont!
[4798] [4799] [4800
Missing character: There is no ° (U+00B0) in font nullfont!
] [4801] [4802])
(/home/eyamrog/PycharmProjects/cl_st1_anna/cl_st1_ph2_anna/examples/f4_neg/f4_n
eg_219.tex [4803])
(/home/eyamrog/PycharmProjects/cl_st1_anna/cl_st1_ph2_anna/examples/f4_neg/f4_n
eg_220.tex
Missing character: There is no ° (U+00B0) in font nullfont!
Missing character: There is no ° (U+00B0) in font nullfont!
Missing character: There is no ° (U+00B0) in font nullfont!
Missing character: There is no ° (U+00B0) in font nullfont!
Missing character: There is no ° (U+00B0) in font nullfont!
Missing character: There is no ° (U+00B0) in font nullfont!
[4804] [4805
Missing character: There is no ° (U+00B0) in font nullfont!
Missing character: There is no ° (U+00B0) in font nullfont!
Missing character: There is no ° (U+00B0) in font nullfont!
])
(/home/eyamrog/PycharmProjects/cl_st1_anna/cl_st1_ph2_anna/examples/f4_neg/f4_n
eg_221.tex [4806] [4807])
(/home/eyamrog/PycharmProjects/cl_st1_anna/cl_st1_ph2_anna/examples/f4_neg/f4_n
eg_222.tex [4808] [4809])
(/home/eyamrog/PycharmProjects/cl_st1_anna/cl_st1_ph2_anna/examples/f4_neg/f4_n
eg_223.tex [4810])
(/home/eyamrog/PycharmProjects/cl_st1_anna/cl_st1_ph2_anna/examples/f4_neg/f4_n
eg_224.tex
Overfull \hbox (4.43297pt too wide) in paragraph at lines 1--22
[]  \TU/DejaVuSerif(0)/m/n/10 2. CUR-RÍCULO 2.1 PRINCÍ-PIOS FILOSÓ-FI-COS, SO
-CI-OLÓGI-COS E PEDAGÓGI-
 []

[4811] [4812])
(/home/eyamrog/PycharmProjects/cl_st1_anna/cl_st1_ph2_anna/examples/f4_neg/f4_n
eg_225.tex
Overfull \hbox (5.07845pt too wide) in paragraph at lines 1--13
\TU/DejaVuSerif(0)/m/n/10 relevân-cia na ed-u-cação in-fan-til e está in-teg
rada ao campo de ex-per-iên-cia Gestos,
 []

[4813])
(/home/eyamrog/PycharmProjects/cl_st1_anna/cl_st1_ph2_anna/examples/f4_neg/f4_n
eg_226.tex
Overfull \hbox (1.97005pt too wide) in paragraph at lines 1--39
\TU/DejaVuSerif(0)/m/n/10 per-iên-cias vivi-das neste es-paço, avaliar e plane
-jar as ações e ativi-dades próprias
 []

[4814] [4815])
(/home/eyamrog/PycharmProjects/cl_st1_anna/cl_st1_ph2_anna/examples/f4_neg/f4_n
eg_227.tex)
(/home/eyamrog/PycharmProjects/cl_st1_anna/cl_st1_ph2_anna/examples/f4_neg/f4_n
eg_228.tex [4816])
(/home/eyamrog/PycharmProjects/cl_st1_anna/cl_st1_ph2_anna/examples/f4_neg/f4_n
eg_229.tex [4817])
(/home/eyamrog/PycharmProjects/cl_st1_anna/cl_st1_ph2_anna/examples/f4_neg/f4_n
eg_230.tex [4818])
(/home/eyamrog/PycharmProjects/cl_st1_anna/cl_st1_ph2_anna/examples/f4_neg/f4_n
eg_231.tex [4819] [4820])
(/home/eyamrog/PycharmProjects/cl_st1_anna/cl_st1_ph2_anna/examples/f4_neg/f4_n
eg_232.tex
Overfull \hbox (9.46925pt too wide) in paragraph at lines 1--13
[]  \TU/DejaVuSerif(0)/m/n/10 5. AR-QUITE-TURA CUR-RIC-U-LAR As al-ter-ações 
in-tro-duzi-das na Lei nº 9.394/1996
 []


Overfull \hbox (0.174pt too wide) in paragraph at lines 1--13
\TU/DejaVuSerif(0)/m/n/10 ( Lei de Di-re-trizes e Bases da Ed-u-cação Na-ciona
l - LDB ) pela Lei nº 13.415/2017
 []

)
(/home/eyamrog/PycharmProjects/cl_st1_anna/cl_st1_ph2_anna/examples/f4_neg/f4_n
eg_233.tex [4821] [4822] [4823] [4824])
(/home/eyamrog/PycharmProjects/cl_st1_anna/cl_st1_ph2_anna/examples/f4_neg/f4_n
eg_234.tex)
(/home/eyamrog/PycharmProjects/cl_st1_anna/cl_st1_ph2_anna/examples/f4_neg/f4_n
eg_235.tex [4825] [4826])
(/home/eyamrog/PycharmProjects/cl_st1_anna/cl_st1_ph2_anna/examples/f4_neg/f4_n
eg_236.tex
Overfull \hbox (4.62779pt too wide) in paragraph at lines 1--6
[]  \TU/DejaVuSerif(0)/m/n/10 IN-STRU-MEN-TOS E PRO-CED-I-MEN-TOS DE AVALI-AÇ
ÃO Pro-ced-i-men-tos - A avali-
 []


Overfull \hbox (5.50652pt too wide) in paragraph at lines 1--6
\TU/DejaVuSerif(0)/m/n/10 nidade para a \TU/DejaVuSerif(0)/b/n/10 au-toavali-a
ção \TU/DejaVuSerif(0)/m/n/10 e con-sciên-cia do que foi apren-dido. - Con-si
derando
 []


Overfull \hbox (2.10774pt too wide) in paragraph at lines 1--6
\TU/DejaVuSerif(0)/m/n/10 dades práti-cas, in-di-vid-u-ais e em equipe, ro-das de con-versa, de-bates, dis-cuss
ões,
 []

[4827])
(/home/eyamrog/PycharmProjects/cl_st1_anna/cl_st1_ph2_anna/examples/f4_neg/f4_n
eg_237.tex [4828])
(/home/eyamrog/PycharmProjects/cl_st1_anna/cl_st1_ph2_anna/examples/f4_neg/f4_n
eg_238.tex)
(/home/eyamrog/PycharmProjects/cl_st1_anna/cl_st1_ph2_anna/examples/f4_neg/f4_n
eg_239.tex [4829] [4830])
(/home/eyamrog/PycharmProjects/cl_st1_anna/cl_st1_ph2_anna/examples/f4_neg/f4_n
eg_240.tex [4831] [4832])
(/home/eyamrog/PycharmProjects/cl_st1_anna/cl_st1_ph2_anna/examples/f4_neg/f4_n
eg_241.tex [4833])
(/home/eyamrog/PycharmProjects/cl_st1_anna/cl_st1_ph2_anna/examples/f4_neg/f4_n
eg_242.tex [4834] [4835] [4836] [4837] [4838])
(/home/eyamrog/PycharmProjects/cl_st1_anna/cl_st1_ph2_anna/examples/f4_neg/f4_n
eg_243.tex
Overfull \hbox (13.9261pt too wide) in paragraph at lines 1--61
[]  \TU/DejaVuSerif(0)/m/n/10 3.1.3 Avali-ação da Apren-diza-gem Com base nos pres-su-pos-tos te
óri-cos norteadores
 []

[4839] [4840] [4841])
(/home/eyamrog/PycharmProjects/cl_st1_anna/cl_st1_ph2_anna/examples/f4_neg/f4_n
eg_244.tex [4842] [4843] [4844])
(/home/eyamrog/PycharmProjects/cl_st1_anna/cl_st1_ph2_anna/examples/f4_neg/f4_n
eg_245.tex [4845] [4846] [4847])
(/home/eyamrog/PycharmProjects/cl_st1_anna/cl_st1_ph2_anna/examples/f4_neg/f4_n
eg_246.tex [4848] [4849])
(/home/eyamrog/PycharmProjects/cl_st1_anna/cl_st1_ph2_anna/examples/f4_neg/f4_n
eg_247.tex
Missing character: There is no ° (U+00B0) in font nullfont!
Missing character: There is no ° (U+00B0) in font nullfont!
[4850
Missing character: There is no ° (U+00B0) in font nullfont!
] [4851])
(/home/eyamrog/PycharmProjects/cl_st1_anna/cl_st1_ph2_anna/examples/f4_neg/f4_n
eg_248.tex [4852])
(/home/eyamrog/PycharmProjects/cl_st1_anna/cl_st1_ph2_anna/examples/f4_neg/f4_n
eg_249.tex [4853] [4854])
(/home/eyamrog/PycharmProjects/cl_st1_anna/cl_st1_ph2_anna/examples/f4_neg/f4_n
eg_250.tex [4855])
(/home/eyamrog/PycharmProjects/cl_st1_anna/cl_st1_ph2_anna/examples/f4_neg/f4_n
eg_251.tex [4856] [4857])
(/home/eyamrog/PycharmProjects/cl_st1_anna/cl_st1_ph2_anna/examples/f4_neg/f4_n
eg_252.tex
Overfull \hbox (19.07881pt too wide) in paragraph at lines 1--37
[]  \TU/DejaVuSerif(0)/m/n/10 6.2 OFERTA DE ITIN-ERÁRIOS FOR-MA-TIVOS DE FOR-MA
ÇÃO TÉC-NICA E PROFIS-
 []

[4858] [4859])
(/home/eyamrog/PycharmProjects/cl_st1_anna/cl_st1_ph2_anna/examples/f4_neg/f4_n
eg_253.tex [4860] [4861] [4862] [4863] [4864] [4865] [4866] [4867] [4868]
[4869])
(/home/eyamrog/PycharmProjects/cl_st1_anna/cl_st1_ph2_anna/examples/f4_neg/f4_n
eg_254.tex [4870] [4871])
(/home/eyamrog/PycharmProjects/cl_st1_anna/cl_st1_ph2_anna/examples/f4_neg/f4_n
eg_255.tex [4872] [4873])
(/home/eyamrog/PycharmProjects/cl_st1_anna/cl_st1_ph2_anna/examples/f4_neg/f4_n
eg_256.tex
Overfull \hbox (2.9759pt too wide) in paragraph at lines 1--18
[]  \TU/DejaVuSerif(0)/m/n/10 Os eixos es-tru-tu-rantes pos-suem grande relev
ân-cia, posto que cumprem a função
 []

[4874])
(/home/eyamrog/PycharmProjects/cl_st1_anna/cl_st1_ph2_anna/examples/f4_neg/f4_n
eg_257.tex [4875] [4876])
(/home/eyamrog/PycharmProjects/cl_st1_anna/cl_st1_ph2_anna/examples/f4_neg/f4_n
eg_258.tex [4877] [4878] [4879] [4880])
(/home/eyamrog/PycharmProjects/cl_st1_anna/cl_st1_ph2_anna/examples/f4_neg/f4_n
eg_259.tex [4881])
(/home/eyamrog/PycharmProjects/cl_st1_anna/cl_st1_ph2_anna/examples/f4_neg/f4_n
eg_260.tex [4882] [4883] [4884] [4885] [4886] [4887])
(/home/eyamrog/PycharmProjects/cl_st1_anna/cl_st1_ph2_anna/examples/f4_neg/f4_n
eg_261.tex [4888] [4889])
(/home/eyamrog/PycharmProjects/cl_st1_anna/cl_st1_ph2_anna/examples/f4_neg/f4_n
eg_262.tex [4890])
(/home/eyamrog/PycharmProjects/cl_st1_anna/cl_st1_ph2_anna/examples/f4_neg/f4_n
eg_263.tex [4891] [4892])
(/home/eyamrog/PycharmProjects/cl_st1_anna/cl_st1_ph2_anna/examples/f4_neg/f4_n
eg_264.tex
Overfull \hbox (27.1556pt too wide) in paragraph at lines 1--38
\TU/DejaVuSerif(0)/m/n/10 políti-cas públi-cas, pau-tado nos princí-pios da 
de-scen-tral-iza-ção político-administrativa
 []

[4893] [4894])
(/home/eyamrog/PycharmProjects/cl_st1_anna/cl_st1_ph2_anna/examples/f4_neg/f4_n
eg_265.tex
Overfull \hbox (19.77278pt too wide) in paragraph at lines 1--20
\TU/DejaVuSerif(0)/m/n/10 metodológica ( quadro-síntese, de-scrição dos pro-
ced-i-men-tos teórico-metodológicos
 []

[4895] [4896])
(/home/eyamrog/PycharmProjects/cl_st1_anna/cl_st1_ph2_anna/examples/f4_neg/f4_n
eg_266.tex [4897] [4898])
(/home/eyamrog/PycharmProjects/cl_st1_anna/cl_st1_ph2_anna/examples/f4_neg/f4_n
eg_267.tex
Overfull \hbox (4.597pt too wide) in paragraph at lines 1--21
\TU/DejaVuSerif(0)/m/n/10 Fun-da-men-tal são eta-pas da Ed-u-cação Básica qu
e ap-re-sen-tam fi-nal-i-dades, princí-
 []

[4899] [4900])
(/home/eyamrog/PycharmProjects/cl_st1_anna/cl_st1_ph2_anna/examples/f4_neg/f4_n
eg_268.tex
Overfull \hbox (0.22005pt too wide) in paragraph at lines 1--23
\TU/DejaVuSerif(0)/m/n/10 da ed-u-cação básica ap-re-senta uma vari-ação do
s de-mais níveis de en-sino quando
 []

[4901])
(/home/eyamrog/PycharmProjects/cl_st1_anna/cl_st1_ph2_anna/examples/f4_neg/f4_n
eg_269.tex [4902] [4903] [4904])
(/home/eyamrog/PycharmProjects/cl_st1_anna/cl_st1_ph2_anna/examples/f4_neg/f4_n
eg_270.tex)
(/home/eyamrog/PycharmProjects/cl_st1_anna/cl_st1_ph2_anna/examples/f4_neg/f4_n
eg_271.tex [4905] [4906])
(/home/eyamrog/PycharmProjects/cl_st1_anna/cl_st1_ph2_anna/examples/f4_neg/f4_n
eg_272.tex [4907])
(/home/eyamrog/PycharmProjects/cl_st1_anna/cl_st1_ph2_anna/examples/f4_neg/f4_n
eg_273.tex [4908])
(/home/eyamrog/PycharmProjects/cl_st1_anna/cl_st1_ph2_anna/examples/f4_neg/f4_n
eg_274.tex [4909])
(/home/eyamrog/PycharmProjects/cl_st1_anna/cl_st1_ph2_anna/examples/f4_neg/f4_n
eg_275.tex [4910] [4911] [4912])
(/home/eyamrog/PycharmProjects/cl_st1_anna/cl_st1_ph2_anna/examples/f4_neg/f4_n
eg_276.tex [4913])
(/home/eyamrog/PycharmProjects/cl_st1_anna/cl_st1_ph2_anna/examples/f4_neg/f4_n
eg_277.tex)
(/home/eyamrog/PycharmProjects/cl_st1_anna/cl_st1_ph2_anna/examples/f4_neg/f4_n
eg_278.tex
Overfull \hbox (6.50662pt too wide) in paragraph at lines 1--20
[]  \TU/DejaVuSerif(0)/m/n/10 COM-PO-NENTE CUR-RIC-U-LAR ARTE E O DE-SEN-VOLVI-M
ENTO DE COM-PETÊN-
 []


Overfull \hbox (4.63966pt too wide) in paragraph at lines 1--20
\TU/DejaVuSerif(0)/m/n/10 CIAS COG-NI-TI-VAS E SO-CIOE-MO-CIONAIS Re-con-hecer 
que o pro-cesso de apren-
 []

[4914] [4915])
(/home/eyamrog/PycharmProjects/cl_st1_anna/cl_st1_ph2_anna/examples/f4_neg/f4_n
eg_279.tex
Overfull \hbox (17.11353pt too wide) in paragraph at lines 1--15
[]  \TU/DejaVuSerif(0)/m/n/10 O Eixo da Análise Lin-guís-tica/Semiótica busca
 con-sid-erar as es-traté-gias (meta)cog-
 []

[4916])
(/home/eyamrog/PycharmProjects/cl_st1_anna/cl_st1_ph2_anna/examples/f4_neg/f4_n
eg_280.tex [4917] [4918] [4919])
(/home/eyamrog/PycharmProjects/cl_st1_anna/cl_st1_ph2_anna/examples/f5_pos/f5_p
os_001.tex [4920] [4921] [4922])
(/home/eyamrog/PycharmProjects/cl_st1_anna/cl_st1_ph2_anna/examples/f5_pos/f5_p
os_002.tex
Missing character: There is no ° (U+00B0) in font nullfont!
Missing character: There is no ° (U+00B0) in font nullfont!
Missing character: There is no ° (U+00B0) in font nullfont!
Missing character: There is no ° (U+00B0) in font nullfont!
[4923] [4924
Missing character: There is no ° (U+00B0) in font nullfont!
Missing character: There is no ° (U+00B0) in font nullfont!
])
(/home/eyamrog/PycharmProjects/cl_st1_anna/cl_st1_ph2_anna/examples/f5_pos/f5_p
os_003.tex
Missing character: There is no ° (U+00B0) in font nullfont!
Missing character: There is no ° (U+00B0) in font nullfont!
Missing character: There is no ° (U+00B0) in font nullfont!
Missing character: There is no ° (U+00B0) in font nullfont!
Missing character: There is no ° (U+00B0) in font nullfont!
Missing character: There is no ° (U+00B0) in font nullfont!
Missing character: There is no ° (U+00B0) in font nullfont!
Missing character: There is no ° (U+00B0) in font nullfont!
[4925] [4926
Missing character: There is no ° (U+00B0) in font nullfont!
Missing character: There is no ° (U+00B0) in font nullfont!
Missing character: There is no ° (U+00B0) in font nullfont!
Missing character: There is no ° (U+00B0) in font nullfont!
])
(/home/eyamrog/PycharmProjects/cl_st1_anna/cl_st1_ph2_anna/examples/f5_pos/f5_p
os_004.tex [4927] [4928] [4929] [4930] [4931] [4932] [4933])
(/home/eyamrog/PycharmProjects/cl_st1_anna/cl_st1_ph2_anna/examples/f5_pos/f5_p
os_005.tex [4934])
(/home/eyamrog/PycharmProjects/cl_st1_anna/cl_st1_ph2_anna/examples/f5_pos/f5_p
os_006.tex
Overfull \hbox (1.80064pt too wide) in paragraph at lines 1--26
[]  \TU/DejaVuSerif(0)/m/n/10 QUADRO CUR-RIC-U-LAR DO COM-PO-NENTE LÍN-GUA POR-
TUGUESA No quadro
 []

[4935])
(/home/eyamrog/PycharmProjects/cl_st1_anna/cl_st1_ph2_anna/examples/f5_pos/f5_p
os_007.tex [4936])
(/home/eyamrog/PycharmProjects/cl_st1_anna/cl_st1_ph2_anna/examples/f5_pos/f5_p
os_008.tex [4937])
(/home/eyamrog/PycharmProjects/cl_st1_anna/cl_st1_ph2_anna/examples/f5_pos/f5_p
os_009.tex [4938] [4939] [4940])
(/home/eyamrog/PycharmProjects/cl_st1_anna/cl_st1_ph2_anna/examples/f5_pos/f5_p
os_010.tex [4941] [4942] [4943] [4944] [4945] [4946] [4947] [4948])
(/home/eyamrog/PycharmProjects/cl_st1_anna/cl_st1_ph2_anna/examples/f5_pos/f5_p
os_011.tex [4949] [4950] [4951] [4952])
(/home/eyamrog/PycharmProjects/cl_st1_anna/cl_st1_ph2_anna/examples/f5_pos/f5_p
os_012.tex
Overfull \hbox (10.92636pt too wide) in paragraph at lines 1--56
\TU/DejaVuSerif(0)/m/n/10 como me-dida, naquela unidade, com-pri-mento, área. 
A unidade temática Números
 []

[4953] [4954] [4955])
(/home/eyamrog/PycharmProjects/cl_st1_anna/cl_st1_ph2_anna/examples/f5_pos/f5_p
os_013.tex [4956])
(/home/eyamrog/PycharmProjects/cl_st1_anna/cl_st1_ph2_anna/examples/f5_pos/f5_p
os_014.tex [4957] [4958] [4959] [4960])
(/home/eyamrog/PycharmProjects/cl_st1_anna/cl_st1_ph2_anna/examples/f5_pos/f5_p
os_015.tex [4961] [4962])
(/home/eyamrog/PycharmProjects/cl_st1_anna/cl_st1_ph2_anna/examples/f5_pos/f5_p
os_016.tex
Overfull \hbox (2.82942pt too wide) in paragraph at lines 1--43
\TU/DejaVuSerif(0)/m/n/10 Jean Paul Sartre Con-forme a Base Na-cional Co-mum Cur
-ric-u-lar, os dois primeiros
 []

[4963] [4964] [4965])
(/home/eyamrog/PycharmProjects/cl_st1_anna/cl_st1_ph2_anna/examples/f5_pos/f5_p
os_017.tex [4966] [4967])
(/home/eyamrog/PycharmProjects/cl_st1_anna/cl_st1_ph2_anna/examples/f5_pos/f5_p
os_018.tex
Overfull \hbox (19.08626pt too wide) in paragraph at lines 1--17
\TU/DejaVuSerif(0)/m/n/10 próprio com-po-nente cur-ric-u-lar Matemática, in-tr
a-matemática, outra da Matemática
 []


Overfull \hbox (2.04524pt too wide) in paragraph at lines 1--17
\TU/DejaVuSerif(0)/m/n/10 com os de-mais com-po-nentes, en-tre com-po-nentes, e a ar-tic-u-la
ção da Matemática
 []

[4968])
(/home/eyamrog/PycharmProjects/cl_st1_anna/cl_st1_ph2_anna/examples/f5_pos/f5_p
os_019.tex [4969])
(/home/eyamrog/PycharmProjects/cl_st1_anna/cl_st1_ph2_anna/examples/f5_pos/f5_p
os_020.tex [4970] [4971] [4972])
(/home/eyamrog/PycharmProjects/cl_st1_anna/cl_st1_ph2_anna/examples/f5_pos/f5_p
os_021.tex
Overfull \hbox (5.5944pt too wide) in paragraph at lines 1--320
\TU/DejaVuSerif(0)/m/n/10 scola.uol.com.br/cu-riosi-dades/o-que-sao-fake-news.ht
m. Acesso em 08/07/2019.
 []


Overfull \hbox (22.99675pt too wide) in paragraph at lines 1--320
\TU/DejaVuSerif(0)/m/n/10 http://www.in-ter-com.org.br/pa-pers/na-cionais/2009/r
e-sumos/R4-0863-1.pdf. Acesso
 []


Overfull \hbox (6.45784pt too wide) in paragraph at lines 1--320
\TU/DejaVuSerif(0)/b/n/10 gens \TU/DejaVuSerif(0)/m/n/10 ( mul-ti-midiática ) 
Fo-tor-re-porta-gens : \TU/DejaVuSerif(0)/b/n/10 re-portagem \TU/DejaVuSerif(0)
/m/n/10 essen-cial-mente baseada
 []


Overfull \hbox (4.6906pt too wide) in paragraph at lines 1--320
\TU/DejaVuSerif(0)/m/n/10 em fo-tografias, acom-pan-hadas de pe-que-nas leg-en-d
as. Disponível em : https://di-
 []


Overfull \hbox (5.42677pt too wide) in paragraph at lines 1--320
\TU/DejaVuSerif(0)/m/n/10 cionario.prib-eram.org/fo-tor-re-portagem. Acesso em 
08/07/2019. Foto-denúncias
 []


Overfull \hbox (106.40446pt too wide) in paragraph at lines 1--320
\TU/DejaVuSerif(0)/m/n/10 como se diz, vale mais que mil palavras. Disponível 
em : https://brainly.com.br/tarefa/21518958read-
 []


Overfull \hbox (10.67741pt too wide) in paragraph at lines 1--320
\TU/DejaVuSerif(0)/m/n/10 lade-jo-gos.com.br/single-post/2016/06/27/3-Gameplay-O
-que-é-Gameplay. Acesso
 []


Overfull \hbox (10.07845pt too wide) in paragraph at lines 1--320
\TU/DejaVuSerif(0)/b/n/10 mul-ti-ssemióti-cos \TU/DejaVuSerif(0)/m/n/10 Gênero
s \TU/DejaVuSerif(0)/b/n/10 mul-ti-ssemióti-cos \TU/DejaVuSerif(0)/m/n/10 são g
êneros com-pos-tos por várias
 []


Overfull \hbox (16.06966pt too wide) in paragraph at lines 1--320
\TU/DejaVuSerif(0)/m/n/10 doo-fu-turo.org.br/for-ma-cao/pergunte-a-olimpia/178/d
iferencas-e-aplicacoes-entre-
 []


Overfull \hbox (40.2046pt too wide) in paragraph at lines 1--320
\TU/DejaVuSerif(0)/m/n/10 multissemiotico-e-multimidiatico. Acesso em 05/07/2019
. Disponível em : https://ciber-
 []


Overfull \hbox (29.09212pt too wide) in paragraph at lines 1--320
\TU/DejaVuSerif(0)/m/n/10 https://www.es-creven-doo-fu-turo.org.br/for-ma-cao/pe
rgunte-a-olimpia/178/diferencas-
 []


Overfull \hbox (9.91896pt too wide) in paragraph at lines 1--320
\TU/DejaVuSerif(0)/m/n/10 e-aplicacoes-entre-multissemiotico-e-multimidiatico. 
Acesso em 08/07/2019. GIF
 []


Overfull \hbox (0.6009pt too wide) in paragraph at lines 1--320
\TU/DejaVuSerif(0)/m/n/10 https://www.tec-mundo.com.br/cu-riosi-dade/4204-machin
ima-quando-o-cenario-
 []


Overfull \hbox (13.96355pt too wide) in paragraph at lines 1--320
\TU/DejaVuSerif(0)/m/n/10 http://www.co-mu-niqueiro.com/di-cionario/mancha-grafi
ca. Acesso em 08/07/2019.
 []


Overfull \hbox (5.07439pt too wide) in paragraph at lines 1--320
\TU/DejaVuSerif(0)/m/n/10 Disponível em : https://www.sig-nifi-ca-dos.com.br/me
me/. Acesso em 08/07/2019.
 []


Overfull \hbox (77.20818pt too wide) in paragraph at lines 1--320
\TU/DejaVuSerif(0)/m/n/10 amanhã. Disponível em : https://www.di-cionar-i-oin-
for-mal.com.br/modal-iza%C3%A7%C3%A3o/
 []


Overfull \hbox (14.79524pt too wide) in paragraph at lines 1--320
\TU/DejaVuSerif(0)/m/n/10 fice.com/pt-br/ar-ti-cle/o-que-%C3%A9-um-slide-mestre-
b9abb2a0-7aef-4257-a14e-
 []


Overfull \hbox (21.55794pt too wide) in paragraph at lines 1--320
\TU/DejaVuSerif(0)/m/n/10 cao.es-tadao.com.br/blogs/blog-dos-colegios-santa-mari
a/tdic-no-cotidiano-escolar/.
 []


Overfull \hbox (25.5944pt too wide) in paragraph at lines 1--320
\TU/DejaVuSerif(0)/m/n/10 tuguescereja.ed-i-torasaraiva.com.br/textos-multimodai
s-leitura-e-producao/. Acesso
 []

[4973] [4974] [4975] [4976] [4977] [4978] [4979] [4980] [4981])
(/home/eyamrog/PycharmProjects/cl_st1_anna/cl_st1_ph2_anna/examples/f5_pos/f5_p
os_022.tex
Overfull \hbox (3.57649pt too wide) in paragraph at lines 1--137
\TU/DejaVuSerif(0)/m/n/10 hos-feitos.com/en-saios/Jornalismo-e-Estrutura-De-Text
o/62852515.html, acesso,
 []


Overfull \hbox (10.7181pt too wide) in paragraph at lines 1--137
\TU/DejaVuSerif(0)/m/n/10 https://www.in-fo-pe-dia.pt/di-cionar-ios/lingua-portu
guesa/cin%C3%A9sica Es-quete
 []


Overfull \hbox (1.3431pt too wide) in paragraph at lines 1--137
\TU/DejaVuSerif(0)/m/n/10 tugues/as-sunto/estudo-do-texto/hiper-texto.html Fake News Fake News s
ão notí-
 []


Overfull \hbox (6.33171pt too wide) in paragraph at lines 1--137
\TU/DejaVuSerif(0)/m/n/10 mações ir-reais que apelam para o emo-cional do leit
or/es-pec-ta-dor. https://brasile-
 []


Overfull \hbox (5.33723pt too wide) in paragraph at lines 1--137
\TU/DejaVuSerif(0)/m/n/10 histórias de filmes, \TU/DejaVuSerif(0)/b/n/10 livros
\TU/DejaVuSerif(0)/m/n/10 , séries, histórias em quadrin-hos, videogames, mang
ás,
 []


Overfull \hbox (6.95833pt too wide) in paragraph at lines 1--137
\TU/DejaVuSerif(0)/m/n/10 https://brainly.com.br/tarefa/21518958read-more Game-p
lay Game-play nada mais
 []


Overfull \hbox (8.98308pt too wide) in paragraph at lines 1--137
\TU/DejaVuSerif(0)/m/n/10 https://repos-i-to-rio.ufsc.br/bit-stream/han-dle/1234
56789/94735/299780. Gêneros
 []


Overfull \hbox (10.07845pt too wide) in paragraph at lines 1--137
\TU/DejaVuSerif(0)/b/n/10 mul-ti-ssemióti-cos \TU/DejaVuSerif(0)/m/n/10 Gênero
s \TU/DejaVuSerif(0)/b/n/10 mul-ti-ssemióti-cos \TU/DejaVuSerif(0)/m/n/10 são g
êneros com-pos-tos por várias
 []


Overfull \hbox (30.77605pt too wide) in paragraph at lines 1--137
\TU/DejaVuSerif(0)/m/n/10 es-crita ), vi-sual, sonora, cor-po-ral e dig-i-tal. 
https://www.es-creven-doo-fu-turo.org.br/for-
 []


Overfull \hbox (6.52376pt too wide) in paragraph at lines 1--137
\TU/DejaVuSerif(0)/m/n/10 ma-cao/pergunte-a-olimpia/178/diferencas-e-aplicacoes-
entre-multissemiotico-e-
 []


Overfull \hbox (16.06966pt too wide) in paragraph at lines 1--137
\TU/DejaVuSerif(0)/m/n/10 doo-fu-turo.org.br/for-ma-cao/pergunte-a-olimpia/178/d
iferencas-e-aplicacoes-entre-
 []


Overfull \hbox (53.38689pt too wide) in paragraph at lines 1--137
\TU/DejaVuSerif(0)/m/n/10 para outro ( a ), o ponto de par-tida para os links. 
Fonte : https://sites.google.com/site/sites-
 []


Overfull \hbox (36.49773pt too wide) in paragraph at lines 1--137
\TU/DejaVuSerif(0)/m/n/10 seguir os moldes da gramática nor-ma-tiva. https://ww
w.di-cionar-i-oin-for-mal.com.br/mul-
 []


Overfull \hbox (31.69466pt too wide) in paragraph at lines 1--137
\TU/DejaVuSerif(0)/m/n/10 http://por-tuguescereja.ed-i-torasaraiva.com.br/textos
-multimodais-leitura-e-producao/
 []


Overfull \hbox (22.70085pt too wide) in paragraph at lines 1--137
\TU/DejaVuSerif(0)/m/n/10 mon-tagem, tor-nando -se re-tal-hos de vários tex-tos
. https://pt.wikipedia.org/wiki/Pas-
 []


Overfull \hbox (3.02669pt too wide) in paragraph at lines 1--137
\TU/DejaVuSerif(0)/m/n/10 us-amos um sam-ple de gui-tarra, por ex-em-plo, es-ta-
mos adi-cio-nando à com-posição
 []


Overfull \hbox (16.52214pt too wide) in paragraph at lines 1--137
\TU/DejaVuSerif(0)/m/n/10 sig-nifi-cação e co-mu-ni-cação. https://pt.wikipe
dia.org/wiki/Semi%C3%B3tica Slams
 []


Overfull \hbox (2.09993pt too wide) in paragraph at lines 1--137
\TU/DejaVuSerif(0)/m/n/10 nifi-ca-dos.com.br/soft-ware/ Spot de cam-panha Spot 
é um fono-grama ( uma forma
 []


Overfull \hbox (0.95085pt too wide) in paragraph at lines 1--137
\TU/DejaVuSerif(0)/m/n/10 uma playlist com suas músi-cas fa-voritas. https://pl
ay.google.com/store/apps/de-
 []


Overfull \hbox (29.98405pt too wide) in paragraph at lines 1--137
\TU/DejaVuSerif(0)/m/n/10 men-sagem em de-ter-mi-nada situ-ação co-mu-nica-tiv
a. https://pt.wikipedia.org/wiki/Tex-
 []


Overfull \hbox (2.32454pt too wide) in paragraph at lines 1--137
\TU/DejaVuSerif(0)/m/n/10 ter-netinno-va-tion.com.br/blog/entenda-o-conceito-de-
transmidia-e-a-cultura-da-
 []

[4982] [4983] [4984] [4985] [4986] [4987] [4988] [4989])
(/home/eyamrog/PycharmProjects/cl_st1_anna/cl_st1_ph2_anna/examples/f5_pos/f5_p
os_023.tex [4990] [4991] [4992])
(/home/eyamrog/PycharmProjects/cl_st1_anna/cl_st1_ph2_anna/examples/f5_pos/f5_p
os_024.tex [4993])
(/home/eyamrog/PycharmProjects/cl_st1_anna/cl_st1_ph2_anna/examples/f5_pos/f5_p
os_025.tex [4994] [4995] [4996])
(/home/eyamrog/PycharmProjects/cl_st1_anna/cl_st1_ph2_anna/examples/f5_pos/f5_p
os_026.tex [4997] [4998])
(/home/eyamrog/PycharmProjects/cl_st1_anna/cl_st1_ph2_anna/examples/f5_pos/f5_p
os_027.tex [4999] [5000] [5001])
(/home/eyamrog/PycharmProjects/cl_st1_anna/cl_st1_ph2_anna/examples/f5_pos/f5_p
os_028.tex [5002])
(/home/eyamrog/PycharmProjects/cl_st1_anna/cl_st1_ph2_anna/examples/f5_pos/f5_p
os_029.tex [5003] [5004] [5005])
(/home/eyamrog/PycharmProjects/cl_st1_anna/cl_st1_ph2_anna/examples/f5_pos/f5_p
os_030.tex [5006] [5007] [5008] [5009] [5010] [5011] [5012])
(/home/eyamrog/PycharmProjects/cl_st1_anna/cl_st1_ph2_anna/examples/f5_pos/f5_p
os_031.tex [5013] [5014] [5015])
(/home/eyamrog/PycharmProjects/cl_st1_anna/cl_st1_ph2_anna/examples/f5_pos/f5_p
os_032.tex [5016] [5017] [5018] [5019] [5020] [5021] [5022] [5023] [5024]
[5025])
(/home/eyamrog/PycharmProjects/cl_st1_anna/cl_st1_ph2_anna/examples/f5_pos/f5_p
os_033.tex [5026] [5027] [5028] [5029] [5030] [5031])
(/home/eyamrog/PycharmProjects/cl_st1_anna/cl_st1_ph2_anna/examples/f5_pos/f5_p
os_034.tex [5032] [5033] [5034] [5035])
(/home/eyamrog/PycharmProjects/cl_st1_anna/cl_st1_ph2_anna/examples/f5_pos/f5_p
os_035.tex
Overfull \hbox (1.77278pt too wide) in paragraph at lines 1--120
\TU/DejaVuSerif(0)/m/n/10 das Ciên-cias Hu-manas e So-ci-ais Apli-cadas - Profi
s-sional do com-po-nente História
 []

[5036] [5037] [5038] [5039] [5040] [5041] [5042] [5043] [5044] [5045])
(/home/eyamrog/PycharmProjects/cl_st1_anna/cl_st1_ph2_anna/examples/f5_pos/f5_p
os_036.tex [5046] [5047] [5048])
(/home/eyamrog/PycharmProjects/cl_st1_anna/cl_st1_ph2_anna/examples/f5_pos/f5_p
os_037.tex [5049] [5050] [5051] [5052] [5053] [5054])
(/home/eyamrog/PycharmProjects/cl_st1_anna/cl_st1_ph2_anna/examples/f5_pos/f5_p
os_038.tex [5055] [5056])
(/home/eyamrog/PycharmProjects/cl_st1_anna/cl_st1_ph2_anna/examples/f5_pos/f5_p
os_039.tex [5057])
(/home/eyamrog/PycharmProjects/cl_st1_anna/cl_st1_ph2_anna/examples/f5_pos/f5_p
os_040.tex [5058] [5059] [5060] [5061] [5062] [5063] [5064])
(/home/eyamrog/PycharmProjects/cl_st1_anna/cl_st1_ph2_anna/examples/f5_pos/f5_p
os_041.tex
Overfull \hbox (17.11353pt too wide) in paragraph at lines 1--15
[]  \TU/DejaVuSerif(0)/m/n/10 O Eixo da Análise Lin-guís-tica/Semiótica busca
 con-sid-erar as es-traté-gias (meta)cog-
 []

[5065] [5066])
(/home/eyamrog/PycharmProjects/cl_st1_anna/cl_st1_ph2_anna/examples/f5_pos/f5_p
os_042.tex [5067] [5068])
(/home/eyamrog/PycharmProjects/cl_st1_anna/cl_st1_ph2_anna/examples/f5_pos/f5_p
os_043.tex [5069] [5070] [5071] [5072])
(/home/eyamrog/PycharmProjects/cl_st1_anna/cl_st1_ph2_anna/examples/f5_pos/f5_p
os_044.tex [5073] [5074])
(/home/eyamrog/PycharmProjects/cl_st1_anna/cl_st1_ph2_anna/examples/f5_pos/f5_p
os_045.tex [5075])
(/home/eyamrog/PycharmProjects/cl_st1_anna/cl_st1_ph2_anna/examples/f5_pos/f5_p
os_046.tex [5076] [5077] [5078] [5079])
(/home/eyamrog/PycharmProjects/cl_st1_anna/cl_st1_ph2_anna/examples/f5_pos/f5_p
os_047.tex [5080] [5081])
(/home/eyamrog/PycharmProjects/cl_st1_anna/cl_st1_ph2_anna/examples/f5_pos/f5_p
os_048.tex
Overfull \hbox (5.95825pt too wide) in paragraph at lines 1--32
[]  \TU/DejaVuSerif(0)/m/n/10 O es-tudo das práti-cas de lin-guagem em Lín-gua
 Por-tuguesa At-ual-mente, o cenário
 []


Overfull \hbox (8.36458pt too wide) in paragraph at lines 1--32
\TU/DejaVuSerif(0)/m/n/10 so-ci-olin-guís-tico e geopolítico no qual o com-po-
nente cur-ric-u-lar Lín-gua Por-tuguesa
 []

[5082] [5083])
(/home/eyamrog/PycharmProjects/cl_st1_anna/cl_st1_ph2_anna/examples/f5_pos/f5_p
os_049.tex [5084] [5085] [5086] [5087])
(/home/eyamrog/PycharmProjects/cl_st1_anna/cl_st1_ph2_anna/examples/f5_pos/f5_p
os_050.tex [5088] [5089] [5090])
(/home/eyamrog/PycharmProjects/cl_st1_anna/cl_st1_ph2_anna/examples/f5_pos/f5_p
os_051.tex [5091] [5092] [5093] [5094])
(/home/eyamrog/PycharmProjects/cl_st1_anna/cl_st1_ph2_anna/examples/f5_pos/f5_p
os_052.tex [5095] [5096] [5097] [5098] [5099] [5100] [5101] [5102] [5103])
(/home/eyamrog/PycharmProjects/cl_st1_anna/cl_st1_ph2_anna/examples/f5_pos/f5_p
os_053.tex [5104] [5105] [5106] [5107] [5108] [5109] [5110])
(/home/eyamrog/PycharmProjects/cl_st1_anna/cl_st1_ph2_anna/examples/f5_pos/f5_p
os_054.tex [5111] [5112] [5113] [5114] [5115] [5116] [5117] [5118] [5119])
(/home/eyamrog/PycharmProjects/cl_st1_anna/cl_st1_ph2_anna/examples/f5_pos/f5_p
os_055.tex [5120] [5121] [5122] [5123] [5124])
(/home/eyamrog/PycharmProjects/cl_st1_anna/cl_st1_ph2_anna/examples/f5_pos/f5_p
os_056.tex [5125] [5126])
(/home/eyamrog/PycharmProjects/cl_st1_anna/cl_st1_ph2_anna/examples/f5_pos/f5_p
os_057.tex [5127] [5128] [5129] [5130] [5131])
(/home/eyamrog/PycharmProjects/cl_st1_anna/cl_st1_ph2_anna/examples/f5_pos/f5_p
os_058.tex [5132] [5133] [5134] [5135])
(/home/eyamrog/PycharmProjects/cl_st1_anna/cl_st1_ph2_anna/examples/f5_pos/f5_p
os_059.tex [5136] [5137])
(/home/eyamrog/PycharmProjects/cl_st1_anna/cl_st1_ph2_anna/examples/f5_pos/f5_p
os_060.tex [5138] [5139] [5140] [5141])
(/home/eyamrog/PycharmProjects/cl_st1_anna/cl_st1_ph2_anna/examples/f5_pos/f5_p
os_061.tex [5142] [5143] [5144] [5145])
(/home/eyamrog/PycharmProjects/cl_st1_anna/cl_st1_ph2_anna/examples/f5_pos/f5_p
os_062.tex [5146] [5147] [5148] [5149] [5150] [5151])
(/home/eyamrog/PycharmProjects/cl_st1_anna/cl_st1_ph2_anna/examples/f5_pos/f5_p
os_063.tex [5152] [5153] [5154] [5155])
(/home/eyamrog/PycharmProjects/cl_st1_anna/cl_st1_ph2_anna/examples/f5_pos/f5_p
os_064.tex
Overfull \hbox (0.35083pt too wide) in paragraph at lines 1--82
[]  \TU/DejaVuSerif(0)/m/n/10 Ed-u-cação Física O Ref-er-en-cial Cur-ric-u-la
r Ama-zo-nense de Ed-u-cação Física Anos
 []

[5156] [5157] [5158] [5159])
(/home/eyamrog/PycharmProjects/cl_st1_anna/cl_st1_ph2_anna/examples/f5_pos/f5_p
os_065.tex [5160] [5161])
(/home/eyamrog/PycharmProjects/cl_st1_anna/cl_st1_ph2_anna/examples/f5_pos/f5_p
os_066.tex [5162] [5163] [5164])
(/home/eyamrog/PycharmProjects/cl_st1_anna/cl_st1_ph2_anna/examples/f5_pos/f5_p
os_067.tex [5165] [5166] [5167] [5168] [5169])
(/home/eyamrog/PycharmProjects/cl_st1_anna/cl_st1_ph2_anna/examples/f5_pos/f5_p
os_068.tex [5170] [5171])
(/home/eyamrog/PycharmProjects/cl_st1_anna/cl_st1_ph2_anna/examples/f5_pos/f5_p
os_069.tex [5172] [5173] [5174])
(/home/eyamrog/PycharmProjects/cl_st1_anna/cl_st1_ph2_anna/examples/f5_pos/f5_p
os_070.tex [5175] [5176] [5177] [5178])
(/home/eyamrog/PycharmProjects/cl_st1_anna/cl_st1_ph2_anna/examples/f5_pos/f5_p
os_071.tex [5179])
(/home/eyamrog/PycharmProjects/cl_st1_anna/cl_st1_ph2_anna/examples/f5_pos/f5_p
os_072.tex [5180] [5181] [5182])
(/home/eyamrog/PycharmProjects/cl_st1_anna/cl_st1_ph2_anna/examples/f5_pos/f5_p
os_073.tex [5183] [5184] [5185])
(/home/eyamrog/PycharmProjects/cl_st1_anna/cl_st1_ph2_anna/examples/f5_pos/f5_p
os_074.tex
Overfull \hbox (5.88332pt too wide) in paragraph at lines 1--30
\TU/DejaVuSerif(0)/m/n/10 http://ceale.fae.ufmg.br/app/we-b-root/glos-sar-i-o-ce
ale ]. Acesso em : 10 set. 2018.
 []

[5186] [5187])
(/home/eyamrog/PycharmProjects/cl_st1_anna/cl_st1_ph2_anna/examples/f5_pos/f5_p
os_075.tex
Overfull \hbox (33.96167pt too wide) in paragraph at lines 1--31
\TU/DejaVuSerif(0)/m/n/10 Text Sam-ple 2315: POS Dim 5 – sp – Score 6.00 
– sp/sp_ef_cien-cias_hu-manas_geo_3.txt 
 []

[5188] [5189] [5190])
(/home/eyamrog/PycharmProjects/cl_st1_anna/cl_st1_ph2_anna/examples/f5_pos/f5_p
os_076.tex [5191])
(/home/eyamrog/PycharmProjects/cl_st1_anna/cl_st1_ph2_anna/examples/f5_pos/f5_p
os_077.tex [5192])
(/home/eyamrog/PycharmProjects/cl_st1_anna/cl_st1_ph2_anna/examples/f5_pos/f5_p
os_078.tex
Overfull \hbox (30.39233pt too wide) in paragraph at lines 1--38
\TU/DejaVuSerif(0)/m/n/10 Text Sam-ple 2318: POS Dim 5 – sp – Score 4.00 
– sp/sp_ef_cien-cias_hu-manas_his_1.txt 
 []

[5193] [5194] [5195])
(/home/eyamrog/PycharmProjects/cl_st1_anna/cl_st1_ph2_anna/examples/f5_pos/f5_p
os_079.tex [5196])
(/home/eyamrog/PycharmProjects/cl_st1_anna/cl_st1_ph2_anna/examples/f5_pos/f5_p
os_080.tex [5197] [5198])
(/home/eyamrog/PycharmProjects/cl_st1_anna/cl_st1_ph2_anna/examples/f5_pos/f5_p
os_081.tex [5199] [5200] [5201] [5202] [5203] [5204])
(/home/eyamrog/PycharmProjects/cl_st1_anna/cl_st1_ph2_anna/examples/f5_pos/f5_p
os_082.tex [5205] [5206] [5207] [5208] [5209] [5210])
(/home/eyamrog/PycharmProjects/cl_st1_anna/cl_st1_ph2_anna/examples/f5_pos/f5_p
os_083.tex [5211])
(/home/eyamrog/PycharmProjects/cl_st1_anna/cl_st1_ph2_anna/examples/f5_pos/f5_p
os_084.tex [5212] [5213] [5214] [5215] [5216])
(/home/eyamrog/PycharmProjects/cl_st1_anna/cl_st1_ph2_anna/examples/f5_pos/f5_p
os_085.tex
Missing character: There is no ° (U+00B0) in font nullfont!
Missing character: There is no ° (U+00B0) in font nullfont!
Missing character: There is no ° (U+00B0) in font nullfont!
Missing character: There is no ° (U+00B0) in font nullfont!
Missing character: There is no ° (U+00B0) in font nullfont!
Missing character: There is no ° (U+00B0) in font nullfont!
[5217] [5218
Missing character: There is no ° (U+00B0) in font nullfont!
Missing character: There is no ° (U+00B0) in font nullfont!
Missing character: There is no ° (U+00B0) in font nullfont!
] [5219])
(/home/eyamrog/PycharmProjects/cl_st1_anna/cl_st1_ph2_anna/examples/f5_pos/f5_p
os_086.tex [5220] [5221] [5222] [5223] [5224])
(/home/eyamrog/PycharmProjects/cl_st1_anna/cl_st1_ph2_anna/examples/f5_pos/f5_p
os_087.tex [5225] [5226] [5227] [5228] [5229])
(/home/eyamrog/PycharmProjects/cl_st1_anna/cl_st1_ph2_anna/examples/f5_pos/f5_p
os_088.tex [5230] [5231])
(/home/eyamrog/PycharmProjects/cl_st1_anna/cl_st1_ph2_anna/examples/f5_pos/f5_p
os_089.tex [5232])
(/home/eyamrog/PycharmProjects/cl_st1_anna/cl_st1_ph2_anna/examples/f5_pos/f5_p
os_090.tex [5233] [5234])
(/home/eyamrog/PycharmProjects/cl_st1_anna/cl_st1_ph2_anna/examples/f5_pos/f5_p
os_091.tex
Overfull \hbox (4.07593pt too wide) in paragraph at lines 1--48
\TU/DejaVuSerif(0)/m/n/10 maneira, o texto da BNCC destaca : > As práti-cas de lin-guagem con-tem-por
âneas
 []

[5235] [5236] [5237])
(/home/eyamrog/PycharmProjects/cl_st1_anna/cl_st1_ph2_anna/examples/f5_pos/f5_p
os_092.tex
Overfull \hbox (15.0345pt too wide) in paragraph at lines 1--65
\TU/DejaVuSerif(0)/m/n/10 sino de Lín-gua Por-tuguesa é de-sen-volver a com-pe
tên-cia co-mu-nica-tiva dos usuários
 []

[5238] [5239] [5240] [5241])
(/home/eyamrog/PycharmProjects/cl_st1_anna/cl_st1_ph2_anna/examples/f5_pos/f5_p
os_093.tex [5242] [5243])
(/home/eyamrog/PycharmProjects/cl_st1_anna/cl_st1_ph2_anna/examples/f5_pos/f5_p
os_094.tex [5244] [5245] [5246])
(/home/eyamrog/PycharmProjects/cl_st1_anna/cl_st1_ph2_anna/examples/f5_pos/f5_p
os_095.tex [5247] [5248])
(/home/eyamrog/PycharmProjects/cl_st1_anna/cl_st1_ph2_anna/examples/f5_pos/f5_p
os_096.tex [5249] [5250])
(/home/eyamrog/PycharmProjects/cl_st1_anna/cl_st1_ph2_anna/examples/f5_pos/f5_p
os_097.tex [5251] [5252])
(/home/eyamrog/PycharmProjects/cl_st1_anna/cl_st1_ph2_anna/examples/f5_pos/f5_p
os_098.tex [5253] [5254] [5255] [5256] [5257] [5258] [5259])
(/home/eyamrog/PycharmProjects/cl_st1_anna/cl_st1_ph2_anna/examples/f5_pos/f5_p
os_099.tex
Overfull \hbox (2.91393pt too wide) in paragraph at lines 1--11
\TU/DejaVuSerif(0)/m/n/10 ” OB-JE-TIVOS DE APREN-DIZA-GEM E DE-SEN-VOLVI-MENTO
 Re-con-hecer quando
 []

[5260])
(/home/eyamrog/PycharmProjects/cl_st1_anna/cl_st1_ph2_anna/examples/f5_pos/f5_p
os_100.tex
Overfull \hbox (1.89485pt too wide) in paragraph at lines 1--33
\TU/DejaVuSerif(0)/m/n/10 fazer uma al-ter-ação no Código Al-fanumérico do 
Com-po-nente Lín-gua Por-tuguesa
 []

[5261] [5262])
(/home/eyamrog/PycharmProjects/cl_st1_anna/cl_st1_ph2_anna/examples/f5_pos/f5_p
os_101.tex [5263])
(/home/eyamrog/PycharmProjects/cl_st1_anna/cl_st1_ph2_anna/examples/f5_pos/f5_p
os_102.tex
Overfull \hbox (3.13159pt too wide) in paragraph at lines 1--23
\TU/DejaVuSerif(0)/m/n/10 Text Sam-ple 2342: POS Dim 5 – es – Score 11.00 
– es/es_ef_anos_ini-ci-ais_matem-
 []

[5264])
(/home/eyamrog/PycharmProjects/cl_st1_anna/cl_st1_ph2_anna/examples/f5_pos/f5_p
os_103.tex
Overfull \hbox (3.13542pt too wide) in paragraph at lines 1--17
\TU/DejaVuSerif(0)/m/n/10 nas Améri-cas, com ên-fase no pro-cesso brasileiro 
e seus des-do-bra-men-tos. África,
 []

[5265] [5266])
(/home/eyamrog/PycharmProjects/cl_st1_anna/cl_st1_ph2_anna/examples/f5_pos/f5_p
os_104.tex [5267])
(/home/eyamrog/PycharmProjects/cl_st1_anna/cl_st1_ph2_anna/examples/f5_pos/f5_p
os_105.tex
Overfull \hbox (13.78589pt too wide) in paragraph at lines 1--11
\TU/DejaVuSerif(0)/m/n/10 Text Sam-ple 2345: POS Dim 5 – es – Score 10.00 
– es/es_ef_anos_ini-ci-ais_arte_5.txt 
 []

[5268])
(/home/eyamrog/PycharmProjects/cl_st1_anna/cl_st1_ph2_anna/examples/f5_pos/f5_p
os_106.tex [5269])
(/home/eyamrog/PycharmProjects/cl_st1_anna/cl_st1_ph2_anna/examples/f5_pos/f5_p
os_107.tex [5270] [5271])
(/home/eyamrog/PycharmProjects/cl_st1_anna/cl_st1_ph2_anna/examples/f5_pos/f5_p
os_108.tex
Overfull \hbox (0.44661pt too wide) in paragraph at lines 1--11
[]  \TU/DejaVuSerif(0)/m/n/10 Con-siderando esses pres-su-pos-tos, e em ar-tic-u
-lação com as com-petên-cias gerais
 []

[5272])
(/home/eyamrog/PycharmProjects/cl_st1_anna/cl_st1_ph2_anna/examples/f5_pos/f5_p
os_109.tex [5273] [5274] [5275] [5276] [5277])
(/home/eyamrog/PycharmProjects/cl_st1_anna/cl_st1_ph2_anna/examples/f5_pos/f5_p
os_110.tex
Overfull \hbox (7.42358pt too wide) in paragraph at lines 1--20
\TU/DejaVuSerif(0)/m/n/10 Text Sam-ple 2350: POS Dim 5 – es – Score 6.00 
– es/es_ef_anos_ini-ci-ais_arte_4.txt 
 []

[5278])
(/home/eyamrog/PycharmProjects/cl_st1_anna/cl_st1_ph2_anna/examples/f5_pos/f5_p
os_111.tex [5279] [5280] [5281] [5282])
(/home/eyamrog/PycharmProjects/cl_st1_anna/cl_st1_ph2_anna/examples/f5_pos/f5_p
os_112.tex [5283] [5284])
(/home/eyamrog/PycharmProjects/cl_st1_anna/cl_st1_ph2_anna/examples/f5_pos/f5_p
os_113.tex
Missing character: There is no ° (U+00B0) in font nullfont!
Missing character: There is no ° (U+00B0) in font nullfont!
[5285] [5286] [5287] [5288] [5289] [5290] [5291] [5292
Missing character: There is no ° (U+00B0) in font nullfont!
])
(/home/eyamrog/PycharmProjects/cl_st1_anna/cl_st1_ph2_anna/examples/f5_pos/f5_p
os_114.tex [5293] [5294])
(/home/eyamrog/PycharmProjects/cl_st1_anna/cl_st1_ph2_anna/examples/f5_pos/f5_p
os_115.tex
Missing character: There is no ➢ (U+27A2) in font nullfont!
Missing character: There is no ➢ (U+27A2) in font nullfont!
Missing character: There is no ➢ (U+27A2) in font nullfont!
Missing character: There is no ➢ (U+27A2) in font nullfont!
Missing character: There is no ➢ (U+27A2) in font nullfont!
Missing character: There is no ➢ (U+27A2) in font nullfont!
Missing character: There is no ➢ (U+27A2) in font nullfont!
Missing character: There is no ➢ (U+27A2) in font nullfont!
Missing character: There is no ➢ (U+27A2) in font nullfont!
Missing character: There is no ➢ (U+27A2) in font nullfont!
Missing character: There is no ➢ (U+27A2) in font nullfont!
Missing character: There is no ➢ (U+27A2) in font nullfont!
Missing character: There is no ➢ (U+27A2) in font nullfont!
Missing character: There is no ➢ (U+27A2) in font nullfont!
Missing character: There is no ➢ (U+27A2) in font nullfont!
Missing character: There is no ➢ (U+27A2) in font nullfont!
Missing character: There is no ➢ (U+27A2) in font nullfont!
Missing character: There is no ➢ (U+27A2) in font nullfont!
Missing character: There is no ➢ (U+27A2) in font nullfont!
Missing character: There is no ➢ (U+27A2) in font nullfont!
Missing character: There is no ➢ (U+27A2) in font nullfont!
Missing character: There is no ➢ (U+27A2) in font nullfont!
Missing character: There is no ➢ (U+27A2) in font nullfont!
Missing character: There is no ➢ (U+27A2) in font nullfont!
Missing character: There is no ➢ (U+27A2) in font nullfont!
Missing character: There is no ➢ (U+27A2) in font nullfont!
Missing character: There is no ➢ (U+27A2) in font nullfont!
Missing character: There is no ➢ (U+27A2) in font nullfont!
Missing character: There is no ➢ (U+27A2) in font nullfont!
Missing character: There is no ➢ (U+27A2) in font nullfont!
Missing character: There is no ➢ (U+27A2) in font nullfont!

Overfull \hbox (4.43587pt too wide) in paragraph at lines 1--11
[]  ➢ \TU/DejaVuSerif(0)/m/n/10 Rela-cionar o texto com suas condições de pr
o-dução, seu con-texto sócio-histórico
 []

Missing character: There is no ➢ (U+27A2) in font nullfont!
Missing character: There is no ➢ (U+27A2) in font nullfont!
Missing character: There is no ➢ (U+27A2) in font nullfont!
Missing character: There is no ➢ (U+27A2) in font nullfont!
Missing character: There is no ➢ (U+27A2) in font nullfont!
Missing character: There is no ➢ (U+27A2) in font nullfont!
Missing character: There is no ➢ (U+27A2) in font nullfont!
Missing character: There is no ➢ (U+27A2) in font nullfont!
Missing character: There is no ➢ (U+27A2) in font nullfont!
Missing character: There is no ➢ (U+27A2) in font nullfont!
Missing character: There is no ➢ (U+27A2) in font nullfont!
Missing character: There is no ➢ (U+27A2) in font nullfont!
Missing character: There is no ➢ (U+27A2) in font nullfont!
Missing character: There is no ➢ (U+27A2) in font nullfont!
Missing character: There is no ➢ (U+27A2) in font nullfont!
Missing character: There is no ➢ (U+27A2) in font nullfont!
Missing character: There is no ➢ (U+27A2) in font nullfont!
Missing character: There is no ➢ (U+27A2) in font nullfont!
Missing character: There is no ➢ (U+27A2) in font nullfont!
Missing character: There is no ➢ (U+27A2) in font nullfont!
Missing character: There is no ➢ (U+27A2) in font nullfont!
Missing character: There is no ➢ (U+27A2) in font nullfont!
Missing character: There is no ➢ (U+27A2) in font nullfont!
Missing character: There is no ➢ (U+27A2) in font nullfont!
Missing character: There is no ➢ (U+27A2) in font nullfont!
Missing character: There is no ➢ (U+27A2) in font nullfont!
Missing character: There is no ➢ (U+27A2) in font nullfont!
Missing character: There is no ➢ (U+27A2) in font nullfont!
[5295
Missing character: There is no ➢ (U+27A2) in font nullfont!
Missing character: There is no ➢ (U+27A2) in font nullfont!
Missing character: There is no ➢ (U+27A2) in font nullfont!
Missing character: There is no ➢ (U+27A2) in font nullfont!
Missing character: There is no ➢ (U+27A2) in font nullfont!
Missing character: There is no ➢ (U+27A2) in font nullfont!
] [5296
Missing character: There is no ➢ (U+27A2) in font nullfont!
Missing character: There is no ➢ (U+27A2) in font nullfont!
Missing character: There is no ➢ (U+27A2) in font nullfont!
Missing character: There is no ➢ (U+27A2) in font nullfont!
Missing character: There is no ➢ (U+27A2) in font nullfont!
Missing character: There is no ➢ (U+27A2) in font nullfont!
Missing character: There is no ➢ (U+27A2) in font nullfont!
Missing character: There is no ➢ (U+27A2) in font nullfont!
Missing character: There is no ➢ (U+27A2) in font nullfont!
Missing character: There is no ➢ (U+27A2) in font nullfont!
Missing character: There is no ➢ (U+27A2) in font nullfont!
Missing character: There is no ➢ (U+27A2) in font nullfont!
Missing character: There is no ➢ (U+27A2) in font nullfont!
Missing character: There is no ➢ (U+27A2) in font nullfont!
Missing character: There is no ➢ (U+27A2) in font nullfont!
Missing character: There is no ➢ (U+27A2) in font nullfont!
Missing character: There is no ➢ (U+27A2) in font nullfont!
Missing character: There is no ➢ (U+27A2) in font nullfont!
Missing character: There is no ➢ (U+27A2) in font nullfont!
Missing character: There is no ➢ (U+27A2) in font nullfont!
Missing character: There is no ➢ (U+27A2) in font nullfont!
Missing character: There is no ➢ (U+27A2) in font nullfont!
Missing character: There is no ➢ (U+27A2) in font nullfont!
])
(/home/eyamrog/PycharmProjects/cl_st1_anna/cl_st1_ph2_anna/examples/f5_pos/f5_p
os_116.tex [5297])
(/home/eyamrog/PycharmProjects/cl_st1_anna/cl_st1_ph2_anna/examples/f5_pos/f5_p
os_117.tex [5298] [5299] [5300])
(/home/eyamrog/PycharmProjects/cl_st1_anna/cl_st1_ph2_anna/examples/f5_pos/f5_p
os_118.tex [5301] [5302])
(/home/eyamrog/PycharmProjects/cl_st1_anna/cl_st1_ph2_anna/examples/f5_pos/f5_p
os_119.tex [5303] [5304] [5305])
(/home/eyamrog/PycharmProjects/cl_st1_anna/cl_st1_ph2_anna/examples/f5_pos/f5_p
os_120.tex
Overfull \hbox (22.72688pt too wide) in paragraph at lines 1--185
[]  \TU/DejaVuSerif(0)/m/n/10 Com-petên-cia Es-pecí-fica 1 Uti-lizar es-trat
é-gias, con-ceitos e pro-ced-i-men-tos matemáti-
 []

[5306] [5307] [5308] [5309] [5310] [5311] [5312])
(/home/eyamrog/PycharmProjects/cl_st1_anna/cl_st1_ph2_anna/examples/f5_pos/f5_p
os_121.tex [5313] [5314] [5315])
(/home/eyamrog/PycharmProjects/cl_st1_anna/cl_st1_ph2_anna/examples/f5_pos/f5_p
os_122.tex [5316] [5317] [5318] [5319])
(/home/eyamrog/PycharmProjects/cl_st1_anna/cl_st1_ph2_anna/examples/f5_pos/f5_p
os_123.tex [5320] [5321] [5322] [5323] [5324])
(/home/eyamrog/PycharmProjects/cl_st1_anna/cl_st1_ph2_anna/examples/f5_pos/f5_p
os_124.tex [5325] [5326])
(/home/eyamrog/PycharmProjects/cl_st1_anna/cl_st1_ph2_anna/examples/f5_pos/f5_p
os_125.tex [5327] [5328] [5329])
(/home/eyamrog/PycharmProjects/cl_st1_anna/cl_st1_ph2_anna/examples/f5_pos/f5_p
os_126.tex [5330] [5331] [5332] [5333] [5334])
(/home/eyamrog/PycharmProjects/cl_st1_anna/cl_st1_ph2_anna/examples/f5_pos/f5_p
os_127.tex [5335] [5336] [5337] [5338] [5339] [5340])
(/home/eyamrog/PycharmProjects/cl_st1_anna/cl_st1_ph2_anna/examples/f5_pos/f5_p
os_128.tex [5341] [5342] [5343])
(/home/eyamrog/PycharmProjects/cl_st1_anna/cl_st1_ph2_anna/examples/f5_pos/f5_p
os_129.tex [5344] [5345] [5346])
(/home/eyamrog/PycharmProjects/cl_st1_anna/cl_st1_ph2_anna/examples/f5_pos/f5_p
os_130.tex [5347] [5348] [5349] [5350])
(/home/eyamrog/PycharmProjects/cl_st1_anna/cl_st1_ph2_anna/examples/f5_pos/f5_p
os_131.tex [5351] [5352] [5353])
(/home/eyamrog/PycharmProjects/cl_st1_anna/cl_st1_ph2_anna/examples/f5_pos/f5_p
os_132.tex [5354] [5355])
(/home/eyamrog/PycharmProjects/cl_st1_anna/cl_st1_ph2_anna/examples/f5_pos/f5_p
os_133.tex [5356] [5357] [5358])
(/home/eyamrog/PycharmProjects/cl_st1_anna/cl_st1_ph2_anna/examples/f5_pos/f5_p
os_134.tex [5359] [5360] [5361] [5362])
(/home/eyamrog/PycharmProjects/cl_st1_anna/cl_st1_ph2_anna/examples/f5_pos/f5_p
os_135.tex [5363] [5364])
(/home/eyamrog/PycharmProjects/cl_st1_anna/cl_st1_ph2_anna/examples/f5_pos/f5_p
os_136.tex [5365] [5366])
(/home/eyamrog/PycharmProjects/cl_st1_anna/cl_st1_ph2_anna/examples/f5_pos/f5_p
os_137.tex [5367] [5368])
(/home/eyamrog/PycharmProjects/cl_st1_anna/cl_st1_ph2_anna/examples/f5_pos/f5_p
os_138.tex [5369] [5370] [5371] [5372] [5373] [5374])
(/home/eyamrog/PycharmProjects/cl_st1_anna/cl_st1_ph2_anna/examples/f5_pos/f5_p
os_139.tex [5375])
(/home/eyamrog/PycharmProjects/cl_st1_anna/cl_st1_ph2_anna/examples/f5_pos/f5_p
os_140.tex
Missing character: There is no ° (U+00B0) in font nullfont!
Missing character: There is no ° (U+00B0) in font nullfont!
[5376] [5377] [5378
Missing character: There is no ° (U+00B0) in font nullfont!
])
(/home/eyamrog/PycharmProjects/cl_st1_anna/cl_st1_ph2_anna/examples/f5_pos/f5_p
os_141.tex [5379] [5380] [5381])
(/home/eyamrog/PycharmProjects/cl_st1_anna/cl_st1_ph2_anna/examples/f5_pos/f5_p
os_142.tex [5382] [5383] [5384])
(/home/eyamrog/PycharmProjects/cl_st1_anna/cl_st1_ph2_anna/examples/f5_pos/f5_p
os_143.tex)
(/home/eyamrog/PycharmProjects/cl_st1_anna/cl_st1_ph2_anna/examples/f5_pos/f5_p
os_144.tex [5385] [5386])
(/home/eyamrog/PycharmProjects/cl_st1_anna/cl_st1_ph2_anna/examples/f5_pos/f5_p
os_145.tex [5387] [5388])
(/home/eyamrog/PycharmProjects/cl_st1_anna/cl_st1_ph2_anna/examples/f5_pos/f5_p
os_146.tex [5389] [5390])
(/home/eyamrog/PycharmProjects/cl_st1_anna/cl_st1_ph2_anna/examples/f5_pos/f5_p
os_147.tex
Overfull \hbox (2.80966pt too wide) in paragraph at lines 1--31
[]  \TU/DejaVuSerif(0)/m/n/10 CAMPO DE EX-PER-IÊN-CIAS “ ES-PAÇOS, TEM-POS, QUAN-TI-DADES, RE-LA
ÇÕES
 []

[5391] [5392])
(/home/eyamrog/PycharmProjects/cl_st1_anna/cl_st1_ph2_anna/examples/f5_pos/f5_p
os_148.tex [5393])
(/home/eyamrog/PycharmProjects/cl_st1_anna/cl_st1_ph2_anna/examples/f5_pos/f5_p
os_149.tex [5394] [5395])
(/home/eyamrog/PycharmProjects/cl_st1_anna/cl_st1_ph2_anna/examples/f5_pos/f5_p
os_150.tex
Overfull \hbox (6.19661pt too wide) in paragraph at lines 1--51
[]  \TU/DejaVuSerif(0)/m/n/10 2.1.1 Temas Con-tem-porâ-neos Transver-sais — 
TCTs Os Temas Transver-sais foram
 []

[5396] [5397])
(/home/eyamrog/PycharmProjects/cl_st1_anna/cl_st1_ph2_anna/examples/f5_pos/f5_p
os_151.tex [5398] [5399] [5400] [5401])
(/home/eyamrog/PycharmProjects/cl_st1_anna/cl_st1_ph2_anna/examples/f5_pos/f5_p
os_152.tex [5402] [5403] [5404])
(/home/eyamrog/PycharmProjects/cl_st1_anna/cl_st1_ph2_anna/examples/f5_pos/f5_p
os_153.tex [5405] [5406] [5407] [5408])
(/home/eyamrog/PycharmProjects/cl_st1_anna/cl_st1_ph2_anna/examples/f5_pos/f5_p
os_154.tex [5409] [5410])
(/home/eyamrog/PycharmProjects/cl_st1_anna/cl_st1_ph2_anna/examples/f5_pos/f5_p
os_155.tex [5411] [5412] [5413])
(/home/eyamrog/PycharmProjects/cl_st1_anna/cl_st1_ph2_anna/examples/f5_pos/f5_p
os_156.tex [5414])
(/home/eyamrog/PycharmProjects/cl_st1_anna/cl_st1_ph2_anna/examples/f5_pos/f5_p
os_157.tex [5415] [5416])
(/home/eyamrog/PycharmProjects/cl_st1_anna/cl_st1_ph2_anna/examples/f5_pos/f5_p
os_158.tex [5417] [5418])
(/home/eyamrog/PycharmProjects/cl_st1_anna/cl_st1_ph2_anna/examples/f5_pos/f5_p
os_159.tex [5419])
(/home/eyamrog/PycharmProjects/cl_st1_anna/cl_st1_ph2_anna/examples/f5_pos/f5_p
os_160.tex [5420])
(/home/eyamrog/PycharmProjects/cl_st1_anna/cl_st1_ph2_anna/examples/f5_pos/f5_p
os_161.tex [5421] [5422] [5423] [5424])
(/home/eyamrog/PycharmProjects/cl_st1_anna/cl_st1_ph2_anna/examples/f5_pos/f5_p
os_162.tex
Overfull \hbox (4.79869pt too wide) in paragraph at lines 1--68
[]  \TU/DejaVuSerif(0)/m/n/10 COM-PO-NENTES CUR-RIC-U-LARES DA ÁREA DE LIN-GUA-
GENS Os com-po-nentes
 []

[5425] [5426] [5427] [5428])
(/home/eyamrog/PycharmProjects/cl_st1_anna/cl_st1_ph2_anna/examples/f5_pos/f5_p
os_163.tex
Overfull \hbox (17.52563pt too wide) in paragraph at lines 1--28
\TU/DejaVuSerif(0)/m/n/10 o En-sino Fun-da-men-tal I – Com-preen-der a lín-gu
a como fenô-meno cul-tural, histórico,
 []

[5429] [5430] [5431])
(/home/eyamrog/PycharmProjects/cl_st1_anna/cl_st1_ph2_anna/examples/f5_pos/f5_p
os_164.tex [5432])
(/home/eyamrog/PycharmProjects/cl_st1_anna/cl_st1_ph2_anna/examples/f5_pos/f5_p
os_165.tex
Overfull \hbox (1.6136pt too wide) in paragraph at lines 1--33
\TU/DejaVuSerif(0)/m/n/10 cas, Ob-je-tos de Con-hec-i-mento e Ha-bil-i-dades Con
-forme norma-ti-zado pela BNCC,
 []

[5433] [5434])
(/home/eyamrog/PycharmProjects/cl_st1_anna/cl_st1_ph2_anna/examples/f5_pos/f5_p
os_166.tex [5435])
(/home/eyamrog/PycharmProjects/cl_st1_anna/cl_st1_ph2_anna/examples/f5_pos/f5_p
os_167.tex [5436])
(/home/eyamrog/PycharmProjects/cl_st1_anna/cl_st1_ph2_anna/examples/f5_pos/f5_p
os_168.tex [5437])
(/home/eyamrog/PycharmProjects/cl_st1_anna/cl_st1_ph2_anna/examples/f5_pos/f5_p
os_169.tex [5438] [5439])
(/home/eyamrog/PycharmProjects/cl_st1_anna/cl_st1_ph2_anna/examples/f5_pos/f5_p
os_170.tex [5440] [5441])
(/home/eyamrog/PycharmProjects/cl_st1_anna/cl_st1_ph2_anna/examples/f5_pos/f5_p
os_171.tex [5442] [5443] [5444] [5445] [5446] [5447] [5448] [5449] [5450])
(/home/eyamrog/PycharmProjects/cl_st1_anna/cl_st1_ph2_anna/examples/f5_pos/f5_p
os_172.tex [5451])
(/home/eyamrog/PycharmProjects/cl_st1_anna/cl_st1_ph2_anna/examples/f5_pos/f5_p
os_173.tex [5452] [5453])
(/home/eyamrog/PycharmProjects/cl_st1_anna/cl_st1_ph2_anna/examples/f5_pos/f5_p
os_174.tex [5454])
(/home/eyamrog/PycharmProjects/cl_st1_anna/cl_st1_ph2_anna/examples/f5_pos/f5_p
os_175.tex [5455])
(/home/eyamrog/PycharmProjects/cl_st1_anna/cl_st1_ph2_anna/examples/f5_pos/f5_p
os_176.tex
Overfull \hbox (8.79622pt too wide) in paragraph at lines 1--60
\TU/DejaVuSerif(0)/m/n/10 tado em di-men-sões ter-ri-to-ri-ais da região Norde
ste, com uma área de 331.937,450
 []

[5456] [5457] [5458])
(/home/eyamrog/PycharmProjects/cl_st1_anna/cl_st1_ph2_anna/examples/f5_pos/f5_p
os_177.tex [5459] [5460] [5461])
(/home/eyamrog/PycharmProjects/cl_st1_anna/cl_st1_ph2_anna/examples/f5_pos/f5_p
os_178.tex [5462])
(/home/eyamrog/PycharmProjects/cl_st1_anna/cl_st1_ph2_anna/examples/f5_pos/f5_p
os_179.tex [5463] [5464])
(/home/eyamrog/PycharmProjects/cl_st1_anna/cl_st1_ph2_anna/examples/f5_pos/f5_p
os_180.tex [5465] [5466])
(/home/eyamrog/PycharmProjects/cl_st1_anna/cl_st1_ph2_anna/examples/f5_pos/f5_p
os_181.tex [5467])
(/home/eyamrog/PycharmProjects/cl_st1_anna/cl_st1_ph2_anna/examples/f5_pos/f5_p
os_182.tex
Overfull \hbox (1.89624pt too wide) in paragraph at lines 1--42
\TU/DejaVuSerif(0)/m/n/10 Text Sam-ple 2422: POS Dim 5 – mg – Score 8.00 
– mg/mg_ef_lin-gua-gens_lp_4.txt 
 []

[5468] [5469] [5470])
(/home/eyamrog/PycharmProjects/cl_st1_anna/cl_st1_ph2_anna/examples/f5_pos/f5_p
os_183.tex
Overfull \hbox (8.25854pt too wide) in paragraph at lines 1--16
\TU/DejaVuSerif(0)/m/n/10 Text Sam-ple 2423: POS Dim 5 – mg – Score 8.00 
– mg/mg_ef_lin-gua-gens_lp_12.txt 
 []

[5471])
(/home/eyamrog/PycharmProjects/cl_st1_anna/cl_st1_ph2_anna/examples/f5_pos/f5_p
os_184.tex [5472] [5473])
(/home/eyamrog/PycharmProjects/cl_st1_anna/cl_st1_ph2_anna/examples/f5_pos/f5_p
os_185.tex [5474])
(/home/eyamrog/PycharmProjects/cl_st1_anna/cl_st1_ph2_anna/examples/f5_pos/f5_p
os_186.tex
Overfull \hbox (8.25854pt too wide) in paragraph at lines 1--3
\TU/DejaVuSerif(0)/m/n/10 Text Sam-ple 2426: POS Dim 5 – mg – Score 7.00 
– mg/mg_ef_lin-gua-gens_lp_15.txt 
 []

[5475])
(/home/eyamrog/PycharmProjects/cl_st1_anna/cl_st1_ph2_anna/examples/f5_pos/f5_p
os_187.tex [5476] [5477])
(/home/eyamrog/PycharmProjects/cl_st1_anna/cl_st1_ph2_anna/examples/f5_pos/f5_p
os_188.tex
Overfull \hbox (8.25854pt too wide) in paragraph at lines 1--14
\TU/DejaVuSerif(0)/m/n/10 Text Sam-ple 2428: POS Dim 5 – mg – Score 7.00 
– mg/mg_ef_lin-gua-gens_lp_14.txt 
 []

[5478])
(/home/eyamrog/PycharmProjects/cl_st1_anna/cl_st1_ph2_anna/examples/f5_pos/f5_p
os_189.tex [5479])
(/home/eyamrog/PycharmProjects/cl_st1_anna/cl_st1_ph2_anna/examples/f5_pos/f5_p
os_190.tex [5480])
(/home/eyamrog/PycharmProjects/cl_st1_anna/cl_st1_ph2_anna/examples/f5_pos/f5_p
os_191.tex
Overfull \hbox (28.76099pt too wide) in paragraph at lines 1--40
[]  \TU/DejaVuSerif(0)/m/n/10 A Matemática no En-sino Fun-da-men-tal No En-sino
 Fun-da-men-tal, a área de Matemática
 []

[5481] [5482])
(/home/eyamrog/PycharmProjects/cl_st1_anna/cl_st1_ph2_anna/examples/f5_pos/f5_p
os_192.tex [5483] [5484] [5485])
(/home/eyamrog/PycharmProjects/cl_st1_anna/cl_st1_ph2_anna/examples/f5_pos/f5_p
os_193.tex [5486] [5487] [5488])
(/home/eyamrog/PycharmProjects/cl_st1_anna/cl_st1_ph2_anna/examples/f5_pos/f5_p
os_194.tex [5489])
(/home/eyamrog/PycharmProjects/cl_st1_anna/cl_st1_ph2_anna/examples/f5_pos/f5_p
os_195.tex [5490])
(/home/eyamrog/PycharmProjects/cl_st1_anna/cl_st1_ph2_anna/examples/f5_pos/f5_p
os_196.tex [5491] [5492])
(/home/eyamrog/PycharmProjects/cl_st1_anna/cl_st1_ph2_anna/examples/f5_pos/f5_p
os_197.tex [5493])
(/home/eyamrog/PycharmProjects/cl_st1_anna/cl_st1_ph2_anna/examples/f5_pos/f5_p
os_198.tex
Overfull \hbox (15.95874pt too wide) in paragraph at lines 1--49
\TU/DejaVuSerif(0)/m/n/10 Text Sam-ple 2438: POS Dim 5 – rj – Score 3.00 
– rj/rj_ef_cien-cias_da_na-tureza_2.txt 
 []

[5494] [5495] [5496])
(/home/eyamrog/PycharmProjects/cl_st1_anna/cl_st1_ph2_anna/examples/f5_pos/f5_p
os_199.tex
Overfull \hbox (19.4353pt too wide) in paragraph at lines 1--45
\TU/DejaVuSerif(0)/m/n/10 Text Sam-ple 2439: POS Dim 5 – rj – Score 3.00 
– rj/rj_ef_cien-cias_hu-manas_his_3.txt 
 []

[5497] [5498] [5499])
(/home/eyamrog/PycharmProjects/cl_st1_anna/cl_st1_ph2_anna/examples/f5_pos/f5_p
os_200.tex [5500])
(/home/eyamrog/PycharmProjects/cl_st1_anna/cl_st1_ph2_anna/examples/f5_pos/f5_p
os_201.tex [5501])
(/home/eyamrog/PycharmProjects/cl_st1_anna/cl_st1_ph2_anna/examples/f5_pos/f5_p
os_202.tex [5502])
(/home/eyamrog/PycharmProjects/cl_st1_anna/cl_st1_ph2_anna/examples/f5_pos/f5_p
os_203.tex [5503] [5504] [5505])
(/home/eyamrog/PycharmProjects/cl_st1_anna/cl_st1_ph2_anna/examples/f5_pos/f5_p
os_204.tex
Overfull \hbox (1.5306pt too wide) in paragraph at lines 1--14
\TU/DejaVuSerif(0)/m/n/10 por ob-je-tivo nortear as pro-postas pedagóg-i-cas do
s mu-nicí-pios, os pro-je-tos políti-
 []

[5506])
(/home/eyamrog/PycharmProjects/cl_st1_anna/cl_st1_ph2_anna/examples/f5_pos/f5_p
os_205.tex [5507] [5508] [5509])
(/home/eyamrog/PycharmProjects/cl_st1_anna/cl_st1_ph2_anna/examples/f5_pos/f5_p
os_206.tex
Overfull \hbox (59.18623pt too wide) in paragraph at lines 1--24
[]  \TU/DejaVuSerif(0)/m/n/10 3.3.7 A LÍN-GUA POR-TUGUESA NO EN-SINO FUN-DA-MEN
-TAL : UM VIÉS METODOLÓGICO
 []

[5510] [5511])
(/home/eyamrog/PycharmProjects/cl_st1_anna/cl_st1_ph2_anna/examples/f5_pos/f5_p
os_207.tex [5512] [5513] [5514])
(/home/eyamrog/PycharmProjects/cl_st1_anna/cl_st1_ph2_anna/examples/f5_pos/f5_p
os_208.tex [5515] [5516])
(/home/eyamrog/PycharmProjects/cl_st1_anna/cl_st1_ph2_anna/examples/f5_pos/f5_p
os_209.tex [5517])
(/home/eyamrog/PycharmProjects/cl_st1_anna/cl_st1_ph2_anna/examples/f5_pos/f5_p
os_210.tex [5518] [5519])
(/home/eyamrog/PycharmProjects/cl_st1_anna/cl_st1_ph2_anna/examples/f5_pos/f5_p
os_211.tex [5520] [5521] [5522])
(/home/eyamrog/PycharmProjects/cl_st1_anna/cl_st1_ph2_anna/examples/f5_pos/f5_p
os_212.tex [5523] [5524] [5525] [5526])
(/home/eyamrog/PycharmProjects/cl_st1_anna/cl_st1_ph2_anna/examples/f5_pos/f5_p
os_213.tex [5527] [5528])
(/home/eyamrog/PycharmProjects/cl_st1_anna/cl_st1_ph2_anna/examples/f5_pos/f5_p
os_214.tex [5529] [5530])
(/home/eyamrog/PycharmProjects/cl_st1_anna/cl_st1_ph2_anna/examples/f5_pos/f5_p
os_215.tex [5531] [5532] [5533])
(/home/eyamrog/PycharmProjects/cl_st1_anna/cl_st1_ph2_anna/examples/f5_pos/f5_p
os_216.tex [5534] [5535] [5536] [5537])
(/home/eyamrog/PycharmProjects/cl_st1_anna/cl_st1_ph2_anna/examples/f5_pos/f5_p
os_217.tex
Overfull \hbox (7.52206pt too wide) in paragraph at lines 1--19
[]  \TU/DejaVuSerif(0)/m/n/10 II. \TU/DejaVuSerif(0)/b/n/10 Or-ga-ni-zador \TU/
DejaVuSerif(0)/m/n/10 cur-ric-u-lar 2.1 Eixos es-tru-tu-rantes 2.1.1. IN-VES-TI-
GAÇÃO CIEN-
 []

[5538])
(/home/eyamrog/PycharmProjects/cl_st1_anna/cl_st1_ph2_anna/examples/f5_pos/f5_p
os_218.tex [5539] [5540] [5541])
(/home/eyamrog/PycharmProjects/cl_st1_anna/cl_st1_ph2_anna/examples/f5_pos/f5_p
os_219.tex [5542] [5543])
(/home/eyamrog/PycharmProjects/cl_st1_anna/cl_st1_ph2_anna/examples/f5_pos/f5_p
os_220.tex)
(/home/eyamrog/PycharmProjects/cl_st1_anna/cl_st1_ph2_anna/examples/f5_pos/f5_p
os_221.tex
Missing character: There is no ° (U+00B0) in font nullfont!
Missing character: There is no ° (U+00B0) in font nullfont!
[5544] [5545
Missing character: There is no ° (U+00B0) in font nullfont!
])
(/home/eyamrog/PycharmProjects/cl_st1_anna/cl_st1_ph2_anna/examples/f5_pos/f5_p
os_222.tex
Overfull \hbox (1.69217pt too wide) in paragraph at lines 1--51
[]  \TU/DejaVuSerif(0)/m/n/10 4.6.2 COM-PETÊN-CIAS ES-PECÍ-FI-CAS DE MATEMÁTI
CA PARA O EN-SINO FUN-
 []

[5546] [5547] [5548])
(/home/eyamrog/PycharmProjects/cl_st1_anna/cl_st1_ph2_anna/examples/f5_pos/f5_p
os_223.tex [5549] [5550] [5551] [5552] [5553] [5554])
(/home/eyamrog/PycharmProjects/cl_st1_anna/cl_st1_ph2_anna/examples/f5_pos/f5_p
os_224.tex [5555] [5556])
(/home/eyamrog/PycharmProjects/cl_st1_anna/cl_st1_ph2_anna/examples/f5_pos/f5_p
os_225.tex [5557] [5558] [5559])
(/home/eyamrog/PycharmProjects/cl_st1_anna/cl_st1_ph2_anna/examples/f5_pos/f5_p
os_226.tex [5560])
(/home/eyamrog/PycharmProjects/cl_st1_anna/cl_st1_ph2_anna/examples/f5_pos/f5_p
os_227.tex [5561])
(/home/eyamrog/PycharmProjects/cl_st1_anna/cl_st1_ph2_anna/examples/f5_pos/f5_p
os_228.tex [5562] [5563] [5564])
(/home/eyamrog/PycharmProjects/cl_st1_anna/cl_st1_ph2_anna/examples/f5_pos/f5_p
os_229.tex [5565] [5566] [5567])
(/home/eyamrog/PycharmProjects/cl_st1_anna/cl_st1_ph2_anna/examples/f5_pos/f5_p
os_230.tex [5568] [5569] [5570])
(/home/eyamrog/PycharmProjects/cl_st1_anna/cl_st1_ph2_anna/examples/f5_pos/f5_p
os_231.tex
Overfull \hbox (4.94856pt too wide) in paragraph at lines 1--69
\TU/DejaVuSerif(0)/m/n/10 com-pro-misso com o de-sen-volvi-mento do \TU/DejaVuS
erif(0)/b/n/10 le-tra-mento \TU/DejaVuSerif(0)/m/n/10 matemático, definido como

 []

[5571] [5572] [5573] [5574])
(/home/eyamrog/PycharmProjects/cl_st1_anna/cl_st1_ph2_anna/examples/f5_pos/f5_p
os_232.tex [5575] [5576] [5577] [5578])
(/home/eyamrog/PycharmProjects/cl_st1_anna/cl_st1_ph2_anna/examples/f5_pos/f5_p
os_233.tex [5579] [5580])
(/home/eyamrog/PycharmProjects/cl_st1_anna/cl_st1_ph2_anna/examples/f5_pos/f5_p
os_234.tex [5581] [5582] [5583] [5584] [5585])
(/home/eyamrog/PycharmProjects/cl_st1_anna/cl_st1_ph2_anna/examples/f5_pos/f5_p
os_235.tex [5586])
(/home/eyamrog/PycharmProjects/cl_st1_anna/cl_st1_ph2_anna/examples/f5_pos/f5_p
os_236.tex [5587])
(/home/eyamrog/PycharmProjects/cl_st1_anna/cl_st1_ph2_anna/examples/f5_pos/f5_p
os_237.tex [5588] [5589] [5590] [5591])
(/home/eyamrog/PycharmProjects/cl_st1_anna/cl_st1_ph2_anna/examples/f5_pos/f5_p
os_238.tex [5592] [5593] [5594])
(/home/eyamrog/PycharmProjects/cl_st1_anna/cl_st1_ph2_anna/examples/f5_pos/f5_p
os_239.tex [5595])
(/home/eyamrog/PycharmProjects/cl_st1_anna/cl_st1_ph2_anna/examples/f5_pos/f5_p
os_240.tex [5596] [5597])
(/home/eyamrog/PycharmProjects/cl_st1_anna/cl_st1_ph2_anna/examples/f5_pos/f5_p
os_241.tex [5598] [5599] [5600] [5601] [5602] [5603])
(/home/eyamrog/PycharmProjects/cl_st1_anna/cl_st1_ph2_anna/examples/f5_pos/f5_p
os_242.tex [5604] [5605] [5606] [5607] [5608])
(/home/eyamrog/PycharmProjects/cl_st1_anna/cl_st1_ph2_anna/examples/f5_pos/f5_p
os_243.tex [5609])
(/home/eyamrog/PycharmProjects/cl_st1_anna/cl_st1_ph2_anna/examples/f5_pos/f5_p
os_244.tex [5610] [5611] [5612] [5613])
(/home/eyamrog/PycharmProjects/cl_st1_anna/cl_st1_ph2_anna/examples/f5_pos/f5_p
os_245.tex [5614] [5615] [5616] [5617])
(/home/eyamrog/PycharmProjects/cl_st1_anna/cl_st1_ph2_anna/examples/f5_pos/f5_p
os_246.tex
Overfull \hbox (15.36653pt too wide) in paragraph at lines 1--60
\TU/DejaVuSerif(0)/m/n/10 rículo têm sua origem em con-tex-tos históri-cos e em con-cep
ções teóri-cas hegemôni-
 []

[5618] [5619] [5620])
(/home/eyamrog/PycharmProjects/cl_st1_anna/cl_st1_ph2_anna/examples/f5_pos/f5_p
os_247.tex [5621] [5622])
(/home/eyamrog/PycharmProjects/cl_st1_anna/cl_st1_ph2_anna/examples/f5_pos/f5_p
os_248.tex [5623])
(/home/eyamrog/PycharmProjects/cl_st1_anna/cl_st1_ph2_anna/examples/f5_pos/f5_p
os_249.tex [5624] [5625] [5626] [5627] [5628])
(/home/eyamrog/PycharmProjects/cl_st1_anna/cl_st1_ph2_anna/examples/f5_pos/f5_p
os_250.tex [5629] [5630])
(/home/eyamrog/PycharmProjects/cl_st1_anna/cl_st1_ph2_anna/examples/f5_pos/f5_p
os_251.tex [5631] [5632] [5633] [5634] [5635])
(/home/eyamrog/PycharmProjects/cl_st1_anna/cl_st1_ph2_anna/examples/f5_pos/f5_p
os_252.tex [5636] [5637] [5638])
(/home/eyamrog/PycharmProjects/cl_st1_anna/cl_st1_ph2_anna/examples/f5_pos/f5_p
os_253.tex [5639] [5640])
(/home/eyamrog/PycharmProjects/cl_st1_anna/cl_st1_ph2_anna/examples/f5_pos/f5_p
os_254.tex [5641] [5642] [5643] [5644] [5645] [5646])
(/home/eyamrog/PycharmProjects/cl_st1_anna/cl_st1_ph2_anna/examples/f5_pos/f5_p
os_255.tex [5647] [5648])
(/home/eyamrog/PycharmProjects/cl_st1_anna/cl_st1_ph2_anna/examples/f5_pos/f5_p
os_256.tex [5649] [5650])
(/home/eyamrog/PycharmProjects/cl_st1_anna/cl_st1_ph2_anna/examples/f5_pos/f5_p
os_257.tex
Overfull \hbox (18.29622pt too wide) in paragraph at lines 1--17
\TU/DejaVuSerif(0)/m/n/10 in-ter-nas e ex-ter-nas para pro-dução de con-hec-i-
mento sig-ni-fica-tivo 514 Con-siderando
 []

[5651] [5652])
(/home/eyamrog/PycharmProjects/cl_st1_anna/cl_st1_ph2_anna/examples/f5_pos/f5_p
os_258.tex [5653] [5654] [5655] [5656] [5657])
(/home/eyamrog/PycharmProjects/cl_st1_anna/cl_st1_ph2_anna/examples/f5_pos/f5_p
os_259.tex [5658] [5659] [5660])
(/home/eyamrog/PycharmProjects/cl_st1_anna/cl_st1_ph2_anna/examples/f5_pos/f5_p
os_260.tex [5661])
(/home/eyamrog/PycharmProjects/cl_st1_anna/cl_st1_ph2_anna/examples/f5_pos/f5_p
os_261.tex [5662] [5663] [5664])
(/home/eyamrog/PycharmProjects/cl_st1_anna/cl_st1_ph2_anna/examples/f5_pos/f5_p
os_262.tex [5665] [5666])
(/home/eyamrog/PycharmProjects/cl_st1_anna/cl_st1_ph2_anna/examples/f5_pos/f5_p
os_263.tex [5667] [5668] [5669] [5670])
(/home/eyamrog/PycharmProjects/cl_st1_anna/cl_st1_ph2_anna/examples/f5_pos/f5_p
os_264.tex [5671] [5672])
(/home/eyamrog/PycharmProjects/cl_st1_anna/cl_st1_ph2_anna/examples/f5_pos/f5_p
os_265.tex)
(/home/eyamrog/PycharmProjects/cl_st1_anna/cl_st1_ph2_anna/examples/f5_pos/f5_p
os_266.tex [5673] [5674])
(/home/eyamrog/PycharmProjects/cl_st1_anna/cl_st1_ph2_anna/examples/f5_pos/f5_p
os_267.tex)
(/home/eyamrog/PycharmProjects/cl_st1_anna/cl_st1_ph2_anna/examples/f5_pos/f5_p
os_268.tex [5675] [5676])
(/home/eyamrog/PycharmProjects/cl_st1_anna/cl_st1_ph2_anna/examples/f5_pos/f5_p
os_269.tex [5677] [5678])
(/home/eyamrog/PycharmProjects/cl_st1_anna/cl_st1_ph2_anna/examples/f5_pos/f5_p
os_270.tex [5679] [5680])
(/home/eyamrog/PycharmProjects/cl_st1_anna/cl_st1_ph2_anna/examples/f5_pos/f5_p
os_271.tex [5681] [5682])
(/home/eyamrog/PycharmProjects/cl_st1_anna/cl_st1_ph2_anna/examples/f5_pos/f5_p
os_272.tex [5683] [5684])
(/home/eyamrog/PycharmProjects/cl_st1_anna/cl_st1_ph2_anna/examples/f5_pos/f5_p
os_273.tex [5685])
(/home/eyamrog/PycharmProjects/cl_st1_anna/cl_st1_ph2_anna/examples/f5_pos/f5_p
os_274.tex
Overfull \hbox (10.86165pt too wide) in paragraph at lines 1--30
\TU/DejaVuSerif(0)/m/n/10 ções pedagóg-i-cas ad-vin-das dos mar-cos legais, 
do ar-cabouço teórico-metodológico
 []

[5686] [5687])
(/home/eyamrog/PycharmProjects/cl_st1_anna/cl_st1_ph2_anna/examples/f5_pos/f5_p
os_275.tex [5688] [5689])
(/home/eyamrog/PycharmProjects/cl_st1_anna/cl_st1_ph2_anna/examples/f5_pos/f5_p
os_276.tex [5690] [5691])
(/home/eyamrog/PycharmProjects/cl_st1_anna/cl_st1_ph2_anna/examples/f5_pos/f5_p
os_277.tex [5692] [5693] [5694])
(/home/eyamrog/PycharmProjects/cl_st1_anna/cl_st1_ph2_anna/examples/f5_pos/f5_p
os_278.tex [5695])
(/home/eyamrog/PycharmProjects/cl_st1_anna/cl_st1_ph2_anna/examples/f5_pos/f5_p
os_279.tex [5696] [5697])
(/home/eyamrog/PycharmProjects/cl_st1_anna/cl_st1_ph2_anna/examples/f5_pos/f5_p
os_280.tex [5698] [5699])
(/home/eyamrog/PycharmProjects/cl_st1_anna/cl_st1_ph2_anna/examples/f5_neg/f5_n
eg_001.tex [5700] [5701] [5702] [5703] [5704])
(/home/eyamrog/PycharmProjects/cl_st1_anna/cl_st1_ph2_anna/examples/f5_neg/f5_n
eg_002.tex [5705] [5706])
(/home/eyamrog/PycharmProjects/cl_st1_anna/cl_st1_ph2_anna/examples/f5_neg/f5_n
eg_003.tex [5707] [5708])
(/home/eyamrog/PycharmProjects/cl_st1_anna/cl_st1_ph2_anna/examples/f5_neg/f5_n
eg_004.tex [5709] [5710] [5711])
(/home/eyamrog/PycharmProjects/cl_st1_anna/cl_st1_ph2_anna/examples/f5_neg/f5_n
eg_005.tex [5712] [5713])
(/home/eyamrog/PycharmProjects/cl_st1_anna/cl_st1_ph2_anna/examples/f5_neg/f5_n
eg_006.tex [5714] [5715])
(/home/eyamrog/PycharmProjects/cl_st1_anna/cl_st1_ph2_anna/examples/f5_neg/f5_n
eg_007.tex [5716] [5717])
(/home/eyamrog/PycharmProjects/cl_st1_anna/cl_st1_ph2_anna/examples/f5_neg/f5_n
eg_008.tex [5718] [5719])
(/home/eyamrog/PycharmProjects/cl_st1_anna/cl_st1_ph2_anna/examples/f5_neg/f5_n
eg_009.tex [5720])
(/home/eyamrog/PycharmProjects/cl_st1_anna/cl_st1_ph2_anna/examples/f5_neg/f5_n
eg_010.tex [5721])
(/home/eyamrog/PycharmProjects/cl_st1_anna/cl_st1_ph2_anna/examples/f5_neg/f5_n
eg_011.tex
Overfull \hbox (13.5129pt too wide) in paragraph at lines 1--34
[]  \TU/DejaVuSerif(0)/m/n/10 5.1. ED-U-CAÇÃO AN-TIR-RACISTA, EN-SINO DA HIST
ÓRIA E CUL-TURA AFRICANA
 []

[5722] [5723] [5724])
(/home/eyamrog/PycharmProjects/cl_st1_anna/cl_st1_ph2_anna/examples/f5_neg/f5_n
eg_012.tex
Missing character: There is no ° (U+00B0) in font nullfont!
Missing character: There is no ° (U+00B0) in font nullfont!
Missing character: There is no ° (U+00B0) in font nullfont!
Missing character: There is no ° (U+00B0) in font nullfont!
[5725] [5726
Missing character: There is no ° (U+00B0) in font nullfont!
Missing character: There is no ° (U+00B0) in font nullfont!
] [5727] [5728] [5729] [5730])
(/home/eyamrog/PycharmProjects/cl_st1_anna/cl_st1_ph2_anna/examples/f5_neg/f5_n
eg_013.tex [5731])
(/home/eyamrog/PycharmProjects/cl_st1_anna/cl_st1_ph2_anna/examples/f5_neg/f5_n
eg_014.tex [5732] [5733] [5734])
(/home/eyamrog/PycharmProjects/cl_st1_anna/cl_st1_ph2_anna/examples/f5_neg/f5_n
eg_015.tex
Overfull \hbox (0.46419pt too wide) in paragraph at lines 1--19
\TU/DejaVuSerif(0)/m/n/10 siderando as di-ver-si-dades destas iden-ti-dades que in-te-gram o con-junto de profis-
 []

[5735])
(/home/eyamrog/PycharmProjects/cl_st1_anna/cl_st1_ph2_anna/examples/f5_neg/f5_n
eg_016.tex
Missing character: There is no ° (U+00B0) in font nullfont!
Missing character: There is no ° (U+00B0) in font nullfont!
[5736] [5737] [5738
Missing character: There is no ° (U+00B0) in font nullfont!
] [5739] [5740])
(/home/eyamrog/PycharmProjects/cl_st1_anna/cl_st1_ph2_anna/examples/f5_neg/f5_n
eg_017.tex [5741] [5742])
(/home/eyamrog/PycharmProjects/cl_st1_anna/cl_st1_ph2_anna/examples/f5_neg/f5_n
eg_018.tex [5743] [5744])
(/home/eyamrog/PycharmProjects/cl_st1_anna/cl_st1_ph2_anna/examples/f5_neg/f5_n
eg_019.tex [5745] [5746])
(/home/eyamrog/PycharmProjects/cl_st1_anna/cl_st1_ph2_anna/examples/f5_neg/f5_n
eg_020.tex [5747])
(/home/eyamrog/PycharmProjects/cl_st1_anna/cl_st1_ph2_anna/examples/f5_neg/f5_n
eg_021.tex [5748] [5749])
(/home/eyamrog/PycharmProjects/cl_st1_anna/cl_st1_ph2_anna/examples/f5_neg/f5_n
eg_022.tex
Overfull \hbox (0.71712pt too wide) in paragraph at lines 1--13
\TU/DejaVuSerif(0)/m/n/10 mais abrangente, a saúde é re-sul-tante das condi
ções de al-i-men-tação, habitação,
 []

)
(/home/eyamrog/PycharmProjects/cl_st1_anna/cl_st1_ph2_anna/examples/f5_neg/f5_n
eg_023.tex [5750] [5751])
(/home/eyamrog/PycharmProjects/cl_st1_anna/cl_st1_ph2_anna/examples/f5_neg/f5_n
eg_024.tex [5752])
(/home/eyamrog/PycharmProjects/cl_st1_anna/cl_st1_ph2_anna/examples/f5_neg/f5_n
eg_025.tex [5753] [5754])
(/home/eyamrog/PycharmProjects/cl_st1_anna/cl_st1_ph2_anna/examples/f5_neg/f5_n
eg_026.tex [5755])
(/home/eyamrog/PycharmProjects/cl_st1_anna/cl_st1_ph2_anna/examples/f5_neg/f5_n
eg_027.tex
Missing character: There is no ° (U+00B0) in font nullfont!
Missing character: There is no ° (U+00B0) in font nullfont!
Missing character: There is no ° (U+00B0) in font nullfont!
Missing character: There is no ° (U+00B0) in font nullfont!
[5756])
(/home/eyamrog/PycharmProjects/cl_st1_anna/cl_st1_ph2_anna/examples/f5_neg/f5_n
eg_028.tex [5757
Missing character: There is no ° (U+00B0) in font nullfont!
Missing character: There is no ° (U+00B0) in font nullfont!
] [5758])
(/home/eyamrog/PycharmProjects/cl_st1_anna/cl_st1_ph2_anna/examples/f5_neg/f5_n
eg_029.tex [5759])
(/home/eyamrog/PycharmProjects/cl_st1_anna/cl_st1_ph2_anna/examples/f5_neg/f5_n
eg_030.tex [5760] [5761])
(/home/eyamrog/PycharmProjects/cl_st1_anna/cl_st1_ph2_anna/examples/f5_neg/f5_n
eg_031.tex [5762] [5763] [5764] [5765] [5766] [5767] [5768])
(/home/eyamrog/PycharmProjects/cl_st1_anna/cl_st1_ph2_anna/examples/f5_neg/f5_n
eg_032.tex
Overfull \hbox (4.90295pt too wide) in paragraph at lines 1--15
[]  \TU/DejaVuSerif(0)/m/n/10 PARTE I - O EN-SINO MÉ-DIO NO BRASIL : SU-JEITOS,
 MODAL-I-DADES E PRINCÍ-
 []

[5769] [5770])
(/home/eyamrog/PycharmProjects/cl_st1_anna/cl_st1_ph2_anna/examples/f5_neg/f5_n
eg_033.tex [5771])
(/home/eyamrog/PycharmProjects/cl_st1_anna/cl_st1_ph2_anna/examples/f5_neg/f5_n
eg_034.tex [5772] [5773] [5774])
(/home/eyamrog/PycharmProjects/cl_st1_anna/cl_st1_ph2_anna/examples/f5_neg/f5_n
eg_035.tex [5775] [5776])
(/home/eyamrog/PycharmProjects/cl_st1_anna/cl_st1_ph2_anna/examples/f5_neg/f5_n
eg_036.tex [5777] [5778])
(/home/eyamrog/PycharmProjects/cl_st1_anna/cl_st1_ph2_anna/examples/f5_neg/f5_n
eg_037.tex
Missing character: There is no ° (U+00B0) in font nullfont!
Missing character: There is no ° (U+00B0) in font nullfont!
[5779] [5780
Missing character: There is no ° (U+00B0) in font nullfont!
])
(/home/eyamrog/PycharmProjects/cl_st1_anna/cl_st1_ph2_anna/examples/f5_neg/f5_n
eg_038.tex [5781] [5782] [5783])
(/home/eyamrog/PycharmProjects/cl_st1_anna/cl_st1_ph2_anna/examples/f5_neg/f5_n
eg_039.tex)
(/home/eyamrog/PycharmProjects/cl_st1_anna/cl_st1_ph2_anna/examples/f5_neg/f5_n
eg_040.tex [5784] [5785])
(/home/eyamrog/PycharmProjects/cl_st1_anna/cl_st1_ph2_anna/examples/f5_neg/f5_n
eg_041.tex [5786] [5787])
(/home/eyamrog/PycharmProjects/cl_st1_anna/cl_st1_ph2_anna/examples/f5_neg/f5_n
eg_042.tex [5788] [5789] [5790])
(/home/eyamrog/PycharmProjects/cl_st1_anna/cl_st1_ph2_anna/examples/f5_neg/f5_n
eg_043.tex [5791] [5792])
(/home/eyamrog/PycharmProjects/cl_st1_anna/cl_st1_ph2_anna/examples/f5_neg/f5_n
eg_044.tex [5793] [5794])
(/home/eyamrog/PycharmProjects/cl_st1_anna/cl_st1_ph2_anna/examples/f5_neg/f5_n
eg_045.tex [5795] [5796])
(/home/eyamrog/PycharmProjects/cl_st1_anna/cl_st1_ph2_anna/examples/f5_neg/f5_n
eg_046.tex [5797] [5798])
(/home/eyamrog/PycharmProjects/cl_st1_anna/cl_st1_ph2_anna/examples/f5_neg/f5_n
eg_047.tex [5799] [5800] [5801])
(/home/eyamrog/PycharmProjects/cl_st1_anna/cl_st1_ph2_anna/examples/f5_neg/f5_n
eg_048.tex [5802] [5803])
(/home/eyamrog/PycharmProjects/cl_st1_anna/cl_st1_ph2_anna/examples/f5_neg/f5_n
eg_049.tex [5804] [5805])
(/home/eyamrog/PycharmProjects/cl_st1_anna/cl_st1_ph2_anna/examples/f5_neg/f5_n
eg_050.tex [5806] [5807] [5808] [5809])
(/home/eyamrog/PycharmProjects/cl_st1_anna/cl_st1_ph2_anna/examples/f5_neg/f5_n
eg_051.tex [5810] [5811])
(/home/eyamrog/PycharmProjects/cl_st1_anna/cl_st1_ph2_anna/examples/f5_neg/f5_n
eg_052.tex [5812] [5813])
(/home/eyamrog/PycharmProjects/cl_st1_anna/cl_st1_ph2_anna/examples/f5_neg/f5_n
eg_053.tex [5814] [5815])
(/home/eyamrog/PycharmProjects/cl_st1_anna/cl_st1_ph2_anna/examples/f5_neg/f5_n
eg_054.tex [5816] [5817] [5818])
(/home/eyamrog/PycharmProjects/cl_st1_anna/cl_st1_ph2_anna/examples/f5_neg/f5_n
eg_055.tex
Overfull \hbox (7.36006pt too wide) in paragraph at lines 1--19
[]  \TU/DejaVuSerif(0)/m/n/10 COM-PETÊN-CIAS ES-PECÍ-FI-CAS DE EN-SINO RE-LI-G
IOSO PARA O EN-SINO FUN-
 []


Overfull \hbox (12.44394pt too wide) in paragraph at lines 1--19
\TU/DejaVuSerif(0)/m/n/10 DA-MEN-TAL 1. Con-hecer os as-pec-tos es-tru-tu-rantes
 das difer-entes tradições/movi-
 []

)
(/home/eyamrog/PycharmProjects/cl_st1_anna/cl_st1_ph2_anna/examples/f5_neg/f5_n
eg_056.tex [5819] [5820])
(/home/eyamrog/PycharmProjects/cl_st1_anna/cl_st1_ph2_anna/examples/f5_neg/f5_n
eg_057.tex [5821] [5822] [5823])
(/home/eyamrog/PycharmProjects/cl_st1_anna/cl_st1_ph2_anna/examples/f5_neg/f5_n
eg_058.tex)
(/home/eyamrog/PycharmProjects/cl_st1_anna/cl_st1_ph2_anna/examples/f5_neg/f5_n
eg_059.tex [5824])
(/home/eyamrog/PycharmProjects/cl_st1_anna/cl_st1_ph2_anna/examples/f5_neg/f5_n
eg_060.tex)
(/home/eyamrog/PycharmProjects/cl_st1_anna/cl_st1_ph2_anna/examples/f5_neg/f5_n
eg_061.tex [5825] [5826])
(/home/eyamrog/PycharmProjects/cl_st1_anna/cl_st1_ph2_anna/examples/f5_neg/f5_n
eg_062.tex [5827] [5828] [5829])
(/home/eyamrog/PycharmProjects/cl_st1_anna/cl_st1_ph2_anna/examples/f5_neg/f5_n
eg_063.tex [5830] [5831])
(/home/eyamrog/PycharmProjects/cl_st1_anna/cl_st1_ph2_anna/examples/f5_neg/f5_n
eg_064.tex [5832] [5833])
(/home/eyamrog/PycharmProjects/cl_st1_anna/cl_st1_ph2_anna/examples/f5_neg/f5_n
eg_065.tex [5834])
(/home/eyamrog/PycharmProjects/cl_st1_anna/cl_st1_ph2_anna/examples/f5_neg/f5_n
eg_066.tex [5835])
(/home/eyamrog/PycharmProjects/cl_st1_anna/cl_st1_ph2_anna/examples/f5_neg/f5_n
eg_067.tex [5836])
(/home/eyamrog/PycharmProjects/cl_st1_anna/cl_st1_ph2_anna/examples/f5_neg/f5_n
eg_068.tex [5837])
(/home/eyamrog/PycharmProjects/cl_st1_anna/cl_st1_ph2_anna/examples/f5_neg/f5_n
eg_069.tex)
(/home/eyamrog/PycharmProjects/cl_st1_anna/cl_st1_ph2_anna/examples/f5_neg/f5_n
eg_070.tex [5838])
(/home/eyamrog/PycharmProjects/cl_st1_anna/cl_st1_ph2_anna/examples/f5_neg/f5_n
eg_071.tex
Overfull \hbox (20.44792pt too wide) in paragraph at lines 1--36
[]  \TU/DejaVuSerif(0)/m/n/10 2.3.5. Ed-u-cação Quilom-bola Quilom-bos são
”gru-pos étnico-raciais se-gundo critérios
 []

[5839] [5840] [5841])
(/home/eyamrog/PycharmProjects/cl_st1_anna/cl_st1_ph2_anna/examples/f5_neg/f5_n
eg_072.tex [5842] [5843] [5844])
(/home/eyamrog/PycharmProjects/cl_st1_anna/cl_st1_ph2_anna/examples/f5_neg/f5_n
eg_073.tex [5845] [5846])
(/home/eyamrog/PycharmProjects/cl_st1_anna/cl_st1_ph2_anna/examples/f5_neg/f5_n
eg_074.tex)
(/home/eyamrog/PycharmProjects/cl_st1_anna/cl_st1_ph2_anna/examples/f5_neg/f5_n
eg_075.tex [5847] [5848])
(/home/eyamrog/PycharmProjects/cl_st1_anna/cl_st1_ph2_anna/examples/f5_neg/f5_n
eg_076.tex [5849])
(/home/eyamrog/PycharmProjects/cl_st1_anna/cl_st1_ph2_anna/examples/f5_neg/f5_n
eg_077.tex [5850])
(/home/eyamrog/PycharmProjects/cl_st1_anna/cl_st1_ph2_anna/examples/f5_neg/f5_n
eg_078.tex [5851] [5852] [5853])
(/home/eyamrog/PycharmProjects/cl_st1_anna/cl_st1_ph2_anna/examples/f5_neg/f5_n
eg_079.tex [5854])
(/home/eyamrog/PycharmProjects/cl_st1_anna/cl_st1_ph2_anna/examples/f5_neg/f5_n
eg_080.tex [5855] [5856] [5857])
(/home/eyamrog/PycharmProjects/cl_st1_anna/cl_st1_ph2_anna/examples/f5_neg/f5_n
eg_081.tex [5858] [5859] [5860] [5861] [5862])
(/home/eyamrog/PycharmProjects/cl_st1_anna/cl_st1_ph2_anna/examples/f5_neg/f5_n
eg_082.tex [5863] [5864] [5865] [5866])
(/home/eyamrog/PycharmProjects/cl_st1_anna/cl_st1_ph2_anna/examples/f5_neg/f5_n
eg_083.tex [5867] [5868] [5869] [5870] [5871])
(/home/eyamrog/PycharmProjects/cl_st1_anna/cl_st1_ph2_anna/examples/f5_neg/f5_n
eg_084.tex [5872])
(/home/eyamrog/PycharmProjects/cl_st1_anna/cl_st1_ph2_anna/examples/f5_neg/f5_n
eg_085.tex [5873])
(/home/eyamrog/PycharmProjects/cl_st1_anna/cl_st1_ph2_anna/examples/f5_neg/f5_n
eg_086.tex
Overfull \hbox (36.56015pt too wide) in paragraph at lines 1--9
\TU/DejaVuSerif(0)/m/n/10 FUN-DA-MEN-TAL 1. Con-hecer os as-pec-tos es-tru-tu-ra
ntes das difer-entes tradições/movi-
 []

)
(/home/eyamrog/PycharmProjects/cl_st1_anna/cl_st1_ph2_anna/examples/f5_neg/f5_n
eg_087.tex [5874])
(/home/eyamrog/PycharmProjects/cl_st1_anna/cl_st1_ph2_anna/examples/f5_neg/f5_n
eg_088.tex [5875])
(/home/eyamrog/PycharmProjects/cl_st1_anna/cl_st1_ph2_anna/examples/f5_neg/f5_n
eg_089.tex [5876])
(/home/eyamrog/PycharmProjects/cl_st1_anna/cl_st1_ph2_anna/examples/f5_neg/f5_n
eg_090.tex [5877] [5878])
(/home/eyamrog/PycharmProjects/cl_st1_anna/cl_st1_ph2_anna/examples/f5_neg/f5_n
eg_091.tex [5879] [5880])
(/home/eyamrog/PycharmProjects/cl_st1_anna/cl_st1_ph2_anna/examples/f5_neg/f5_n
eg_092.tex
Overfull \hbox (25.07495pt too wide) in paragraph at lines 1--22
\TU/DejaVuSerif(0)/m/n/10 Text Sam-ple 2612: NEG Dim 5 – rj – Score -1.00 
– rj/rj_ef_cien-cias_hu-manas_his_2.txt 
 []

[5881])
(/home/eyamrog/PycharmProjects/cl_st1_anna/cl_st1_ph2_anna/examples/f5_neg/f5_n
eg_093.tex [5882])
(/home/eyamrog/PycharmProjects/cl_st1_anna/cl_st1_ph2_anna/examples/f5_neg/f5_n
eg_094.tex
Missing character: There is no ° (U+00B0) in font nullfont!

Overfull \hbox (2.35384pt too wide) in paragraph at lines 1--17
\TU/DejaVuSerif(0)/m/n/10 rial ap-re-sen-tar al-guns pon-tos que são pri-mor-di
ais à re-flexão da prática pedagóg-
 []

Missing character: There is no ° (U+00B0) in font nullfont!
[5883])
(/home/eyamrog/PycharmProjects/cl_st1_anna/cl_st1_ph2_anna/examples/f5_neg/f5_n
eg_095.tex [5884
Missing character: There is no ° (U+00B0) in font nullfont!
])
(/home/eyamrog/PycharmProjects/cl_st1_anna/cl_st1_ph2_anna/examples/f5_neg/f5_n
eg_096.tex [5885] [5886])
(/home/eyamrog/PycharmProjects/cl_st1_anna/cl_st1_ph2_anna/examples/f5_neg/f5_n
eg_097.tex [5887])
(/home/eyamrog/PycharmProjects/cl_st1_anna/cl_st1_ph2_anna/examples/f5_neg/f5_n
eg_098.tex [5888])
(/home/eyamrog/PycharmProjects/cl_st1_anna/cl_st1_ph2_anna/examples/f5_neg/f5_n
eg_099.tex [5889])
(/home/eyamrog/PycharmProjects/cl_st1_anna/cl_st1_ph2_anna/examples/f5_neg/f5_n
eg_100.tex [5890] [5891])
(/home/eyamrog/PycharmProjects/cl_st1_anna/cl_st1_ph2_anna/examples/f5_neg/f5_n
eg_101.tex
Overfull \hbox (9.52669pt too wide) in paragraph at lines 1--51
[]  \TU/DejaVuSerif(0)/m/n/10 3.4.6 Di-re-trizes para o en-sino do com-po-nente cur-ric-u-lar 3.4.6.1 Filosofia S
ócrates
 []

[5892] [5893] [5894])
(/home/eyamrog/PycharmProjects/cl_st1_anna/cl_st1_ph2_anna/examples/f5_neg/f5_n
eg_102.tex [5895] [5896])
(/home/eyamrog/PycharmProjects/cl_st1_anna/cl_st1_ph2_anna/examples/f5_neg/f5_n
eg_103.tex [5897] [5898])
(/home/eyamrog/PycharmProjects/cl_st1_anna/cl_st1_ph2_anna/examples/f5_neg/f5_n
eg_104.tex [5899] [5900])
(/home/eyamrog/PycharmProjects/cl_st1_anna/cl_st1_ph2_anna/examples/f5_neg/f5_n
eg_105.tex [5901] [5902] [5903] [5904])
(/home/eyamrog/PycharmProjects/cl_st1_anna/cl_st1_ph2_anna/examples/f5_neg/f5_n
eg_106.tex [5905] [5906] [5907])
(/home/eyamrog/PycharmProjects/cl_st1_anna/cl_st1_ph2_anna/examples/f5_neg/f5_n
eg_107.tex [5908] [5909] [5910])
(/home/eyamrog/PycharmProjects/cl_st1_anna/cl_st1_ph2_anna/examples/f5_neg/f5_n
eg_108.tex [5911])
(/home/eyamrog/PycharmProjects/cl_st1_anna/cl_st1_ph2_anna/examples/f5_neg/f5_n
eg_109.tex [5912])
(/home/eyamrog/PycharmProjects/cl_st1_anna/cl_st1_ph2_anna/examples/f5_neg/f5_n
eg_110.tex [5913])
(/home/eyamrog/PycharmProjects/cl_st1_anna/cl_st1_ph2_anna/examples/f5_neg/f5_n
eg_111.tex [5914] [5915])
(/home/eyamrog/PycharmProjects/cl_st1_anna/cl_st1_ph2_anna/examples/f5_neg/f5_n
eg_112.tex
Overfull \hbox (12.29231pt too wide) in paragraph at lines 1--18
\TU/DejaVuSerif(0)/m/n/10 mos os com-po-nentes cur-ric-u-lares da parte de for-m
ação di-ver-si-fi-cada, é necessário
 []

[5916] [5917])
(/home/eyamrog/PycharmProjects/cl_st1_anna/cl_st1_ph2_anna/examples/f5_neg/f5_n
eg_113.tex [5918])
(/home/eyamrog/PycharmProjects/cl_st1_anna/cl_st1_ph2_anna/examples/f5_neg/f5_n
eg_114.tex
Overfull \hbox (11.469pt too wide) in paragraph at lines 1--11
[]  \TU/DejaVuSerif(0)/m/n/10 Ar-tic-u-lação en-tre ed-u-cação profis-sional
 e téc-nica e en-sino mé-dio A Lei nº 5.692/71
 []

[5919])
(/home/eyamrog/PycharmProjects/cl_st1_anna/cl_st1_ph2_anna/examples/f5_neg/f5_n
eg_115.tex [5920] [5921])
(/home/eyamrog/PycharmProjects/cl_st1_anna/cl_st1_ph2_anna/examples/f5_neg/f5_n
eg_116.tex [5922] [5923] [5924])
(/home/eyamrog/PycharmProjects/cl_st1_anna/cl_st1_ph2_anna/examples/f5_neg/f5_n
eg_117.tex [5925] [5926] [5927])
(/home/eyamrog/PycharmProjects/cl_st1_anna/cl_st1_ph2_anna/examples/f5_neg/f5_n
eg_118.tex [5928])
(/home/eyamrog/PycharmProjects/cl_st1_anna/cl_st1_ph2_anna/examples/f5_neg/f5_n
eg_119.tex [5929] [5930] [5931])
(/home/eyamrog/PycharmProjects/cl_st1_anna/cl_st1_ph2_anna/examples/f5_neg/f5_n
eg_120.tex [5932] [5933] [5934] [5935])
(/home/eyamrog/PycharmProjects/cl_st1_anna/cl_st1_ph2_anna/examples/f5_neg/f5_n
eg_121.tex [5936])
(/home/eyamrog/PycharmProjects/cl_st1_anna/cl_st1_ph2_anna/examples/f5_neg/f5_n
eg_122.tex [5937])
(/home/eyamrog/PycharmProjects/cl_st1_anna/cl_st1_ph2_anna/examples/f5_neg/f5_n
eg_123.tex [5938])
(/home/eyamrog/PycharmProjects/cl_st1_anna/cl_st1_ph2_anna/examples/f5_neg/f5_n
eg_124.tex)
(/home/eyamrog/PycharmProjects/cl_st1_anna/cl_st1_ph2_anna/examples/f5_neg/f5_n
eg_125.tex [5939])
(/home/eyamrog/PycharmProjects/cl_st1_anna/cl_st1_ph2_anna/examples/f5_neg/f5_n
eg_126.tex
Missing character: There is no ° (U+00B0) in font nullfont!
Missing character: There is no ° (U+00B0) in font nullfont!
[5940] [5941])
(/home/eyamrog/PycharmProjects/cl_st1_anna/cl_st1_ph2_anna/examples/f5_neg/f5_n
eg_127.tex [5942
Missing character: There is no ° (U+00B0) in font nullfont!
])
(/home/eyamrog/PycharmProjects/cl_st1_anna/cl_st1_ph2_anna/examples/f5_neg/f5_n
eg_128.tex [5943])
(/home/eyamrog/PycharmProjects/cl_st1_anna/cl_st1_ph2_anna/examples/f5_neg/f5_n
eg_129.tex
Overfull \hbox (0.46028pt too wide) in paragraph at lines 1--57
\TU/DejaVuSerif(0)/m/n/10 les-centes, jovens, adul-tos e idosos, re-con-hecendo suas es-peci-fi-ci-dades de viv
ên-
 []

[5944] [5945] [5946])
(/home/eyamrog/PycharmProjects/cl_st1_anna/cl_st1_ph2_anna/examples/f5_neg/f5_n
eg_130.tex [5947] [5948])
(/home/eyamrog/PycharmProjects/cl_st1_anna/cl_st1_ph2_anna/examples/f5_neg/f5_n
eg_131.tex [5949])
(/home/eyamrog/PycharmProjects/cl_st1_anna/cl_st1_ph2_anna/examples/f5_neg/f5_n
eg_132.tex [5950] [5951] [5952] [5953])
(/home/eyamrog/PycharmProjects/cl_st1_anna/cl_st1_ph2_anna/examples/f5_neg/f5_n
eg_133.tex [5954] [5955])
(/home/eyamrog/PycharmProjects/cl_st1_anna/cl_st1_ph2_anna/examples/f5_neg/f5_n
eg_134.tex [5956] [5957])
(/home/eyamrog/PycharmProjects/cl_st1_anna/cl_st1_ph2_anna/examples/f5_neg/f5_n
eg_135.tex [5958])
(/home/eyamrog/PycharmProjects/cl_st1_anna/cl_st1_ph2_anna/examples/f5_neg/f5_n
eg_136.tex [5959])
(/home/eyamrog/PycharmProjects/cl_st1_anna/cl_st1_ph2_anna/examples/f5_neg/f5_n
eg_137.tex
Overfull \hbox (23.30583pt too wide) in paragraph at lines 1--9
\TU/DejaVuSerif(0)/m/n/10 TEC-NOLÓG-ICA A nova es-tru-tura do En-sino Mé-dio, definida pela Lei n
º 13.415/2017,
 []


Overfull \hbox (7.18782pt too wide) in paragraph at lines 1--9
\TU/DejaVuSerif(0)/m/n/10 con-teú-dos rela-ciona-dos à BNCC, ar-tic-u-la-dos 
em Itin-erários For-ma-tivos ( BRASIL,
 []

[5960])
(/home/eyamrog/PycharmProjects/cl_st1_anna/cl_st1_ph2_anna/examples/f5_neg/f5_n
eg_138.tex
Overfull \hbox (3.29329pt too wide) in paragraph at lines 1--24
\TU/DejaVuSerif(0)/m/n/10 dis-pen-sável para com-preen-der, val-i-dar ou red-i-
men-sionar o tra-balho pedagógico.
 []


Overfull \hbox (0.87923pt too wide) in paragraph at lines 1--24
\TU/DejaVuSerif(0)/m/n/10 Em se tratando do tra-balho em in-sti-tu-ições de ed
-u-cação co-le-tiva para a primeira
 []

[5961])
(/home/eyamrog/PycharmProjects/cl_st1_anna/cl_st1_ph2_anna/examples/f5_neg/f5_n
eg_139.tex [5962] [5963])
(/home/eyamrog/PycharmProjects/cl_st1_anna/cl_st1_ph2_anna/examples/f5_neg/f5_n
eg_140.tex [5964] [5965])
(/home/eyamrog/PycharmProjects/cl_st1_anna/cl_st1_ph2_anna/examples/f5_neg/f5_n
eg_141.tex [5966])
(/home/eyamrog/PycharmProjects/cl_st1_anna/cl_st1_ph2_anna/examples/f5_neg/f5_n
eg_142.tex
Overfull \hbox (2.77571pt too wide) in paragraph at lines 1--25
\TU/DejaVuSerif(0)/m/n/10 nas re-lações, nas in-ter-ações e em práti-cas ed
-uca-ti-vas in-ten-cional-mente voltadas
 []

[5967])
(/home/eyamrog/PycharmProjects/cl_st1_anna/cl_st1_ph2_anna/examples/f5_neg/f5_n
eg_143.tex [5968] [5969])
(/home/eyamrog/PycharmProjects/cl_st1_anna/cl_st1_ph2_anna/examples/f5_neg/f5_n
eg_144.tex [5970] [5971])
(/home/eyamrog/PycharmProjects/cl_st1_anna/cl_st1_ph2_anna/examples/f5_neg/f5_n
eg_145.tex [5972] [5973])
(/home/eyamrog/PycharmProjects/cl_st1_anna/cl_st1_ph2_anna/examples/f5_neg/f5_n
eg_146.tex [5974] [5975])
(/home/eyamrog/PycharmProjects/cl_st1_anna/cl_st1_ph2_anna/examples/f5_neg/f5_n
eg_147.tex [5976] [5977] [5978])
(/home/eyamrog/PycharmProjects/cl_st1_anna/cl_st1_ph2_anna/examples/f5_neg/f5_n
eg_148.tex [5979] [5980] [5981])
(/home/eyamrog/PycharmProjects/cl_st1_anna/cl_st1_ph2_anna/examples/f5_neg/f5_n
eg_149.tex [5982])
(/home/eyamrog/PycharmProjects/cl_st1_anna/cl_st1_ph2_anna/examples/f5_neg/f5_n
eg_150.tex [5983])
(/home/eyamrog/PycharmProjects/cl_st1_anna/cl_st1_ph2_anna/examples/f5_neg/f5_n
eg_151.tex [5984] [5985] [5986])
(/home/eyamrog/PycharmProjects/cl_st1_anna/cl_st1_ph2_anna/examples/f5_neg/f5_n
eg_152.tex [5987] [5988] [5989])
(/home/eyamrog/PycharmProjects/cl_st1_anna/cl_st1_ph2_anna/examples/f5_neg/f5_n
eg_153.tex
Overfull \hbox (4.71907pt too wide) in paragraph at lines 1--35
\TU/DejaVuSerif(0)/m/n/10 ciso con-sid-erar as condições ob-je-ti-vas e sub-je
-ti-vas dos in-di-ví-duos, que abrangem
 []


Overfull \hbox (10.86897pt too wide) in paragraph at lines 1--35
\TU/DejaVuSerif(0)/m/n/10 cadores : es-tu-dos so-cioe-conômi-cos, plane-ja-ment
o de de-sen-volvi-mento econômico
 []


Overfull \hbox (7.44566pt too wide) in paragraph at lines 1--35
\TU/DejaVuSerif(0)/m/n/10 cais. - IN-FRAESTRU-TURA - RE-CUR-SOS HU-MANOS - PO-TE
N-CIAL ECONÔMICO
 []

[5990] [5991] [5992])
(/home/eyamrog/PycharmProjects/cl_st1_anna/cl_st1_ph2_anna/examples/f5_neg/f5_n
eg_154.tex
Missing character: There is no ° (U+00B0) in font nullfont!
Missing character: There is no ° (U+00B0) in font nullfont!
Missing character: There is no ° (U+00B0) in font nullfont!
Missing character: There is no ° (U+00B0) in font nullfont!
Missing character: There is no ° (U+00B0) in font nullfont!
Missing character: There is no ° (U+00B0) in font nullfont!
[5993] [5994
Missing character: There is no ° (U+00B0) in font nullfont!
Missing character: There is no ° (U+00B0) in font nullfont!
Missing character: There is no ° (U+00B0) in font nullfont!
])
(/home/eyamrog/PycharmProjects/cl_st1_anna/cl_st1_ph2_anna/examples/f5_neg/f5_n
eg_155.tex
Overfull \hbox (1.39192pt too wide) in paragraph at lines 1--37
\TU/DejaVuSerif(0)/m/n/10 trans-for-mações so-cio-cul-tur-ais provo-caram mu-d
anças paradig-máti-cas no campo
 []

[5995] [5996])
(/home/eyamrog/PycharmProjects/cl_st1_anna/cl_st1_ph2_anna/examples/f5_neg/f5_n
eg_156.tex
Overfull \hbox (7.36006pt too wide) in paragraph at lines 1--9
[]  \TU/DejaVuSerif(0)/m/n/10 COM-PETÊN-CIAS ES-PECÍ-FI-CAS DE EN-SINO RE-LI-G
IOSO PARA O EN-SINO FUN-
 []


Overfull \hbox (12.44394pt too wide) in paragraph at lines 1--9
\TU/DejaVuSerif(0)/m/n/10 DA-MEN-TAL 1. Con-hecer os as-pec-tos es-tru-tu-rantes
 das difer-entes tradições/movi-
 []

[5997])
(/home/eyamrog/PycharmProjects/cl_st1_anna/cl_st1_ph2_anna/examples/f5_neg/f5_n
eg_157.tex [5998] [5999])
(/home/eyamrog/PycharmProjects/cl_st1_anna/cl_st1_ph2_anna/examples/f5_neg/f5_n
eg_158.tex [6000])
(/home/eyamrog/PycharmProjects/cl_st1_anna/cl_st1_ph2_anna/examples/f5_neg/f5_n
eg_159.tex [6001] [6002])
(/home/eyamrog/PycharmProjects/cl_st1_anna/cl_st1_ph2_anna/examples/f5_neg/f5_n
eg_160.tex [6003])
(/home/eyamrog/PycharmProjects/cl_st1_anna/cl_st1_ph2_anna/examples/f5_neg/f5_n
eg_161.tex [6004] [6005])
(/home/eyamrog/PycharmProjects/cl_st1_anna/cl_st1_ph2_anna/examples/f5_neg/f5_n
eg_162.tex
Overfull \hbox (12.30696pt too wide) in paragraph at lines 1--11
\TU/DejaVuSerif(0)/m/n/10 Ado-les-cente ( Lei nº 8.069/1990¹⁶ ), Ed-u-caç
ão para o Trân-sito ( Lei nº 9.503/1997¹⁷
 []


Overfull \hbox (29.92798pt too wide) in paragraph at lines 1--11
\TU/DejaVuSerif(0)/m/n/10 olução CNE/CP nº 2/2012¹⁸ ), Ed-u-cação Al-i-m
en-tar e Nu-tri-cional ( Lei nº 11.947/2009¹⁹
 []


Overfull \hbox (28.72493pt too wide) in paragraph at lines 1--11
\TU/DejaVuSerif(0)/m/n/10 ), Pro-cesso de En-vel-hec-i-mento, Re-speito e Val-or
iza-ção do Idoso ( Lei nº 10.741/2003²⁰
 []

[6006])
(/home/eyamrog/PycharmProjects/cl_st1_anna/cl_st1_ph2_anna/examples/f5_neg/f5_n
eg_163.tex [6007])
(/home/eyamrog/PycharmProjects/cl_st1_anna/cl_st1_ph2_anna/examples/f5_neg/f5_n
eg_164.tex [6008] [6009])
(/home/eyamrog/PycharmProjects/cl_st1_anna/cl_st1_ph2_anna/examples/f5_neg/f5_n
eg_165.tex [6010] [6011] [6012] [6013])
(/home/eyamrog/PycharmProjects/cl_st1_anna/cl_st1_ph2_anna/examples/f5_neg/f5_n
eg_166.tex [6014])
(/home/eyamrog/PycharmProjects/cl_st1_anna/cl_st1_ph2_anna/examples/f5_neg/f5_n
eg_167.tex [6015])
(/home/eyamrog/PycharmProjects/cl_st1_anna/cl_st1_ph2_anna/examples/f5_neg/f5_n
eg_168.tex [6016] [6017] [6018])
(/home/eyamrog/PycharmProjects/cl_st1_anna/cl_st1_ph2_anna/examples/f5_neg/f5_n
eg_169.tex [6019])
(/home/eyamrog/PycharmProjects/cl_st1_anna/cl_st1_ph2_anna/examples/f5_neg/f5_n
eg_170.tex [6020] [6021] [6022] [6023])
(/home/eyamrog/PycharmProjects/cl_st1_anna/cl_st1_ph2_anna/examples/f5_neg/f5_n
eg_171.tex [6024] [6025])
(/home/eyamrog/PycharmProjects/cl_st1_anna/cl_st1_ph2_anna/examples/f5_neg/f5_n
eg_172.tex [6026] [6027])
(/home/eyamrog/PycharmProjects/cl_st1_anna/cl_st1_ph2_anna/examples/f5_neg/f5_n
eg_173.tex [6028] [6029] [6030] [6031])
(/home/eyamrog/PycharmProjects/cl_st1_anna/cl_st1_ph2_anna/examples/f5_neg/f5_n
eg_174.tex)
(/home/eyamrog/PycharmProjects/cl_st1_anna/cl_st1_ph2_anna/examples/f5_neg/f5_n
eg_175.tex [6032])
(/home/eyamrog/PycharmProjects/cl_st1_anna/cl_st1_ph2_anna/examples/f5_neg/f5_n
eg_176.tex [6033] [6034])
(/home/eyamrog/PycharmProjects/cl_st1_anna/cl_st1_ph2_anna/examples/f5_neg/f5_n
eg_177.tex [6035] [6036])
(/home/eyamrog/PycharmProjects/cl_st1_anna/cl_st1_ph2_anna/examples/f5_neg/f5_n
eg_178.tex [6037])
(/home/eyamrog/PycharmProjects/cl_st1_anna/cl_st1_ph2_anna/examples/f5_neg/f5_n
eg_179.tex [6038] [6039])
(/home/eyamrog/PycharmProjects/cl_st1_anna/cl_st1_ph2_anna/examples/f5_neg/f5_n
eg_180.tex [6040])
(/home/eyamrog/PycharmProjects/cl_st1_anna/cl_st1_ph2_anna/examples/f5_neg/f5_n
eg_181.tex [6041] [6042] [6043])
(/home/eyamrog/PycharmProjects/cl_st1_anna/cl_st1_ph2_anna/examples/f5_neg/f5_n
eg_182.tex [6044])
(/home/eyamrog/PycharmProjects/cl_st1_anna/cl_st1_ph2_anna/examples/f5_neg/f5_n
eg_183.tex [6045] [6046] [6047] [6048] [6049] [6050])
(/home/eyamrog/PycharmProjects/cl_st1_anna/cl_st1_ph2_anna/examples/f5_neg/f5_n
eg_184.tex [6051])
(/home/eyamrog/PycharmProjects/cl_st1_anna/cl_st1_ph2_anna/examples/f5_neg/f5_n
eg_185.tex [6052])
(/home/eyamrog/PycharmProjects/cl_st1_anna/cl_st1_ph2_anna/examples/f5_neg/f5_n
eg_186.tex
Overfull \hbox (1.76263pt too wide) in paragraph at lines 1--22
[]  \TU/DejaVuSerif(0)/m/n/10 En-sino Re-li-gioso CAR-AC-TER-I-ZA-ÇÃO DO COM-P
O-NENTE CUR-RIC-U-LAR DE EN-
 []

[6053] [6054])
(/home/eyamrog/PycharmProjects/cl_st1_anna/cl_st1_ph2_anna/examples/f5_neg/f5_n
eg_187.tex
Missing character: There is no ° (U+00B0) in font nullfont!
Missing character: There is no ° (U+00B0) in font nullfont!
Missing character: There is no ° (U+00B0) in font nullfont!
Missing character: There is no ° (U+00B0) in font nullfont!
Missing character: There is no ° (U+00B0) in font nullfont!
Missing character: There is no ° (U+00B0) in font nullfont!
Missing character: There is no ° (U+00B0) in font nullfont!
Missing character: There is no ° (U+00B0) in font nullfont!
Missing character: There is no ° (U+00B0) in font nullfont!
Missing character: There is no ° (U+00B0) in font nullfont!
Missing character: There is no ° (U+00B0) in font nullfont!
Missing character: There is no ° (U+00B0) in font nullfont!
[6055
Missing character: There is no ° (U+00B0) in font nullfont!
Missing character: There is no ° (U+00B0) in font nullfont!
Missing character: There is no ° (U+00B0) in font nullfont!
Missing character: There is no ° (U+00B0) in font nullfont!
Missing character: There is no ° (U+00B0) in font nullfont!
])
(/home/eyamrog/PycharmProjects/cl_st1_anna/cl_st1_ph2_anna/examples/f5_neg/f5_n
eg_188.tex [6056
Missing character: There is no ° (U+00B0) in font nullfont!
])
(/home/eyamrog/PycharmProjects/cl_st1_anna/cl_st1_ph2_anna/examples/f5_neg/f5_n
eg_189.tex [6057])
(/home/eyamrog/PycharmProjects/cl_st1_anna/cl_st1_ph2_anna/examples/f5_neg/f5_n
eg_190.tex [6058] [6059])
(/home/eyamrog/PycharmProjects/cl_st1_anna/cl_st1_ph2_anna/examples/f5_neg/f5_n
eg_191.tex [6060])
(/home/eyamrog/PycharmProjects/cl_st1_anna/cl_st1_ph2_anna/examples/f5_neg/f5_n
eg_192.tex [6061])
(/home/eyamrog/PycharmProjects/cl_st1_anna/cl_st1_ph2_anna/examples/f5_neg/f5_n
eg_193.tex [6062] [6063])
(/home/eyamrog/PycharmProjects/cl_st1_anna/cl_st1_ph2_anna/examples/f5_neg/f5_n
eg_194.tex [6064] [6065])
(/home/eyamrog/PycharmProjects/cl_st1_anna/cl_st1_ph2_anna/examples/f5_neg/f5_n
eg_195.tex [6066])
(/home/eyamrog/PycharmProjects/cl_st1_anna/cl_st1_ph2_anna/examples/f5_neg/f5_n
eg_196.tex [6067])
(/home/eyamrog/PycharmProjects/cl_st1_anna/cl_st1_ph2_anna/examples/f5_neg/f5_n
eg_197.tex)
(/home/eyamrog/PycharmProjects/cl_st1_anna/cl_st1_ph2_anna/examples/f5_neg/f5_n
eg_198.tex [6068] [6069])
(/home/eyamrog/PycharmProjects/cl_st1_anna/cl_st1_ph2_anna/examples/f5_neg/f5_n
eg_199.tex
Missing character: There is no ° (U+00B0) in font nullfont!
Missing character: There is no ° (U+00B0) in font nullfont!
Missing character: There is no ° (U+00B0) in font nullfont!
Missing character: There is no ° (U+00B0) in font nullfont!
[6070] [6071
Missing character: There is no ° (U+00B0) in font nullfont!
Missing character: There is no ° (U+00B0) in font nullfont!
])
(/home/eyamrog/PycharmProjects/cl_st1_anna/cl_st1_ph2_anna/examples/f5_neg/f5_n
eg_200.tex [6072])
(/home/eyamrog/PycharmProjects/cl_st1_anna/cl_st1_ph2_anna/examples/f5_neg/f5_n
eg_201.tex [6073])
(/home/eyamrog/PycharmProjects/cl_st1_anna/cl_st1_ph2_anna/examples/f5_neg/f5_n
eg_202.tex
Overfull \hbox (3.6722pt too wide) in paragraph at lines 1--18
[]  \TU/DejaVuSerif(0)/m/n/10 4.3.1 Cur-rículo e Or-ga-ni-za-ção do Atendi-me
nto Os cur-rícu-los da Ed-u-cação Básica
 []

[6074])
(/home/eyamrog/PycharmProjects/cl_st1_anna/cl_st1_ph2_anna/examples/f5_neg/f5_n
eg_203.tex [6075])
(/home/eyamrog/PycharmProjects/cl_st1_anna/cl_st1_ph2_anna/examples/f5_neg/f5_n
eg_204.tex
Missing character: There is no ° (U+00B0) in font nullfont!
Missing character: There is no ° (U+00B0) in font nullfont!
Missing character: There is no ° (U+00B0) in font nullfont!
Missing character: There is no ° (U+00B0) in font nullfont!
Missing character: There is no ° (U+00B0) in font nullfont!
Missing character: There is no ° (U+00B0) in font nullfont!
Missing character: There is no ° (U+00B0) in font nullfont!
Missing character: There is no ° (U+00B0) in font nullfont!
[6076] [6077] [6078
Missing character: There is no ° (U+00B0) in font nullfont!
Missing character: There is no ° (U+00B0) in font nullfont!
Missing character: There is no ° (U+00B0) in font nullfont!
])
(/home/eyamrog/PycharmProjects/cl_st1_anna/cl_st1_ph2_anna/examples/f5_neg/f5_n
eg_205.tex [6079
Missing character: There is no ° (U+00B0) in font nullfont!
])
(/home/eyamrog/PycharmProjects/cl_st1_anna/cl_st1_ph2_anna/examples/f5_neg/f5_n
eg_206.tex
Missing character: There is no ° (U+00B0) in font nullfont!
Missing character: There is no ° (U+00B0) in font nullfont!
Missing character: There is no ° (U+00B0) in font nullfont!
Missing character: There is no ° (U+00B0) in font nullfont!
Missing character: There is no ° (U+00B0) in font nullfont!
Missing character: There is no ° (U+00B0) in font nullfont!
Missing character: There is no ° (U+00B0) in font nullfont!
Missing character: There is no ° (U+00B0) in font nullfont!
Missing character: There is no ° (U+00B0) in font nullfont!
Missing character: There is no ° (U+00B0) in font nullfont!
Missing character: There is no ° (U+00B0) in font nullfont!
Missing character: There is no ° (U+00B0) in font nullfont!
[6080
Missing character: There is no ° (U+00B0) in font nullfont!
Missing character: There is no ° (U+00B0) in font nullfont!
Missing character: There is no ° (U+00B0) in font nullfont!
] [6081
Missing character: There is no ° (U+00B0) in font nullfont!
] [6082
Missing character: There is no ° (U+00B0) in font nullfont!
] [6083] [6084])
(/home/eyamrog/PycharmProjects/cl_st1_anna/cl_st1_ph2_anna/examples/f5_neg/f5_n
eg_207.tex [6085
Missing character: There is no ° (U+00B0) in font nullfont!
])
(/home/eyamrog/PycharmProjects/cl_st1_anna/cl_st1_ph2_anna/examples/f5_neg/f5_n
eg_208.tex [6086]
Missing character: There is no ° (U+00B0) in font nullfont!
Missing character: There is no ° (U+00B0) in font nullfont!
[6087
Missing character: There is no ° (U+00B0) in font nullfont!
])
(/home/eyamrog/PycharmProjects/cl_st1_anna/cl_st1_ph2_anna/examples/f5_neg/f5_n
eg_209.tex [6088] [6089])
(/home/eyamrog/PycharmProjects/cl_st1_anna/cl_st1_ph2_anna/examples/f5_neg/f5_n
eg_210.tex [6090] [6091] [6092])
(/home/eyamrog/PycharmProjects/cl_st1_anna/cl_st1_ph2_anna/examples/f5_neg/f5_n
eg_211.tex
Overfull \hbox (6.3689pt too wide) in paragraph at lines 1--19
\TU/DejaVuSerif(0)/m/n/10 Text Sam-ple 2731: NEG Dim 5 – sp – Score -1.00 
– sp/sp_ef_en-sino_re-li-gioso_1.txt 
 []

[6093] [6094])
(/home/eyamrog/PycharmProjects/cl_st1_anna/cl_st1_ph2_anna/examples/f5_neg/f5_n
eg_212.tex [6095])
(/home/eyamrog/PycharmProjects/cl_st1_anna/cl_st1_ph2_anna/examples/f5_neg/f5_n
eg_213.tex
Overfull \hbox (36.22241pt too wide) in paragraph at lines 1--30
\TU/DejaVuSerif(0)/m/n/10 Text Sam-ple 2733: NEG Dim 5 – sp – Score 1.00 
– sp/sp_ef_cien-cias_hu-manas_geo_4.txt 
 []

[6096] [6097])
(/home/eyamrog/PycharmProjects/cl_st1_anna/cl_st1_ph2_anna/examples/f5_neg/f5_n
eg_214.tex
Overfull \hbox (12.63216pt too wide) in paragraph at lines 1--31
\TU/DejaVuSerif(0)/m/n/10 preen-der fenô-menos e pro-ces-sos e para se posi-cio
narem de modo crítico-reflexivo,
 []

[6098])
(/home/eyamrog/PycharmProjects/cl_st1_anna/cl_st1_ph2_anna/examples/f5_neg/f5_n
eg_215.tex [6099] [6100])
(/home/eyamrog/PycharmProjects/cl_st1_anna/cl_st1_ph2_anna/examples/f5_neg/f5_n
eg_216.tex
Overfull \hbox (10.62671pt too wide) in paragraph at lines 1--38
\TU/DejaVuSerif(0)/m/n/10 Text Sam-ple 2736: NEG Dim 5 – sp – Score 1.00 
– sp/sp_ef_lin-gua-gens_ed_fis_1.txt 
 []

[6101] [6102])
(/home/eyamrog/PycharmProjects/cl_st1_anna/cl_st1_ph2_anna/examples/f5_neg/f5_n
eg_217.tex
Missing character: There is no ° (U+00B0) in font nullfont!

Overfull \hbox (2.18433pt too wide) in paragraph at lines 1--28
\TU/DejaVuSerif(0)/m/n/10 Text Sam-ple 2737: NEG Dim 5 – sp – Score 1.00 
– sp/sp_ef_lin-gua-gens_arte_1.txt 
 []

Missing character: There is no ° (U+00B0) in font nullfont!
[6103] [6104
Missing character: There is no ° (U+00B0) in font nullfont!
])
(/home/eyamrog/PycharmProjects/cl_st1_anna/cl_st1_ph2_anna/examples/f5_neg/f5_n
eg_218.tex [6105] [6106])
(/home/eyamrog/PycharmProjects/cl_st1_anna/cl_st1_ph2_anna/examples/f5_neg/f5_n
eg_219.tex [6107])
(/home/eyamrog/PycharmProjects/cl_st1_anna/cl_st1_ph2_anna/examples/f5_neg/f5_n
eg_220.tex [6108])
(/home/eyamrog/PycharmProjects/cl_st1_anna/cl_st1_ph2_anna/examples/f5_neg/f5_n
eg_221.tex [6109])
(/home/eyamrog/PycharmProjects/cl_st1_anna/cl_st1_ph2_anna/examples/f5_neg/f5_n
eg_222.tex [6110] [6111] [6112])
(/home/eyamrog/PycharmProjects/cl_st1_anna/cl_st1_ph2_anna/examples/f5_neg/f5_n
eg_223.tex [6113])
(/home/eyamrog/PycharmProjects/cl_st1_anna/cl_st1_ph2_anna/examples/f5_neg/f5_n
eg_224.tex [6114])
(/home/eyamrog/PycharmProjects/cl_st1_anna/cl_st1_ph2_anna/examples/f5_neg/f5_n
eg_225.tex [6115])
(/home/eyamrog/PycharmProjects/cl_st1_anna/cl_st1_ph2_anna/examples/f5_neg/f5_n
eg_226.tex)
(/home/eyamrog/PycharmProjects/cl_st1_anna/cl_st1_ph2_anna/examples/f5_neg/f5_n
eg_227.tex [6116] [6117])
(/home/eyamrog/PycharmProjects/cl_st1_anna/cl_st1_ph2_anna/examples/f5_neg/f5_n
eg_228.tex [6118] [6119] [6120] [6121] [6122])
(/home/eyamrog/PycharmProjects/cl_st1_anna/cl_st1_ph2_anna/examples/f5_neg/f5_n
eg_229.tex [6123])
(/home/eyamrog/PycharmProjects/cl_st1_anna/cl_st1_ph2_anna/examples/f5_neg/f5_n
eg_230.tex [6124])
(/home/eyamrog/PycharmProjects/cl_st1_anna/cl_st1_ph2_anna/examples/f5_neg/f5_n
eg_231.tex [6125] [6126])
(/home/eyamrog/PycharmProjects/cl_st1_anna/cl_st1_ph2_anna/examples/f5_neg/f5_n
eg_232.tex [6127] [6128] [6129])
(/home/eyamrog/PycharmProjects/cl_st1_anna/cl_st1_ph2_anna/examples/f5_neg/f5_n
eg_233.tex [6130] [6131])
(/home/eyamrog/PycharmProjects/cl_st1_anna/cl_st1_ph2_anna/examples/f5_neg/f5_n
eg_234.tex
Missing character: There is no ° (U+00B0) in font nullfont!
Missing character: There is no ° (U+00B0) in font nullfont!
[6132
Missing character: There is no ° (U+00B0) in font nullfont!
] [6133])
(/home/eyamrog/PycharmProjects/cl_st1_anna/cl_st1_ph2_anna/examples/f5_neg/f5_n
eg_235.tex [6134])
(/home/eyamrog/PycharmProjects/cl_st1_anna/cl_st1_ph2_anna/examples/f5_neg/f5_n
eg_236.tex
Missing character: There is no ° (U+00B0) in font nullfont!
Missing character: There is no ° (U+00B0) in font nullfont!
Missing character: There is no ° (U+00B0) in font nullfont!
Missing character: There is no ° (U+00B0) in font nullfont!
[6135] [6136
Missing character: There is no ° (U+00B0) in font nullfont!
Missing character: There is no ° (U+00B0) in font nullfont!
] [6137] [6138] [6139])
(/home/eyamrog/PycharmProjects/cl_st1_anna/cl_st1_ph2_anna/examples/f5_neg/f5_n
eg_237.tex [6140] [6141] [6142])
(/home/eyamrog/PycharmProjects/cl_st1_anna/cl_st1_ph2_anna/examples/f5_neg/f5_n
eg_238.tex [6143] [6144] [6145] [6146] [6147] [6148] [6149])
(/home/eyamrog/PycharmProjects/cl_st1_anna/cl_st1_ph2_anna/examples/f5_neg/f5_n
eg_239.tex [6150])
(/home/eyamrog/PycharmProjects/cl_st1_anna/cl_st1_ph2_anna/examples/f5_neg/f5_n
eg_240.tex [6151])
(/home/eyamrog/PycharmProjects/cl_st1_anna/cl_st1_ph2_anna/examples/f5_neg/f5_n
eg_241.tex
Missing character: There is no ° (U+00B0) in font nullfont!
Missing character: There is no ° (U+00B0) in font nullfont!

Overfull \hbox (3.74506pt too wide) in paragraph at lines 1--41
[]  \TU/DejaVuSerif(0)/m/n/10 ALAGOAS, UM TER-RITÓRIO DE APREN-DIZA-GENS A áre
a ter-ri-to-rial de Alagoas
 []


Overfull \hbox (12.59831pt too wide) in paragraph at lines 1--41
\TU/DejaVuSerif(0)/m/n/10 i-mada-mente 119,31 hab/km2. Com relevo for-mado por 
planí-cie litorânea, planalto
 []

Missing character: There is no ° (U+00B0) in font nullfont!
Missing character: There is no ° (U+00B0) in font nullfont!
[6152] [6153
Missing character: There is no ° (U+00B0) in font nullfont!
Missing character: There is no ° (U+00B0) in font nullfont!
])
(/home/eyamrog/PycharmProjects/cl_st1_anna/cl_st1_ph2_anna/examples/f5_neg/f5_n
eg_242.tex [6154])
(/home/eyamrog/PycharmProjects/cl_st1_anna/cl_st1_ph2_anna/examples/f5_neg/f5_n
eg_243.tex [6155])
(/home/eyamrog/PycharmProjects/cl_st1_anna/cl_st1_ph2_anna/examples/f5_neg/f5_n
eg_244.tex [6156] [6157])
(/home/eyamrog/PycharmProjects/cl_st1_anna/cl_st1_ph2_anna/examples/f5_neg/f5_n
eg_245.tex
Missing character: There is no ° (U+00B0) in font nullfont!
Missing character: There is no ° (U+00B0) in font nullfont!
Missing character: There is no ° (U+00B0) in font nullfont!
Missing character: There is no ° (U+00B0) in font nullfont!
[6158
Missing character: There is no ° (U+00B0) in font nullfont!
Missing character: There is no ° (U+00B0) in font nullfont!
])
(/home/eyamrog/PycharmProjects/cl_st1_anna/cl_st1_ph2_anna/examples/f5_neg/f5_n
eg_246.tex [6159] [6160] [6161])
(/home/eyamrog/PycharmProjects/cl_st1_anna/cl_st1_ph2_anna/examples/f5_neg/f5_n
eg_247.tex [6162] [6163] [6164] [6165])
(/home/eyamrog/PycharmProjects/cl_st1_anna/cl_st1_ph2_anna/examples/f5_neg/f5_n
eg_248.tex [6166] [6167])
(/home/eyamrog/PycharmProjects/cl_st1_anna/cl_st1_ph2_anna/examples/f5_neg/f5_n
eg_249.tex [6168] [6169])
(/home/eyamrog/PycharmProjects/cl_st1_anna/cl_st1_ph2_anna/examples/f5_neg/f5_n
eg_250.tex)
(/home/eyamrog/PycharmProjects/cl_st1_anna/cl_st1_ph2_anna/examples/f5_neg/f5_n
eg_251.tex [6170] [6171] [6172])
(/home/eyamrog/PycharmProjects/cl_st1_anna/cl_st1_ph2_anna/examples/f5_neg/f5_n
eg_252.tex [6173] [6174] [6175])
(/home/eyamrog/PycharmProjects/cl_st1_anna/cl_st1_ph2_anna/examples/f5_neg/f5_n
eg_253.tex [6176] [6177] [6178])
(/home/eyamrog/PycharmProjects/cl_st1_anna/cl_st1_ph2_anna/examples/f5_neg/f5_n
eg_254.tex [6179] [6180] [6181] [6182] [6183])
(/home/eyamrog/PycharmProjects/cl_st1_anna/cl_st1_ph2_anna/examples/f5_neg/f5_n
eg_255.tex [6184] [6185] [6186])
(/home/eyamrog/PycharmProjects/cl_st1_anna/cl_st1_ph2_anna/examples/f5_neg/f5_n
eg_256.tex [6187] [6188] [6189] [6190])
(/home/eyamrog/PycharmProjects/cl_st1_anna/cl_st1_ph2_anna/examples/f5_neg/f5_n
eg_257.tex
Overfull \hbox (5.58994pt too wide) in paragraph at lines 1--65
[]  \TU/DejaVuSerif(0)/m/n/10 1.5 ED-U-CAÇÃO ES-CO-LAR IN-DÍ-GENA His-tori-ca
-mente, os povos in-dí-ge-nas foram
 []

[6191] [6192] [6193] [6194])
(/home/eyamrog/PycharmProjects/cl_st1_anna/cl_st1_ph2_anna/examples/f5_neg/f5_n
eg_258.tex [6195])
(/home/eyamrog/PycharmProjects/cl_st1_anna/cl_st1_ph2_anna/examples/f5_neg/f5_n
eg_259.tex [6196] [6197])
(/home/eyamrog/PycharmProjects/cl_st1_anna/cl_st1_ph2_anna/examples/f5_neg/f5_n
eg_260.tex [6198] [6199])
(/home/eyamrog/PycharmProjects/cl_st1_anna/cl_st1_ph2_anna/examples/f5_neg/f5_n
eg_261.tex)
(/home/eyamrog/PycharmProjects/cl_st1_anna/cl_st1_ph2_anna/examples/f5_neg/f5_n
eg_262.tex
Overfull \hbox (7.36006pt too wide) in paragraph at lines 1--3
[]  \TU/DejaVuSerif(0)/m/n/10 COM-PETÊN-CIAS ES-PECÍ-FI-CAS DE EN-SINO RE-LI-G
IOSO PARA O EN-SINO FUN-
 []


Overfull \hbox (10.39316pt too wide) in paragraph at lines 1--3
\TU/DejaVuSerif(0)/m/n/10 DA-MEN-TAL 1. con-hecer os as-pec-tos es-tru-tu-rantes
 das difer-entes tradições/movi-
 []

)
(/home/eyamrog/PycharmProjects/cl_st1_anna/cl_st1_ph2_anna/examples/f5_neg/f5_n
eg_263.tex [6200] [6201])
(/home/eyamrog/PycharmProjects/cl_st1_anna/cl_st1_ph2_anna/examples/f5_neg/f5_n
eg_264.tex [6202])
(/home/eyamrog/PycharmProjects/cl_st1_anna/cl_st1_ph2_anna/examples/f5_neg/f5_n
eg_265.tex [6203])
(/home/eyamrog/PycharmProjects/cl_st1_anna/cl_st1_ph2_anna/examples/f5_neg/f5_n
eg_266.tex [6204] [6205])
(/home/eyamrog/PycharmProjects/cl_st1_anna/cl_st1_ph2_anna/examples/f5_neg/f5_n
eg_267.tex [6206])
(/home/eyamrog/PycharmProjects/cl_st1_anna/cl_st1_ph2_anna/examples/f5_neg/f5_n
eg_268.tex [6207])
(/home/eyamrog/PycharmProjects/cl_st1_anna/cl_st1_ph2_anna/examples/f5_neg/f5_n
eg_269.tex [6208] [6209])
(/home/eyamrog/PycharmProjects/cl_st1_anna/cl_st1_ph2_anna/examples/f5_neg/f5_n
eg_270.tex [6210] [6211])
(/home/eyamrog/PycharmProjects/cl_st1_anna/cl_st1_ph2_anna/examples/f5_neg/f5_n
eg_271.tex [6212] [6213] [6214] [6215] [6216])
(/home/eyamrog/PycharmProjects/cl_st1_anna/cl_st1_ph2_anna/examples/f5_neg/f5_n
eg_272.tex [6217] [6218])
(/home/eyamrog/PycharmProjects/cl_st1_anna/cl_st1_ph2_anna/examples/f5_neg/f5_n
eg_273.tex [6219] [6220] [6221])
(/home/eyamrog/PycharmProjects/cl_st1_anna/cl_st1_ph2_anna/examples/f5_neg/f5_n
eg_274.tex [6222] [6223])
(/home/eyamrog/PycharmProjects/cl_st1_anna/cl_st1_ph2_anna/examples/f5_neg/f5_n
eg_275.tex [6224] [6225])
(/home/eyamrog/PycharmProjects/cl_st1_anna/cl_st1_ph2_anna/examples/f5_neg/f5_n
eg_276.tex [6226])
(/home/eyamrog/PycharmProjects/cl_st1_anna/cl_st1_ph2_anna/examples/f5_neg/f5_n
eg_277.tex [6227])
(/home/eyamrog/PycharmProjects/cl_st1_anna/cl_st1_ph2_anna/examples/f5_neg/f5_n
eg_278.tex)
(/home/eyamrog/PycharmProjects/cl_st1_anna/cl_st1_ph2_anna/examples/f5_neg/f5_n
eg_279.tex [6228])
(/home/eyamrog/PycharmProjects/cl_st1_anna/cl_st1_ph2_anna/examples/f5_neg/f5_n
eg_280.tex
Overfull \hbox (4.27116pt too wide) in paragraph at lines 1--47
[]  \TU/DejaVuSerif(0)/m/n/10 3.2.2. Or-ga-ni-za-ção da Ação Pedagóg-ica No
 de-sen-volvi-mento das ações pedagóg-
 []

[6229] [6230])
(/home/eyamrog/PycharmProjects/cl_st1_anna/cl_st1_ph2_anna/examples/f6_pos/f6_p
os_001.tex [6231] [6232] [6233] [6234] [6235] [6236])
(/home/eyamrog/PycharmProjects/cl_st1_anna/cl_st1_ph2_anna/examples/f6_pos/f6_p
os_002.tex [6237] [6238] [6239] [6240] [6241] [6242])
(/home/eyamrog/PycharmProjects/cl_st1_anna/cl_st1_ph2_anna/examples/f6_pos/f6_p
os_003.tex [6243] [6244] [6245] [6246] [6247])
(/home/eyamrog/PycharmProjects/cl_st1_anna/cl_st1_ph2_anna/examples/f6_pos/f6_p
os_004.tex [6248] [6249] [6250] [6251] [6252] [6253] [6254] [6255] [6256]
[6257])
(/home/eyamrog/PycharmProjects/cl_st1_anna/cl_st1_ph2_anna/examples/f6_pos/f6_p
os_005.tex [6258] [6259] [6260] [6261] [6262] [6263] [6264] [6265])
(/home/eyamrog/PycharmProjects/cl_st1_anna/cl_st1_ph2_anna/examples/f6_pos/f6_p
os_006.tex [6266] [6267] [6268] [6269] [6270] [6271] [6272])
(/home/eyamrog/PycharmProjects/cl_st1_anna/cl_st1_ph2_anna/examples/f6_pos/f6_p
os_007.tex [6273] [6274] [6275] [6276] [6277] [6278] [6279])
(/home/eyamrog/PycharmProjects/cl_st1_anna/cl_st1_ph2_anna/examples/f6_pos/f6_p
os_008.tex
Overfull \hbox (10.32814pt too wide) in paragraph at lines 1--45
[]  \TU/DejaVuSerif(0)/m/n/10 5.7 IDEN-TI-DADES E TER-RITÓRIOS CATARI-NENSES : CON-CEP
ÇÕES, AVANÇOS
 []


Overfull \hbox (2.08464pt too wide) in paragraph at lines 1--45
\TU/DejaVuSerif(0)/m/n/10 tur-ais, ed-u-ca-cionais, econômi-cas, políti-cas e \TU/DejaVuSerif(0)/b/n/10 am-bi-en-tais\TU/DejaVuSerif(0)/m/n/10 . - 
Área de Matemática
 []

[6280] [6281] [6282] [6283] [6284] [6285])
(/home/eyamrog/PycharmProjects/cl_st1_anna/cl_st1_ph2_anna/examples/f6_pos/f6_p
os_009.tex [6286] [6287] [6288] [6289])
(/home/eyamrog/PycharmProjects/cl_st1_anna/cl_st1_ph2_anna/examples/f6_pos/f6_p
os_010.tex [6290] [6291] [6292] [6293] [6294] [6295] [6296])
(/home/eyamrog/PycharmProjects/cl_st1_anna/cl_st1_ph2_anna/examples/f6_pos/f6_p
os_011.tex
Overfull \hbox (25.51924pt too wide) in paragraph at lines 1--86
\TU/DejaVuSerif(0)/m/n/10 RE-ITOS HU-MANOS, DE CUL-TURAS E DE PRO-DUÇÃO DE AL-
I-MEN-TOS SAUDÁVEIS
 []

[6297] [6298] [6299] [6300] [6301] [6302] [6303] [6304] [6305] [6306] [6307])
(/home/eyamrog/PycharmProjects/cl_st1_anna/cl_st1_ph2_anna/examples/f6_pos/f6_p
os_012.tex [6308] [6309] [6310] [6311] [6312] [6313] [6314] [6315] [6316])
(/home/eyamrog/PycharmProjects/cl_st1_anna/cl_st1_ph2_anna/examples/f6_pos/f6_p
os_013.tex [6317] [6318] [6319])
(/home/eyamrog/PycharmProjects/cl_st1_anna/cl_st1_ph2_anna/examples/f6_pos/f6_p
os_014.tex [6320] [6321])
(/home/eyamrog/PycharmProjects/cl_st1_anna/cl_st1_ph2_anna/examples/f6_pos/f6_p
os_015.tex
Overfull \hbox (3.16888pt too wide) in paragraph at lines 1--82
[]  \TU/DejaVuSerif(0)/m/n/10 5.6 TER-RITÓRIOS E TER-RI-TO-RI-AL-I-DADES DAS PO
P-U-LAÇÕES TRADI-CIONAIS
 []

[6322] [6323] [6324] [6325] [6326] [6327])
(/home/eyamrog/PycharmProjects/cl_st1_anna/cl_st1_ph2_anna/examples/f6_pos/f6_p
os_016.tex [6328] [6329] [6330] [6331])
(/home/eyamrog/PycharmProjects/cl_st1_anna/cl_st1_ph2_anna/examples/f6_pos/f6_p
os_017.tex [6332] [6333] [6334] [6335])
(/home/eyamrog/PycharmProjects/cl_st1_anna/cl_st1_ph2_anna/examples/f6_pos/f6_p
os_018.tex [6336] [6337] [6338] [6339] [6340] [6341] [6342])
(/home/eyamrog/PycharmProjects/cl_st1_anna/cl_st1_ph2_anna/examples/f6_pos/f6_p
os_019.tex [6343] [6344] [6345] [6346] [6347] [6348] [6349] [6350] [6351]
[6352])
(/home/eyamrog/PycharmProjects/cl_st1_anna/cl_st1_ph2_anna/examples/f6_pos/f6_p
os_020.tex
Overfull \hbox (18.70149pt too wide) in paragraph at lines 1--104
[]  \TU/DejaVuSerif(0)/m/n/10 5.5.4 Or-ga-ni-za-ção das unidades cur-ric-u-lar
es da \TU/DejaVuSerif(0)/b/n/10 trilha \TU/DejaVuSerif(0)/m/n/10 de apro-fun-da-
mento Unidade
 []

[6353] [6354] [6355] [6356] [6357] [6358] [6359] [6360] [6361])
(/home/eyamrog/PycharmProjects/cl_st1_anna/cl_st1_ph2_anna/examples/f6_pos/f6_p
os_021.tex
Overfull \hbox (2.53157pt too wide) in paragraph at lines 1--144
\TU/DejaVuSerif(0)/m/n/10 al-iza-ção trouxe à so-ciedade mod-erna o de-sen-vo
lvi-mento econômico, tec-nológico
 []

[6362] [6363] [6364] [6365] [6366] [6367] [6368] [6369] [6370])
(/home/eyamrog/PycharmProjects/cl_st1_anna/cl_st1_ph2_anna/examples/f6_pos/f6_p
os_022.tex [6371] [6372] [6373] [6374] [6375] [6376] [6377] [6378] [6379]
[6380])
(/home/eyamrog/PycharmProjects/cl_st1_anna/cl_st1_ph2_anna/examples/f6_pos/f6_p
os_023.tex
Missing character: There is no ° (U+00B0) in font nullfont!
Missing character: There is no ° (U+00B0) in font nullfont!
Missing character: There is no ° (U+00B0) in font nullfont!
Missing character: There is no ° (U+00B0) in font nullfont!
[6381
Missing character: There is no ° (U+00B0) in font nullfont!
Missing character: There is no ° (U+00B0) in font nullfont!
] [6382] [6383] [6384])
(/home/eyamrog/PycharmProjects/cl_st1_anna/cl_st1_ph2_anna/examples/f6_pos/f6_p
os_024.tex [6385] [6386])
(/home/eyamrog/PycharmProjects/cl_st1_anna/cl_st1_ph2_anna/examples/f6_pos/f6_p
os_025.tex [6387] [6388] [6389] [6390] [6391] [6392] [6393] [6394] [6395])
(/home/eyamrog/PycharmProjects/cl_st1_anna/cl_st1_ph2_anna/examples/f6_pos/f6_p
os_026.tex
Overfull \hbox (2.69563pt too wide) in paragraph at lines 1--39
\TU/DejaVuSerif(0)/m/n/10 tinuidade dos es-tu-dos e am-pliando suas ca-paci-dade
s de com-preen-são do mundo.
 []

[6396] [6397] [6398] [6399])
(/home/eyamrog/PycharmProjects/cl_st1_anna/cl_st1_ph2_anna/examples/f6_pos/f6_p
os_027.tex [6400] [6401])
(/home/eyamrog/PycharmProjects/cl_st1_anna/cl_st1_ph2_anna/examples/f6_pos/f6_p
os_028.tex [6402] [6403])
(/home/eyamrog/PycharmProjects/cl_st1_anna/cl_st1_ph2_anna/examples/f6_pos/f6_p
os_029.tex [6404] [6405])
(/home/eyamrog/PycharmProjects/cl_st1_anna/cl_st1_ph2_anna/examples/f6_pos/f6_p
os_030.tex [6406] [6407])
(/home/eyamrog/PycharmProjects/cl_st1_anna/cl_st1_ph2_anna/examples/f6_pos/f6_p
os_031.tex [6408] [6409] [6410] [6411] [6412] [6413] [6414])
(/home/eyamrog/PycharmProjects/cl_st1_anna/cl_st1_ph2_anna/examples/f6_pos/f6_p
os_032.tex [6415] [6416] [6417] [6418] [6419] [6420] [6421])
(/home/eyamrog/PycharmProjects/cl_st1_anna/cl_st1_ph2_anna/examples/f6_pos/f6_p
os_033.tex [6422] [6423] [6424])
(/home/eyamrog/PycharmProjects/cl_st1_anna/cl_st1_ph2_anna/examples/f6_pos/f6_p
os_034.tex
Overfull \hbox (16.83626pt too wide) in paragraph at lines 1--159
\TU/DejaVuSerif(0)/m/n/10 dos(as), par-tic-i-pa-tivos(as), ou-sa-dos(as), re-fle
x-ivos(as), críti-cos(as), autônomos(as),
 []


Overfull \hbox (21.89778pt too wide) in paragraph at lines 1--159
\TU/DejaVuSerif(0)/m/n/10 livres de pre-con-ceitos, cria-tivos(as), cu-riosos(as
), in-ves-ti-gadores(as), solidários(as),
 []

[6425] [6426] [6427] [6428] [6429] [6430] [6431] [6432])
(/home/eyamrog/PycharmProjects/cl_st1_anna/cl_st1_ph2_anna/examples/f6_pos/f6_p
os_035.tex [6433] [6434])
(/home/eyamrog/PycharmProjects/cl_st1_anna/cl_st1_ph2_anna/examples/f6_pos/f6_p
os_036.tex [6435] [6436])
(/home/eyamrog/PycharmProjects/cl_st1_anna/cl_st1_ph2_anna/examples/f6_pos/f6_p
os_037.tex [6437])
(/home/eyamrog/PycharmProjects/cl_st1_anna/cl_st1_ph2_anna/examples/f6_pos/f6_p
os_038.tex [6438] [6439] [6440] [6441] [6442] [6443])
(/home/eyamrog/PycharmProjects/cl_st1_anna/cl_st1_ph2_anna/examples/f6_pos/f6_p
os_039.tex [6444] [6445] [6446])
(/home/eyamrog/PycharmProjects/cl_st1_anna/cl_st1_ph2_anna/examples/f6_pos/f6_p
os_040.tex [6447] [6448])
(/home/eyamrog/PycharmProjects/cl_st1_anna/cl_st1_ph2_anna/examples/f6_pos/f6_p
os_041.tex [6449] [6450])
(/home/eyamrog/PycharmProjects/cl_st1_anna/cl_st1_ph2_anna/examples/f6_pos/f6_p
os_042.tex [6451] [6452])
(/home/eyamrog/PycharmProjects/cl_st1_anna/cl_st1_ph2_anna/examples/f6_pos/f6_p
os_043.tex [6453] [6454] [6455] [6456])
(/home/eyamrog/PycharmProjects/cl_st1_anna/cl_st1_ph2_anna/examples/f6_pos/f6_p
os_044.tex [6457] [6458])
(/home/eyamrog/PycharmProjects/cl_st1_anna/cl_st1_ph2_anna/examples/f6_pos/f6_p
os_045.tex [6459] [6460] [6461] [6462] [6463] [6464] [6465])
(/home/eyamrog/PycharmProjects/cl_st1_anna/cl_st1_ph2_anna/examples/f6_pos/f6_p
os_046.tex
Overfull \hbox (4.01888pt too wide) in paragraph at lines 1--61
[]  \TU/DejaVuSerif(0)/m/n/10 3.4 Ciên-cias Hu-manas e So-ci-ais Apli-cadas As apren-diza-gens essen-ci-ais definidas
 []

[6466] [6467] [6468] [6469])
(/home/eyamrog/PycharmProjects/cl_st1_anna/cl_st1_ph2_anna/examples/f6_pos/f6_p
os_047.tex [6470] [6471] [6472] [6473])
(/home/eyamrog/PycharmProjects/cl_st1_anna/cl_st1_ph2_anna/examples/f6_pos/f6_p
os_048.tex [6474] [6475] [6476] [6477] [6478])
(/home/eyamrog/PycharmProjects/cl_st1_anna/cl_st1_ph2_anna/examples/f6_pos/f6_p
os_049.tex [6479] [6480] [6481])
(/home/eyamrog/PycharmProjects/cl_st1_anna/cl_st1_ph2_anna/examples/f6_pos/f6_p
os_050.tex [6482] [6483])
(/home/eyamrog/PycharmProjects/cl_st1_anna/cl_st1_ph2_anna/examples/f6_pos/f6_p
os_051.tex [6484] [6485] [6486])
(/home/eyamrog/PycharmProjects/cl_st1_anna/cl_st1_ph2_anna/examples/f6_pos/f6_p
os_052.tex [6487] [6488] [6489] [6490] [6491] [6492] [6493])
(/home/eyamrog/PycharmProjects/cl_st1_anna/cl_st1_ph2_anna/examples/f6_pos/f6_p
os_053.tex
Overfull \hbox (4.91145pt too wide) in paragraph at lines 1--21
\TU/DejaVuSerif(0)/m/n/10 gias As ex-pec-ta-ti-vas, fo-men-tadas pela reestru-tu
-ração do En-sino Mé-dio, avançam
 []

[6494] [6495])
(/home/eyamrog/PycharmProjects/cl_st1_anna/cl_st1_ph2_anna/examples/f6_pos/f6_p
os_054.tex [6496])
(/home/eyamrog/PycharmProjects/cl_st1_anna/cl_st1_ph2_anna/examples/f6_pos/f6_p
os_055.tex [6497] [6498] [6499] [6500])
(/home/eyamrog/PycharmProjects/cl_st1_anna/cl_st1_ph2_anna/examples/f6_pos/f6_p
os_056.tex [6501] [6502] [6503])
(/home/eyamrog/PycharmProjects/cl_st1_anna/cl_st1_ph2_anna/examples/f6_pos/f6_p
os_057.tex [6504] [6505])
(/home/eyamrog/PycharmProjects/cl_st1_anna/cl_st1_ph2_anna/examples/f6_pos/f6_p
os_058.tex [6506] [6507] [6508])
(/home/eyamrog/PycharmProjects/cl_st1_anna/cl_st1_ph2_anna/examples/f6_pos/f6_p
os_059.tex [6509] [6510] [6511] [6512])
(/home/eyamrog/PycharmProjects/cl_st1_anna/cl_st1_ph2_anna/examples/f6_pos/f6_p
os_060.tex
Overfull \hbox (20.44792pt too wide) in paragraph at lines 1--36
[]  \TU/DejaVuSerif(0)/m/n/10 2.3.5. Ed-u-cação Quilom-bola Quilom-bos são
”gru-pos étnico-raciais se-gundo critérios
 []

[6513] [6514] [6515])
(/home/eyamrog/PycharmProjects/cl_st1_anna/cl_st1_ph2_anna/examples/f6_pos/f6_p
os_061.tex [6516] [6517] [6518] [6519] [6520])
(/home/eyamrog/PycharmProjects/cl_st1_anna/cl_st1_ph2_anna/examples/f6_pos/f6_p
os_062.tex [6521] [6522] [6523] [6524] [6525] [6526])
(/home/eyamrog/PycharmProjects/cl_st1_anna/cl_st1_ph2_anna/examples/f6_pos/f6_p
os_063.tex [6527] [6528] [6529] [6530] [6531] [6532] [6533])
(/home/eyamrog/PycharmProjects/cl_st1_anna/cl_st1_ph2_anna/examples/f6_pos/f6_p
os_064.tex [6534] [6535] [6536])
(/home/eyamrog/PycharmProjects/cl_st1_anna/cl_st1_ph2_anna/examples/f6_pos/f6_p
os_065.tex
Overfull \hbox (7.86304pt too wide) in paragraph at lines 1--26
[]  \TU/DejaVuSerif(0)/m/n/10 b ) Itin-erân-cias da Área de Matemática e suas
 Tec-nolo-gias : A área de Matemática
 []

[6537] [6538])
(/home/eyamrog/PycharmProjects/cl_st1_anna/cl_st1_ph2_anna/examples/f6_pos/f6_p
os_066.tex [6539] [6540])
(/home/eyamrog/PycharmProjects/cl_st1_anna/cl_st1_ph2_anna/examples/f6_pos/f6_p
os_067.tex [6541] [6542] [6543])
(/home/eyamrog/PycharmProjects/cl_st1_anna/cl_st1_ph2_anna/examples/f6_pos/f6_p
os_068.tex [6544])
(/home/eyamrog/PycharmProjects/cl_st1_anna/cl_st1_ph2_anna/examples/f6_pos/f6_p
os_069.tex [6545] [6546] [6547] [6548] [6549])
(/home/eyamrog/PycharmProjects/cl_st1_anna/cl_st1_ph2_anna/examples/f6_pos/f6_p
os_070.tex [6550] [6551])
(/home/eyamrog/PycharmProjects/cl_st1_anna/cl_st1_ph2_anna/examples/f6_pos/f6_p
os_071.tex
Overfull \hbox (4.17122pt too wide) in paragraph at lines 1--108
\TU/DejaVuSerif(0)/m/n/10 cepções ac-erca do cur-rículo, abor-da-gens epis-te
-mológ-i-cas, didáti-cas, metodológ-
 []

[6552] [6553] [6554] [6555] [6556] [6557])
(/home/eyamrog/PycharmProjects/cl_st1_anna/cl_st1_ph2_anna/examples/f6_pos/f6_p
os_072.tex [6558] [6559] [6560] [6561] [6562] [6563] [6564] [6565] [6566])
(/home/eyamrog/PycharmProjects/cl_st1_anna/cl_st1_ph2_anna/examples/f6_pos/f6_p
os_073.tex
Missing character: There is no ° (U+00B0) in font nullfont!
Missing character: There is no ° (U+00B0) in font nullfont!
Missing character: There is no ° (U+00B0) in font nullfont!
Missing character: There is no ° (U+00B0) in font nullfont!
[6567] [6568
Missing character: There is no ° (U+00B0) in font nullfont!
Missing character: There is no ° (U+00B0) in font nullfont!
] [6569] [6570] [6571] [6572] [6573])
(/home/eyamrog/PycharmProjects/cl_st1_anna/cl_st1_ph2_anna/examples/f6_pos/f6_p
os_074.tex [6574] [6575] [6576])
(/home/eyamrog/PycharmProjects/cl_st1_anna/cl_st1_ph2_anna/examples/f6_pos/f6_p
os_075.tex [6577] [6578] [6579] [6580])
(/home/eyamrog/PycharmProjects/cl_st1_anna/cl_st1_ph2_anna/examples/f6_pos/f6_p
os_076.tex [6581] [6582] [6583] [6584] [6585])
(/home/eyamrog/PycharmProjects/cl_st1_anna/cl_st1_ph2_anna/examples/f6_pos/f6_p
os_077.tex [6586] [6587])
(/home/eyamrog/PycharmProjects/cl_st1_anna/cl_st1_ph2_anna/examples/f6_pos/f6_p
os_078.tex [6588] [6589] [6590])
(/home/eyamrog/PycharmProjects/cl_st1_anna/cl_st1_ph2_anna/examples/f6_pos/f6_p
os_079.tex [6591] [6592])
(/home/eyamrog/PycharmProjects/cl_st1_anna/cl_st1_ph2_anna/examples/f6_pos/f6_p
os_080.tex
Missing character: There is no ° (U+00B0) in font nullfont!
Missing character: There is no ° (U+00B0) in font nullfont!
[6593] [6594] [6595
Missing character: There is no ° (U+00B0) in font nullfont!
] [6596] [6597])
(/home/eyamrog/PycharmProjects/cl_st1_anna/cl_st1_ph2_anna/examples/f6_pos/f6_p
os_081.tex [6598] [6599])
(/home/eyamrog/PycharmProjects/cl_st1_anna/cl_st1_ph2_anna/examples/f6_pos/f6_p
os_082.tex [6600] [6601] [6602])
(/home/eyamrog/PycharmProjects/cl_st1_anna/cl_st1_ph2_anna/examples/f6_pos/f6_p
os_083.tex
Overfull \hbox (13.77376pt too wide) in paragraph at lines 1--23
\TU/DejaVuSerif(0)/b/n/10 prob-le-mas \TU/DejaVuSerif(0)/m/n/10 do mundo real, 
mo-bi-lizando lin-gua-gens, raciocínio lógico-matemático,
 []

[6603] [6604])
(/home/eyamrog/PycharmProjects/cl_st1_anna/cl_st1_ph2_anna/examples/f6_pos/f6_p
os_084.tex [6605])
(/home/eyamrog/PycharmProjects/cl_st1_anna/cl_st1_ph2_anna/examples/f6_pos/f6_p
os_085.tex [6606] [6607])
(/home/eyamrog/PycharmProjects/cl_st1_anna/cl_st1_ph2_anna/examples/f6_pos/f6_p
os_086.tex [6608] [6609] [6610])
(/home/eyamrog/PycharmProjects/cl_st1_anna/cl_st1_ph2_anna/examples/f6_pos/f6_p
os_087.tex [6611] [6612])
(/home/eyamrog/PycharmProjects/cl_st1_anna/cl_st1_ph2_anna/examples/f6_pos/f6_p
os_088.tex [6613])
(/home/eyamrog/PycharmProjects/cl_st1_anna/cl_st1_ph2_anna/examples/f6_pos/f6_p
os_089.tex [6614])
(/home/eyamrog/PycharmProjects/cl_st1_anna/cl_st1_ph2_anna/examples/f6_pos/f6_p
os_090.tex [6615] [6616])
(/home/eyamrog/PycharmProjects/cl_st1_anna/cl_st1_ph2_anna/examples/f6_pos/f6_p
os_091.tex [6617] [6618] [6619])
(/home/eyamrog/PycharmProjects/cl_st1_anna/cl_st1_ph2_anna/examples/f6_pos/f6_p
os_092.tex [6620])
(/home/eyamrog/PycharmProjects/cl_st1_anna/cl_st1_ph2_anna/examples/f6_pos/f6_p
os_093.tex [6621] [6622] [6623] [6624] [6625])
(/home/eyamrog/PycharmProjects/cl_st1_anna/cl_st1_ph2_anna/examples/f6_pos/f6_p
os_094.tex [6626] [6627] [6628] [6629])
(/home/eyamrog/PycharmProjects/cl_st1_anna/cl_st1_ph2_anna/examples/f6_pos/f6_p
os_095.tex [6630] [6631] [6632])
(/home/eyamrog/PycharmProjects/cl_st1_anna/cl_st1_ph2_anna/examples/f6_pos/f6_p
os_096.tex [6633] [6634])
(/home/eyamrog/PycharmProjects/cl_st1_anna/cl_st1_ph2_anna/examples/f6_pos/f6_p
os_097.tex [6635] [6636] [6637] [6638])
(/home/eyamrog/PycharmProjects/cl_st1_anna/cl_st1_ph2_anna/examples/f6_pos/f6_p
os_098.tex [6639] [6640] [6641])
(/home/eyamrog/PycharmProjects/cl_st1_anna/cl_st1_ph2_anna/examples/f6_pos/f6_p
os_099.tex [6642] [6643] [6644])
(/home/eyamrog/PycharmProjects/cl_st1_anna/cl_st1_ph2_anna/examples/f6_pos/f6_p
os_100.tex [6645] [6646] [6647] [6648])
(/home/eyamrog/PycharmProjects/cl_st1_anna/cl_st1_ph2_anna/examples/f6_pos/f6_p
os_101.tex [6649] [6650])
(/home/eyamrog/PycharmProjects/cl_st1_anna/cl_st1_ph2_anna/examples/f6_pos/f6_p
os_102.tex [6651] [6652] [6653])
(/home/eyamrog/PycharmProjects/cl_st1_anna/cl_st1_ph2_anna/examples/f6_pos/f6_p
os_103.tex [6654])
(/home/eyamrog/PycharmProjects/cl_st1_anna/cl_st1_ph2_anna/examples/f6_pos/f6_p
os_104.tex [6655])
(/home/eyamrog/PycharmProjects/cl_st1_anna/cl_st1_ph2_anna/examples/f6_pos/f6_p
os_105.tex
Overfull \hbox (1.03615pt too wide) in paragraph at lines 1--51
[]  \TU/DejaVuSerif(0)/m/n/10 ITIN-ERÁRIOS \TU/DejaVuSerif(0)/b/n/10 FOR-MA-TIV
OS \TU/DejaVuSerif(0)/m/n/10 : AR-RAN-JOS CUR-RIC-U-LARES Os itin-erários \TU/
DejaVuSerif(0)/b/n/10 for-
 []

[6656] [6657] [6658])
(/home/eyamrog/PycharmProjects/cl_st1_anna/cl_st1_ph2_anna/examples/f6_pos/f6_p
os_106.tex
Overfull \hbox (5.62727pt too wide) in paragraph at lines 1--14
\TU/DejaVuSerif(0)/m/n/10 per-mi-tam aos es-tu-dantes ter uma visão de mundo am
-pla e het-erogênea, tomando
 []

[6659] [6660])
(/home/eyamrog/PycharmProjects/cl_st1_anna/cl_st1_ph2_anna/examples/f6_pos/f6_p
os_107.tex [6661] [6662] [6663])
(/home/eyamrog/PycharmProjects/cl_st1_anna/cl_st1_ph2_anna/examples/f6_pos/f6_p
os_108.tex
Missing character: There is no ° (U+00B0) in font nullfont!
Missing character: There is no ° (U+00B0) in font nullfont!
Missing character: There is no ° (U+00B0) in font nullfont!
Missing character: There is no ° (U+00B0) in font nullfont!
[6664] [6665] [6666
Missing character: There is no ° (U+00B0) in font nullfont!
] [6667
Missing character: There is no ° (U+00B0) in font nullfont!
])
(/home/eyamrog/PycharmProjects/cl_st1_anna/cl_st1_ph2_anna/examples/f6_pos/f6_p
os_109.tex)
(/home/eyamrog/PycharmProjects/cl_st1_anna/cl_st1_ph2_anna/examples/f6_pos/f6_p
os_110.tex [6668] [6669] [6670] [6671])
(/home/eyamrog/PycharmProjects/cl_st1_anna/cl_st1_ph2_anna/examples/f6_pos/f6_p
os_111.tex [6672] [6673])
(/home/eyamrog/PycharmProjects/cl_st1_anna/cl_st1_ph2_anna/examples/f6_pos/f6_p
os_112.tex [6674] [6675] [6676] [6677])
(/home/eyamrog/PycharmProjects/cl_st1_anna/cl_st1_ph2_anna/examples/f6_pos/f6_p
os_113.tex
Missing character: There is no ° (U+00B0) in font nullfont!
Missing character: There is no ° (U+00B0) in font nullfont!
Missing character: There is no ° (U+00B0) in font nullfont!
Missing character: There is no ° (U+00B0) in font nullfont!
[6678
Missing character: There is no ° (U+00B0) in font nullfont!
] [6679] [6680] [6681] [6682] [6683
Missing character: There is no ° (U+00B0) in font nullfont!
] [6684] [6685] [6686])
(/home/eyamrog/PycharmProjects/cl_st1_anna/cl_st1_ph2_anna/examples/f6_pos/f6_p
os_114.tex [6687] [6688] [6689] [6690] [6691] [6692] [6693])
(/home/eyamrog/PycharmProjects/cl_st1_anna/cl_st1_ph2_anna/examples/f6_pos/f6_p
os_115.tex [6694] [6695])
(/home/eyamrog/PycharmProjects/cl_st1_anna/cl_st1_ph2_anna/examples/f6_pos/f6_p
os_116.tex [6696] [6697] [6698])
(/home/eyamrog/PycharmProjects/cl_st1_anna/cl_st1_ph2_anna/examples/f6_pos/f6_p
os_117.tex [6699] [6700] [6701])
(/home/eyamrog/PycharmProjects/cl_st1_anna/cl_st1_ph2_anna/examples/f6_pos/f6_p
os_118.tex [6702] [6703] [6704] [6705] [6706] [6707] [6708] [6709])
(/home/eyamrog/PycharmProjects/cl_st1_anna/cl_st1_ph2_anna/examples/f6_pos/f6_p
os_119.tex [6710] [6711] [6712])
(/home/eyamrog/PycharmProjects/cl_st1_anna/cl_st1_ph2_anna/examples/f6_pos/f6_p
os_120.tex [6713] [6714] [6715] [6716])
(/home/eyamrog/PycharmProjects/cl_st1_anna/cl_st1_ph2_anna/examples/f6_pos/f6_p
os_121.tex [6717] [6718] [6719])
(/home/eyamrog/PycharmProjects/cl_st1_anna/cl_st1_ph2_anna/examples/f6_pos/f6_p
os_122.tex [6720])
(/home/eyamrog/PycharmProjects/cl_st1_anna/cl_st1_ph2_anna/examples/f6_pos/f6_p
os_123.tex [6721] [6722])
(/home/eyamrog/PycharmProjects/cl_st1_anna/cl_st1_ph2_anna/examples/f6_pos/f6_p
os_124.tex
Overfull \hbox (4.12314pt too wide) in paragraph at lines 1--17
[]  \TU/DejaVuSerif(0)/m/n/10 OB-JE-TIVOS E PRINCÍ-PIOS Os Itin-erários \TU/D
ejaVuSerif(0)/b/n/10 For-ma-tivos \TU/DejaVuSerif(0)/m/n/10 de-vem pos-si-bil-i-
tar o apro-
 []

[6723] [6724])
(/home/eyamrog/PycharmProjects/cl_st1_anna/cl_st1_ph2_anna/examples/f6_pos/f6_p
os_125.tex
Overfull \hbox (0.59947pt too wide) in paragraph at lines 1--18
[]  \TU/DejaVuSerif(0)/m/n/10 A OR-GA-NI-ZA-ÇÃO DOS ITIN-ERÁRIOS \TU/DejaVuS
erif(0)/b/n/10 FOR-MA-TIVOS \TU/DejaVuSerif(0)/m/n/10 A Por-taria nº 1.432/2018
,
 []


Overfull \hbox (1.1595pt too wide) in paragraph at lines 1--18
\TU/DejaVuSerif(0)/m/n/10 são apro-fun-dar as apren-diza-gens rela-cionadas 
às com-petên-cias gerais, às Áreas
 []

[6725])
(/home/eyamrog/PycharmProjects/cl_st1_anna/cl_st1_ph2_anna/examples/f6_pos/f6_p
os_126.tex [6726] [6727])
(/home/eyamrog/PycharmProjects/cl_st1_anna/cl_st1_ph2_anna/examples/f6_pos/f6_p
os_127.tex [6728] [6729])
(/home/eyamrog/PycharmProjects/cl_st1_anna/cl_st1_ph2_anna/examples/f6_pos/f6_p
os_128.tex
Missing character: There is no ° (U+00B0) in font nullfont!
Missing character: There is no ° (U+00B0) in font nullfont!
[6730
Missing character: There is no ° (U+00B0) in font nullfont!
] [6731] [6732])
(/home/eyamrog/PycharmProjects/cl_st1_anna/cl_st1_ph2_anna/examples/f6_pos/f6_p
os_129.tex [6733] [6734] [6735])
(/home/eyamrog/PycharmProjects/cl_st1_anna/cl_st1_ph2_anna/examples/f6_pos/f6_p
os_130.tex [6736] [6737] [6738] [6739])
(/home/eyamrog/PycharmProjects/cl_st1_anna/cl_st1_ph2_anna/examples/f6_pos/f6_p
os_131.tex [6740] [6741])
(/home/eyamrog/PycharmProjects/cl_st1_anna/cl_st1_ph2_anna/examples/f6_pos/f6_p
os_132.tex [6742] [6743] [6744])
(/home/eyamrog/PycharmProjects/cl_st1_anna/cl_st1_ph2_anna/examples/f6_pos/f6_p
os_133.tex [6745] [6746] [6747])
(/home/eyamrog/PycharmProjects/cl_st1_anna/cl_st1_ph2_anna/examples/f6_pos/f6_p
os_134.tex
Overfull \hbox (22.72688pt too wide) in paragraph at lines 1--185
[]  \TU/DejaVuSerif(0)/m/n/10 Com-petên-cia Es-pecí-fica 1 Uti-lizar es-trat
é-gias, con-ceitos e pro-ced-i-men-tos matemáti-
 []

[6748] [6749] [6750] [6751] [6752] [6753] [6754])
(/home/eyamrog/PycharmProjects/cl_st1_anna/cl_st1_ph2_anna/examples/f6_pos/f6_p
os_135.tex [6755] [6756])
(/home/eyamrog/PycharmProjects/cl_st1_anna/cl_st1_ph2_anna/examples/f6_pos/f6_p
os_136.tex [6757] [6758] [6759] [6760] [6761] [6762] [6763])
(/home/eyamrog/PycharmProjects/cl_st1_anna/cl_st1_ph2_anna/examples/f6_pos/f6_p
os_137.tex [6764])
(/home/eyamrog/PycharmProjects/cl_st1_anna/cl_st1_ph2_anna/examples/f6_pos/f6_p
os_138.tex
Overfull \hbox (27.80144pt too wide) in paragraph at lines 1--23
[]  \TU/DejaVuSerif(0)/m/n/10 3.3.3.2. Quadro Or-ga-ni-zador das \TU/DejaVuSeri
f(0)/b/n/10 Tril-has \TU/DejaVuSerif(0)/m/n/10 de Apro-fun-da-mento da Área de Matem
ática
 []


Overfull \hbox (20.41048pt too wide) in paragraph at lines 1--23
\TU/DejaVuSerif(0)/m/n/10 ha-bil-i-dades es-pecí-fi-cas as-so-ci-adas aos eixos
 \TU/DejaVuSerif(0)/b/n/10 es-tru-tu-rantes \TU/DejaVuSerif(0)/m/n/10 na área 
de Matemática.
 []

[6765] [6766])
(/home/eyamrog/PycharmProjects/cl_st1_anna/cl_st1_ph2_anna/examples/f6_pos/f6_p
os_139.tex [6767] [6768])
(/home/eyamrog/PycharmProjects/cl_st1_anna/cl_st1_ph2_anna/examples/f6_pos/f6_p
os_140.tex [6769] [6770])
(/home/eyamrog/PycharmProjects/cl_st1_anna/cl_st1_ph2_anna/examples/f6_pos/f6_p
os_141.tex
Missing character: There is no ° (U+00B0) in font nullfont!
Missing character: There is no ° (U+00B0) in font nullfont!
[6771
Missing character: There is no ° (U+00B0) in font nullfont!
] [6772] [6773] [6774])
(/home/eyamrog/PycharmProjects/cl_st1_anna/cl_st1_ph2_anna/examples/f6_pos/f6_p
os_142.tex [6775])
(/home/eyamrog/PycharmProjects/cl_st1_anna/cl_st1_ph2_anna/examples/f6_pos/f6_p
os_143.tex
Overfull \hbox (11.83528pt too wide) in paragraph at lines 1--72
\TU/DejaVuSerif(0)/m/n/10 pecí-fi-cos, o con-hec-i-mento ad-vindo das qua-tro 
áreas fi-cará for-t-ale-cido, preparando
 []


Overfull \hbox (0.96712pt too wide) in paragraph at lines 1--72
\TU/DejaVuSerif(0)/m/n/10 tex-tos fun-da-men-ta-dos que con-sid-eram o con-texto
 so-cial e a par-tic-i-pação cidadã.
 []

[6776] [6777] [6778] [6779] [6780])
(/home/eyamrog/PycharmProjects/cl_st1_anna/cl_st1_ph2_anna/examples/f6_pos/f6_p
os_144.tex [6781] [6782] [6783])
(/home/eyamrog/PycharmProjects/cl_st1_anna/cl_st1_ph2_anna/examples/f6_pos/f6_p
os_145.tex [6784] [6785] [6786])
(/home/eyamrog/PycharmProjects/cl_st1_anna/cl_st1_ph2_anna/examples/f6_pos/f6_p
os_146.tex [6787] [6788] [6789] [6790])
(/home/eyamrog/PycharmProjects/cl_st1_anna/cl_st1_ph2_anna/examples/f6_pos/f6_p
os_147.tex [6791] [6792])
(/home/eyamrog/PycharmProjects/cl_st1_anna/cl_st1_ph2_anna/examples/f6_pos/f6_p
os_148.tex
Overfull \hbox (3.37141pt too wide) in paragraph at lines 1--23
\TU/DejaVuSerif(0)/m/n/10 for-mu-lação dos ob-je-tos do con-hec-i-mento, que 
es-tão dis-pos-tos em cinco unidades
 []

[6793] [6794])
(/home/eyamrog/PycharmProjects/cl_st1_anna/cl_st1_ph2_anna/examples/f6_pos/f6_p
os_149.tex [6795] [6796] [6797] [6798] [6799] [6800])
(/home/eyamrog/PycharmProjects/cl_st1_anna/cl_st1_ph2_anna/examples/f6_pos/f6_p
os_150.tex [6801])
(/home/eyamrog/PycharmProjects/cl_st1_anna/cl_st1_ph2_anna/examples/f6_pos/f6_p
os_151.tex [6802] [6803] [6804])
(/home/eyamrog/PycharmProjects/cl_st1_anna/cl_st1_ph2_anna/examples/f6_pos/f6_p
os_152.tex [6805] [6806] [6807] [6808] [6809] [6810])
(/home/eyamrog/PycharmProjects/cl_st1_anna/cl_st1_ph2_anna/examples/f6_pos/f6_p
os_153.tex [6811])
(/home/eyamrog/PycharmProjects/cl_st1_anna/cl_st1_ph2_anna/examples/f6_pos/f6_p
os_154.tex [6812] [6813] [6814])
(/home/eyamrog/PycharmProjects/cl_st1_anna/cl_st1_ph2_anna/examples/f6_pos/f6_p
os_155.tex [6815] [6816])
(/home/eyamrog/PycharmProjects/cl_st1_anna/cl_st1_ph2_anna/examples/f6_pos/f6_p
os_156.tex [6817] [6818] [6819] [6820])
(/home/eyamrog/PycharmProjects/cl_st1_anna/cl_st1_ph2_anna/examples/f6_pos/f6_p
os_157.tex [6821])
(/home/eyamrog/PycharmProjects/cl_st1_anna/cl_st1_ph2_anna/examples/f6_pos/f6_p
os_158.tex [6822] [6823])
(/home/eyamrog/PycharmProjects/cl_st1_anna/cl_st1_ph2_anna/examples/f6_pos/f6_p
os_159.tex [6824])
(/home/eyamrog/PycharmProjects/cl_st1_anna/cl_st1_ph2_anna/examples/f6_pos/f6_p
os_160.tex [6825] [6826])
(/home/eyamrog/PycharmProjects/cl_st1_anna/cl_st1_ph2_anna/examples/f6_pos/f6_p
os_161.tex [6827] [6828] [6829])
(/home/eyamrog/PycharmProjects/cl_st1_anna/cl_st1_ph2_anna/examples/f6_pos/f6_p
os_162.tex [6830] [6831] [6832] [6833])
(/home/eyamrog/PycharmProjects/cl_st1_anna/cl_st1_ph2_anna/examples/f6_pos/f6_p
os_163.tex
Overfull \hbox (1.37134pt too wide) in paragraph at lines 1--50
[]  \TU/DejaVuSerif(0)/m/n/10 10.7 Itin-erários \TU/DejaVuSerif(0)/b/n/10 For-m
a-tivos \TU/DejaVuSerif(0)/m/n/10 de Ed-u-cação Profis-sional e Tec-nológ-ica
 A tra-jetória
 []

[6834] [6835] [6836] [6837])
(/home/eyamrog/PycharmProjects/cl_st1_anna/cl_st1_ph2_anna/examples/f6_pos/f6_p
os_164.tex [6838] [6839] [6840] [6841])
(/home/eyamrog/PycharmProjects/cl_st1_anna/cl_st1_ph2_anna/examples/f6_pos/f6_p
os_165.tex [6842] [6843] [6844] [6845] [6846] [6847])
(/home/eyamrog/PycharmProjects/cl_st1_anna/cl_st1_ph2_anna/examples/f6_pos/f6_p
os_166.tex
Missing character: There is no ° (U+00B0) in font nullfont!
Missing character: There is no ° (U+00B0) in font nullfont!
[6848] [6849] [6850] [6851] [6852])
(/home/eyamrog/PycharmProjects/cl_st1_anna/cl_st1_ph2_anna/examples/f6_pos/f6_p
os_167.tex [6853
Missing character: There is no ° (U+00B0) in font nullfont!
] [6854] [6855] [6856] [6857])
(/home/eyamrog/PycharmProjects/cl_st1_anna/cl_st1_ph2_anna/examples/f6_pos/f6_p
os_168.tex [6858])
(/home/eyamrog/PycharmProjects/cl_st1_anna/cl_st1_ph2_anna/examples/f6_pos/f6_p
os_169.tex [6859] [6860] [6861])
(/home/eyamrog/PycharmProjects/cl_st1_anna/cl_st1_ph2_anna/examples/f6_pos/f6_p
os_170.tex [6862])
(/home/eyamrog/PycharmProjects/cl_st1_anna/cl_st1_ph2_anna/examples/f6_pos/f6_p
os_171.tex
Missing character: There is no ° (U+00B0) in font nullfont!
Missing character: There is no ° (U+00B0) in font nullfont!
Missing character: There is no ° (U+00B0) in font nullfont!
Missing character: There is no ° (U+00B0) in font nullfont!
Missing character: There is no ° (U+00B0) in font nullfont!
Missing character: There is no ° (U+00B0) in font nullfont!
[6863
Missing character: There is no ° (U+00B0) in font nullfont!
Missing character: There is no ° (U+00B0) in font nullfont!
] [6864])
(/home/eyamrog/PycharmProjects/cl_st1_anna/cl_st1_ph2_anna/examples/f6_pos/f6_p
os_172.tex [6865
Missing character: There is no ° (U+00B0) in font nullfont!
] [6866])
(/home/eyamrog/PycharmProjects/cl_st1_anna/cl_st1_ph2_anna/examples/f6_pos/f6_p
os_173.tex [6867])
(/home/eyamrog/PycharmProjects/cl_st1_anna/cl_st1_ph2_anna/examples/f6_pos/f6_p
os_174.tex [6868] [6869])
(/home/eyamrog/PycharmProjects/cl_st1_anna/cl_st1_ph2_anna/examples/f6_pos/f6_p
os_175.tex [6870])
(/home/eyamrog/PycharmProjects/cl_st1_anna/cl_st1_ph2_anna/examples/f6_pos/f6_p
os_176.tex
Overfull \hbox (28.50539pt too wide) in paragraph at lines 1--323
\TU/DejaVuSerif(0)/m/n/10 roupa. Disponível em : https://www.di-cio.com.br/es-t
iliza-cao/. Acesso em 08/07/2019.
 []


Overfull \hbox (10.15984pt too wide) in paragraph at lines 1--323
\TU/DejaVuSerif(0)/m/n/10 https://www.aldabra.com.br/ar-tigo/o-que-e-uma-fanpage
. Acesso em 08/07/2019.
 []


Overfull \hbox (19.9222pt too wide) in paragraph at lines 1--323
\TU/DejaVuSerif(0)/m/n/10 creven-doo-fu-turo.org.br/for-ma-cao/pergunte-a-olimpi
a/178/diferencas-e-aplicacoes-
 []


Overfull \hbox (26.49202pt too wide) in paragraph at lines 1--323
\TU/DejaVuSerif(0)/m/n/10 : https://ciber-du-vi-das.iscte-iul.pt/con-sul-to-rio/
per-gun-tas/semiose-e-semiotica/34036.
 []


Overfull \hbox (29.09212pt too wide) in paragraph at lines 1--323
\TU/DejaVuSerif(0)/m/n/10 https://www.es-creven-doo-fu-turo.org.br/for-ma-cao/pe
rgunte-a-olimpia/178/diferencas-
 []


Overfull \hbox (9.91896pt too wide) in paragraph at lines 1--323
\TU/DejaVuSerif(0)/m/n/10 e-aplicacoes-entre-multissemiotico-e-multimidiatico. 
Acesso em 08/07/2019. GIF
 []


Overfull \hbox (15.00287pt too wide) in paragraph at lines 1--323
\TU/DejaVuSerif(0)/m/n/10 do-texto/hiper-texto.html. Acesso em 08/07/2019. O hip
er-texto é, em sua definição,
 []


Overfull \hbox (48.8488pt too wide) in paragraph at lines 1--323
\TU/DejaVuSerif(0)/m/n/10 com as suas fontes e sig-nifi-ca-dos. Disponível em 
: https://www.sig-nifi-ca-dos.com.br/icono-
 []


Overfull \hbox (0.6009pt too wide) in paragraph at lines 1--323
\TU/DejaVuSerif(0)/m/n/10 https://www.tec-mundo.com.br/cu-riosi-dade/4204-machin
ima-quando-o-cenario-
 []


Overfull \hbox (13.96355pt too wide) in paragraph at lines 1--323
\TU/DejaVuSerif(0)/m/n/10 http://www.co-mu-niqueiro.com/di-cionario/mancha-grafi
ca. Acesso em 08/07/2019.
 []


Overfull \hbox (5.07439pt too wide) in paragraph at lines 1--323
\TU/DejaVuSerif(0)/m/n/10 Disponível em : https://www.sig-nifi-ca-dos.com.br/me
me/. Acesso em 08/07/2019.
 []


Overfull \hbox (77.20818pt too wide) in paragraph at lines 1--323
\TU/DejaVuSerif(0)/m/n/10 amanhã. Disponível em : https://www.di-cionar-i-oin-
for-mal.com.br/modal-iza%C3%A7%C3%A3o/
 []


Overfull \hbox (18.09196pt too wide) in paragraph at lines 1--323
\TU/DejaVuSerif(0)/m/n/10 guagem como ob-jeto de es-tudo. Disponível em : http:
//michaelis.uol.com.br/busca?
 []


Overfull \hbox (1.05013pt too wide) in paragraph at lines 1--323
\TU/DejaVuSerif(0)/m/n/10 cle/o-que-%C3%A9-um-slide-mestre-b9abb2a0-7aef-4257-a1
4e-4329c904da54.
 []


Overfull \hbox (21.55794pt too wide) in paragraph at lines 1--323
\TU/DejaVuSerif(0)/m/n/10 cao.es-tadao.com.br/blogs/blog-dos-colegios-santa-mari
a/tdic-no-cotidiano-escolar/.
 []


Overfull \hbox (25.5944pt too wide) in paragraph at lines 1--323
\TU/DejaVuSerif(0)/m/n/10 tuguescereja.ed-i-torasaraiva.com.br/textos-multimodai
s-leitura-e-producao/. Acesso
 []

[6871] [6872] [6873] [6874] [6875] [6876] [6877] [6878] [6879] [6880])
(/home/eyamrog/PycharmProjects/cl_st1_anna/cl_st1_ph2_anna/examples/f6_pos/f6_p
os_177.tex [6881] [6882] [6883] [6884])
(/home/eyamrog/PycharmProjects/cl_st1_anna/cl_st1_ph2_anna/examples/f6_pos/f6_p
os_178.tex [6885])
(/home/eyamrog/PycharmProjects/cl_st1_anna/cl_st1_ph2_anna/examples/f6_pos/f6_p
os_179.tex
Overfull \hbox (4.82487pt too wide) in paragraph at lines 1--35
\TU/DejaVuSerif(0)/m/n/10 da-base-nacional-comum-curricular-bncc/79, acesso em 
08/11/2021. Es-sas com-
 []

[6886] [6887])
(/home/eyamrog/PycharmProjects/cl_st1_anna/cl_st1_ph2_anna/examples/f6_pos/f6_p
os_180.tex [6888] [6889])
(/home/eyamrog/PycharmProjects/cl_st1_anna/cl_st1_ph2_anna/examples/f6_pos/f6_p
os_181.tex [6890] [6891])
(/home/eyamrog/PycharmProjects/cl_st1_anna/cl_st1_ph2_anna/examples/f6_pos/f6_p
os_182.tex [6892] [6893] [6894] [6895])
(/home/eyamrog/PycharmProjects/cl_st1_anna/cl_st1_ph2_anna/examples/f6_pos/f6_p
os_183.tex [6896] [6897])
(/home/eyamrog/PycharmProjects/cl_st1_anna/cl_st1_ph2_anna/examples/f6_pos/f6_p
os_184.tex [6898] [6899] [6900])
(/home/eyamrog/PycharmProjects/cl_st1_anna/cl_st1_ph2_anna/examples/f6_pos/f6_p
os_185.tex [6901] [6902] [6903] [6904])
(/home/eyamrog/PycharmProjects/cl_st1_anna/cl_st1_ph2_anna/examples/f6_pos/f6_p
os_186.tex [6905] [6906])
(/home/eyamrog/PycharmProjects/cl_st1_anna/cl_st1_ph2_anna/examples/f6_pos/f6_p
os_187.tex [6907] [6908] [6909] [6910])
(/home/eyamrog/PycharmProjects/cl_st1_anna/cl_st1_ph2_anna/examples/f6_pos/f6_p
os_188.tex [6911] [6912] [6913])
(/home/eyamrog/PycharmProjects/cl_st1_anna/cl_st1_ph2_anna/examples/f6_pos/f6_p
os_189.tex [6914])
(/home/eyamrog/PycharmProjects/cl_st1_anna/cl_st1_ph2_anna/examples/f6_pos/f6_p
os_190.tex
Overfull \hbox (5.3494pt too wide) in paragraph at lines 1--12
[]  \TU/DejaVuSerif(0)/m/n/10 5.3 PRO-CESSO DE CON-STRUÇÃO DOS ITIN-ERÁRIOS 
\TU/DejaVuSerif(0)/b/n/10 FOR-MA-TIVOS \TU/DejaVuSerif(0)/m/n/10 DA REDE
 []

[6915])
(/home/eyamrog/PycharmProjects/cl_st1_anna/cl_st1_ph2_anna/examples/f6_pos/f6_p
os_191.tex [6916] [6917] [6918] [6919] [6920])
(/home/eyamrog/PycharmProjects/cl_st1_anna/cl_st1_ph2_anna/examples/f6_pos/f6_p
os_192.tex [6921] [6922] [6923] [6924])
(/home/eyamrog/PycharmProjects/cl_st1_anna/cl_st1_ph2_anna/examples/f6_pos/f6_p
os_193.tex
Overfull \hbox (7.65169pt too wide) in paragraph at lines 1--51
[]  \TU/DejaVuSerif(0)/m/n/10 4.1 Temas con-tem-porâ-neos transver-sais ar-tic-
u-la-dos com as Com-petên-cias Gerais
 []

[6925] [6926])
(/home/eyamrog/PycharmProjects/cl_st1_anna/cl_st1_ph2_anna/examples/f6_pos/f6_p
os_194.tex
Overfull \hbox (13.9261pt too wide) in paragraph at lines 1--61
[]  \TU/DejaVuSerif(0)/m/n/10 3.1.3 Avali-ação da Apren-diza-gem Com base nos pres-su-pos-tos te
óri-cos norteadores
 []

[6927] [6928] [6929] [6930])
(/home/eyamrog/PycharmProjects/cl_st1_anna/cl_st1_ph2_anna/examples/f6_pos/f6_p
os_195.tex
Overfull \hbox (0.69695pt too wide) in paragraph at lines 1--54
\TU/DejaVuSerif(0)/m/n/10 /asset_publisher/Kujrw0TZC2Mb/content/id/51281622. Ace
sso em 22/10/2020.
 []

[6931] [6932] [6933] [6934])
(/home/eyamrog/PycharmProjects/cl_st1_anna/cl_st1_ph2_anna/examples/f6_pos/f6_p
os_196.tex [6935] [6936] [6937])
(/home/eyamrog/PycharmProjects/cl_st1_anna/cl_st1_ph2_anna/examples/f6_pos/f6_p
os_197.tex [6938] [6939] [6940])
(/home/eyamrog/PycharmProjects/cl_st1_anna/cl_st1_ph2_anna/examples/f6_pos/f6_p
os_198.tex [6941] [6942] [6943] [6944] [6945])
(/home/eyamrog/PycharmProjects/cl_st1_anna/cl_st1_ph2_anna/examples/f6_pos/f6_p
os_199.tex [6946] [6947] [6948])
(/home/eyamrog/PycharmProjects/cl_st1_anna/cl_st1_ph2_anna/examples/f6_pos/f6_p
os_200.tex
Overfull \hbox (7.63509pt too wide) in paragraph at lines 1--61
\TU/DejaVuSerif(0)/m/n/10 dades, le-git-i-mada pe-los princí-pios da equidade, justi
ça, igual-dade, sol-i-dariedade,
 []

[6949] [6950] [6951])
(/home/eyamrog/PycharmProjects/cl_st1_anna/cl_st1_ph2_anna/examples/f6_pos/f6_p
os_201.tex [6952])
(/home/eyamrog/PycharmProjects/cl_st1_anna/cl_st1_ph2_anna/examples/f6_pos/f6_p
os_202.tex
Overfull \hbox (7.97845pt too wide) in paragraph at lines 1--70
[]  \TU/DejaVuSerif(0)/m/n/10 2.3.10 PRO-CES-SOS METODOLÓGI-COS POR ÁREA, COM AS ES-PECI-FI-CI-DADES
 []

[6953] [6954] [6955] [6956])
(/home/eyamrog/PycharmProjects/cl_st1_anna/cl_st1_ph2_anna/examples/f6_pos/f6_p
os_203.tex [6957] [6958] [6959] [6960] [6961] [6962])
(/home/eyamrog/PycharmProjects/cl_st1_anna/cl_st1_ph2_anna/examples/f6_pos/f6_p
os_204.tex [6963] [6964] [6965])
(/home/eyamrog/PycharmProjects/cl_st1_anna/cl_st1_ph2_anna/examples/f6_pos/f6_p
os_205.tex
Overfull \hbox (19.39725pt too wide) in paragraph at lines 1--12
[]  \TU/DejaVuSerif(0)/m/n/10 FOR-MAÇÃO BÁSICA PARA O MUNDO TRA-BALHO IN-TER-
VENÇÃO CO-MU-NITÁRIA
 []

[6966] [6967])
(/home/eyamrog/PycharmProjects/cl_st1_anna/cl_st1_ph2_anna/examples/f6_pos/f6_p
os_206.tex [6968])
(/home/eyamrog/PycharmProjects/cl_st1_anna/cl_st1_ph2_anna/examples/f6_pos/f6_p
os_207.tex [6969] [6970] [6971])
(/home/eyamrog/PycharmProjects/cl_st1_anna/cl_st1_ph2_anna/examples/f6_pos/f6_p
os_208.tex [6972] [6973] [6974])
(/home/eyamrog/PycharmProjects/cl_st1_anna/cl_st1_ph2_anna/examples/f6_pos/f6_p
os_209.tex [6975] [6976])
(/home/eyamrog/PycharmProjects/cl_st1_anna/cl_st1_ph2_anna/examples/f6_pos/f6_p
os_210.tex [6977])
(/home/eyamrog/PycharmProjects/cl_st1_anna/cl_st1_ph2_anna/examples/f6_pos/f6_p
os_211.tex [6978] [6979] [6980] [6981] [6982] [6983])
(/home/eyamrog/PycharmProjects/cl_st1_anna/cl_st1_ph2_anna/examples/f6_pos/f6_p
os_212.tex [6984] [6985] [6986] [6987] [6988])
(/home/eyamrog/PycharmProjects/cl_st1_anna/cl_st1_ph2_anna/examples/f6_pos/f6_p
os_213.tex
Overfull \hbox (1.69217pt too wide) in paragraph at lines 1--51
[]  \TU/DejaVuSerif(0)/m/n/10 4.6.2 COM-PETÊN-CIAS ES-PECÍ-FI-CAS DE MATEMÁTI
CA PARA O EN-SINO FUN-
 []

[6989] [6990] [6991])
(/home/eyamrog/PycharmProjects/cl_st1_anna/cl_st1_ph2_anna/examples/f6_pos/f6_p
os_214.tex [6992] [6993])
(/home/eyamrog/PycharmProjects/cl_st1_anna/cl_st1_ph2_anna/examples/f6_pos/f6_p
os_215.tex [6994] [6995])
(/home/eyamrog/PycharmProjects/cl_st1_anna/cl_st1_ph2_anna/examples/f6_pos/f6_p
os_216.tex [6996] [6997])
(/home/eyamrog/PycharmProjects/cl_st1_anna/cl_st1_ph2_anna/examples/f6_pos/f6_p
os_217.tex [6998] [6999] [7000] [7001])
(/home/eyamrog/PycharmProjects/cl_st1_anna/cl_st1_ph2_anna/examples/f6_pos/f6_p
os_218.tex [7002] [7003] [7004])
(/home/eyamrog/PycharmProjects/cl_st1_anna/cl_st1_ph2_anna/examples/f6_pos/f6_p
os_219.tex [7005] [7006] [7007])
(/home/eyamrog/PycharmProjects/cl_st1_anna/cl_st1_ph2_anna/examples/f6_pos/f6_p
os_220.tex [7008])
(/home/eyamrog/PycharmProjects/cl_st1_anna/cl_st1_ph2_anna/examples/f6_pos/f6_p
os_221.tex [7009] [7010] [7011])
(/home/eyamrog/PycharmProjects/cl_st1_anna/cl_st1_ph2_anna/examples/f6_pos/f6_p
os_222.tex [7012] [7013])
(/home/eyamrog/PycharmProjects/cl_st1_anna/cl_st1_ph2_anna/examples/f6_pos/f6_p
os_223.tex [7014] [7015] [7016])
(/home/eyamrog/PycharmProjects/cl_st1_anna/cl_st1_ph2_anna/examples/f6_pos/f6_p
os_224.tex [7017] [7018] [7019])
(/home/eyamrog/PycharmProjects/cl_st1_anna/cl_st1_ph2_anna/examples/f6_pos/f6_p
os_225.tex [7020])
(/home/eyamrog/PycharmProjects/cl_st1_anna/cl_st1_ph2_anna/examples/f6_pos/f6_p
os_226.tex [7021] [7022] [7023])
(/home/eyamrog/PycharmProjects/cl_st1_anna/cl_st1_ph2_anna/examples/f6_pos/f6_p
os_227.tex [7024] [7025] [7026] [7027])
(/home/eyamrog/PycharmProjects/cl_st1_anna/cl_st1_ph2_anna/examples/f6_pos/f6_p
os_228.tex
Overfull \hbox (0.61101pt too wide) in paragraph at lines 1--18
\TU/DejaVuSerif(0)/m/n/10 provo-car di-ver-sos de-se-qui-líbrios so-cioam-bi-en
-tais. Con-tudo, são pro-postas com-
 []

[7028] [7029])
(/home/eyamrog/PycharmProjects/cl_st1_anna/cl_st1_ph2_anna/examples/f6_pos/f6_p
os_229.tex
Overfull \hbox (2.09798pt too wide) in paragraph at lines 1--32
\TU/DejaVuSerif(0)/m/n/10 cação, trans-for-mação, aquisição de ha-bil-i-da
des, mu-dança de at-i-tudes, aquisição
 []

[7030])
(/home/eyamrog/PycharmProjects/cl_st1_anna/cl_st1_ph2_anna/examples/f6_pos/f6_p
os_230.tex [7031] [7032] [7033])
(/home/eyamrog/PycharmProjects/cl_st1_anna/cl_st1_ph2_anna/examples/f6_pos/f6_p
os_231.tex [7034] [7035] [7036] [7037])
(/home/eyamrog/PycharmProjects/cl_st1_anna/cl_st1_ph2_anna/examples/f6_pos/f6_p
os_232.tex [7038] [7039])
(/home/eyamrog/PycharmProjects/cl_st1_anna/cl_st1_ph2_anna/examples/f6_pos/f6_p
os_233.tex [7040] [7041] [7042])
(/home/eyamrog/PycharmProjects/cl_st1_anna/cl_st1_ph2_anna/examples/f6_pos/f6_p
os_234.tex [7043])
(/home/eyamrog/PycharmProjects/cl_st1_anna/cl_st1_ph2_anna/examples/f6_pos/f6_p
os_235.tex
Overfull \hbox (6.19661pt too wide) in paragraph at lines 1--51
[]  \TU/DejaVuSerif(0)/m/n/10 2.1.1 Temas Con-tem-porâ-neos Transver-sais — 
TCTs Os Temas Transver-sais foram
 []

[7044] [7045] [7046])
(/home/eyamrog/PycharmProjects/cl_st1_anna/cl_st1_ph2_anna/examples/f6_pos/f6_p
os_236.tex [7047] [7048])
(/home/eyamrog/PycharmProjects/cl_st1_anna/cl_st1_ph2_anna/examples/f6_pos/f6_p
os_237.tex [7049])
(/home/eyamrog/PycharmProjects/cl_st1_anna/cl_st1_ph2_anna/examples/f6_pos/f6_p
os_238.tex [7050] [7051])
(/home/eyamrog/PycharmProjects/cl_st1_anna/cl_st1_ph2_anna/examples/f6_pos/f6_p
os_239.tex
Overfull \hbox (4.62779pt too wide) in paragraph at lines 1--16
[]  \TU/DejaVuSerif(0)/m/n/10 IN-STRU-MEN-TOS E PRO-CED-I-MEN-TOS DE AVALI-AÇ
ÃO Pro-ced-i-men-tos - A avali-
 []


Overfull \hbox (2.10774pt too wide) in paragraph at lines 1--16
\TU/DejaVuSerif(0)/m/n/10 dades práti-cas, in-di-vid-u-ais e em equipe, ro-das de con-versa, de-bates, dis-cuss
ões,
 []

[7052])
(/home/eyamrog/PycharmProjects/cl_st1_anna/cl_st1_ph2_anna/examples/f6_pos/f6_p
os_240.tex
Overfull \hbox (4.62779pt too wide) in paragraph at lines 1--17
[]  \TU/DejaVuSerif(0)/m/n/10 IN-STRU-MEN-TOS E PRO-CED-I-MEN-TOS DE AVALI-AÇ
ÃO Pro-ced-i-men-tos - A avali-
 []


Overfull \hbox (2.10774pt too wide) in paragraph at lines 1--17
\TU/DejaVuSerif(0)/m/n/10 dades práti-cas, in-di-vid-u-ais e em equipe, ro-das de con-versa, de-bates, dis-cuss
ões,
 []

[7053] [7054])
(/home/eyamrog/PycharmProjects/cl_st1_anna/cl_st1_ph2_anna/examples/f6_pos/f6_p
os_241.tex [7055] [7056])
(/home/eyamrog/PycharmProjects/cl_st1_anna/cl_st1_ph2_anna/examples/f6_pos/f6_p
os_242.tex [7057] [7058])
(/home/eyamrog/PycharmProjects/cl_st1_anna/cl_st1_ph2_anna/examples/f6_pos/f6_p
os_243.tex [7059] [7060])
(/home/eyamrog/PycharmProjects/cl_st1_anna/cl_st1_ph2_anna/examples/f6_pos/f6_p
os_244.tex [7061] [7062])
(/home/eyamrog/PycharmProjects/cl_st1_anna/cl_st1_ph2_anna/examples/f6_pos/f6_p
os_245.tex [7063] [7064] [7065])
(/home/eyamrog/PycharmProjects/cl_st1_anna/cl_st1_ph2_anna/examples/f6_pos/f6_p
os_246.tex [7066])
(/home/eyamrog/PycharmProjects/cl_st1_anna/cl_st1_ph2_anna/examples/f6_pos/f6_p
os_247.tex [7067])
(/home/eyamrog/PycharmProjects/cl_st1_anna/cl_st1_ph2_anna/examples/f6_pos/f6_p
os_248.tex [7068])
(/home/eyamrog/PycharmProjects/cl_st1_anna/cl_st1_ph2_anna/examples/f6_pos/f6_p
os_249.tex [7069] [7070])
(/home/eyamrog/PycharmProjects/cl_st1_anna/cl_st1_ph2_anna/examples/f6_pos/f6_p
os_250.tex [7071] [7072])
(/home/eyamrog/PycharmProjects/cl_st1_anna/cl_st1_ph2_anna/examples/f6_pos/f6_p
os_251.tex [7073] [7074])
(/home/eyamrog/PycharmProjects/cl_st1_anna/cl_st1_ph2_anna/examples/f6_pos/f6_p
os_252.tex [7075] [7076])
(/home/eyamrog/PycharmProjects/cl_st1_anna/cl_st1_ph2_anna/examples/f6_pos/f6_p
os_253.tex [7077] [7078] [7079])
(/home/eyamrog/PycharmProjects/cl_st1_anna/cl_st1_ph2_anna/examples/f6_pos/f6_p
os_254.tex [7080] [7081])
(/home/eyamrog/PycharmProjects/cl_st1_anna/cl_st1_ph2_anna/examples/f6_pos/f6_p
os_255.tex [7082] [7083])
(/home/eyamrog/PycharmProjects/cl_st1_anna/cl_st1_ph2_anna/examples/f6_pos/f6_p
os_256.tex [7084] [7085])
(/home/eyamrog/PycharmProjects/cl_st1_anna/cl_st1_ph2_anna/examples/f6_pos/f6_p
os_257.tex [7086])
(/home/eyamrog/PycharmProjects/cl_st1_anna/cl_st1_ph2_anna/examples/f6_pos/f6_p
os_258.tex [7087])
(/home/eyamrog/PycharmProjects/cl_st1_anna/cl_st1_ph2_anna/examples/f6_pos/f6_p
os_259.tex
Missing character: There is no ° (U+00B0) in font nullfont!
Missing character: There is no ° (U+00B0) in font nullfont!
[7088] [7089
Missing character: There is no ° (U+00B0) in font nullfont!
])
(/home/eyamrog/PycharmProjects/cl_st1_anna/cl_st1_ph2_anna/examples/f6_pos/f6_p
os_260.tex [7090])
(/home/eyamrog/PycharmProjects/cl_st1_anna/cl_st1_ph2_anna/examples/f6_pos/f6_p
os_261.tex [7091])
(/home/eyamrog/PycharmProjects/cl_st1_anna/cl_st1_ph2_anna/examples/f6_pos/f6_p
os_262.tex [7092] [7093])
(/home/eyamrog/PycharmProjects/cl_st1_anna/cl_st1_ph2_anna/examples/f6_pos/f6_p
os_263.tex [7094] [7095])
(/home/eyamrog/PycharmProjects/cl_st1_anna/cl_st1_ph2_anna/examples/f6_pos/f6_p
os_264.tex [7096] [7097] [7098] [7099])
(/home/eyamrog/PycharmProjects/cl_st1_anna/cl_st1_ph2_anna/examples/f6_pos/f6_p
os_265.tex [7100])
(/home/eyamrog/PycharmProjects/cl_st1_anna/cl_st1_ph2_anna/examples/f6_pos/f6_p
os_266.tex [7101] [7102] [7103])
(/home/eyamrog/PycharmProjects/cl_st1_anna/cl_st1_ph2_anna/examples/f6_pos/f6_p
os_267.tex [7104] [7105])
(/home/eyamrog/PycharmProjects/cl_st1_anna/cl_st1_ph2_anna/examples/f6_pos/f6_p
os_268.tex [7106] [7107] [7108])
(/home/eyamrog/PycharmProjects/cl_st1_anna/cl_st1_ph2_anna/examples/f6_pos/f6_p
os_269.tex [7109])
(/home/eyamrog/PycharmProjects/cl_st1_anna/cl_st1_ph2_anna/examples/f6_pos/f6_p
os_270.tex [7110] [7111])
(/home/eyamrog/PycharmProjects/cl_st1_anna/cl_st1_ph2_anna/examples/f6_pos/f6_p
os_271.tex [7112] [7113])
(/home/eyamrog/PycharmProjects/cl_st1_anna/cl_st1_ph2_anna/examples/f6_pos/f6_p
os_272.tex [7114])
(/home/eyamrog/PycharmProjects/cl_st1_anna/cl_st1_ph2_anna/examples/f6_pos/f6_p
os_273.tex
Overfull \hbox (15.95874pt too wide) in paragraph at lines 1--33
\TU/DejaVuSerif(0)/m/n/10 Text Sam-ple 3073: POS Dim 6 – rj – Score 6.00 
– rj/rj_ef_cien-cias_da_na-tureza_1.txt 
 []

[7115] [7116])
(/home/eyamrog/PycharmProjects/cl_st1_anna/cl_st1_ph2_anna/examples/f6_pos/f6_p
os_274.tex
Overfull \hbox (15.95874pt too wide) in paragraph at lines 1--49
\TU/DejaVuSerif(0)/m/n/10 Text Sam-ple 3074: POS Dim 6 – rj – Score 6.00 
– rj/rj_ef_cien-cias_da_na-tureza_2.txt 
 []

[7117] [7118] [7119])
(/home/eyamrog/PycharmProjects/cl_st1_anna/cl_st1_ph2_anna/examples/f6_pos/f6_p
os_275.tex [7120] [7121])
(/home/eyamrog/PycharmProjects/cl_st1_anna/cl_st1_ph2_anna/examples/f6_pos/f6_p
os_276.tex [7122] [7123])
(/home/eyamrog/PycharmProjects/cl_st1_anna/cl_st1_ph2_anna/examples/f6_pos/f6_p
os_277.tex [7124] [7125] [7126])
(/home/eyamrog/PycharmProjects/cl_st1_anna/cl_st1_ph2_anna/examples/f6_pos/f6_p
os_278.tex
Overfull \hbox (28.76099pt too wide) in paragraph at lines 1--40
[]  \TU/DejaVuSerif(0)/m/n/10 A Matemática no En-sino Fun-da-men-tal No En-sino
 Fun-da-men-tal, a área de Matemática
 []

[7127] [7128])
(/home/eyamrog/PycharmProjects/cl_st1_anna/cl_st1_ph2_anna/examples/f6_pos/f6_p
os_279.tex [7129])
(/home/eyamrog/PycharmProjects/cl_st1_anna/cl_st1_ph2_anna/examples/f6_pos/f6_p
os_280.tex [7130] [7131])
(/home/eyamrog/PycharmProjects/cl_st1_anna/cl_st1_ph2_anna/examples/f6_neg/f6_n
eg_001.tex
Overfull \hbox (3.04858pt too wide) in paragraph at lines 1--26
\TU/DejaVuSerif(0)/m/n/10 Text Sam-ple 3081: NEG Dim 6 – rj – Score -1.00 
– rj/rj_ef_lin-gua-gens_ed_fis_3.txt 
 []

[7132] [7133])
(/home/eyamrog/PycharmProjects/cl_st1_anna/cl_st1_ph2_anna/examples/f6_neg/f6_n
eg_002.tex [7134])
(/home/eyamrog/PycharmProjects/cl_st1_anna/cl_st1_ph2_anna/examples/f6_neg/f6_n
eg_003.tex
Overfull \hbox (8.5218pt too wide) in paragraph at lines 1--25
\TU/DejaVuSerif(0)/m/n/10 DUC/UNDIME-RJ. Foi elab-o-rado, tam-bém, um crono-gra
ma de ativi-dades, aprova-
 []

[7135])
(/home/eyamrog/PycharmProjects/cl_st1_anna/cl_st1_ph2_anna/examples/f6_neg/f6_n
eg_004.tex [7136] [7137])
(/home/eyamrog/PycharmProjects/cl_st1_anna/cl_st1_ph2_anna/examples/f6_neg/f6_n
eg_005.tex [7138])
(/home/eyamrog/PycharmProjects/cl_st1_anna/cl_st1_ph2_anna/examples/f6_neg/f6_n
eg_006.tex [7139] [7140])
(/home/eyamrog/PycharmProjects/cl_st1_anna/cl_st1_ph2_anna/examples/f6_neg/f6_n
eg_007.tex [7141])
(/home/eyamrog/PycharmProjects/cl_st1_anna/cl_st1_ph2_anna/examples/f6_neg/f6_n
eg_008.tex
Overfull \hbox (3.66438pt too wide) in paragraph at lines 1--27
\TU/DejaVuSerif(0)/m/n/10 a ed-u-cação, ex-pondo as-sim os mod-e-los teóri-co
s que apoiam as práti-cas pedagóg-
 []

[7142])
(/home/eyamrog/PycharmProjects/cl_st1_anna/cl_st1_ph2_anna/examples/f6_neg/f6_n
eg_009.tex [7143] [7144])
(/home/eyamrog/PycharmProjects/cl_st1_anna/cl_st1_ph2_anna/examples/f6_neg/f6_n
eg_010.tex)
(/home/eyamrog/PycharmProjects/cl_st1_anna/cl_st1_ph2_anna/examples/f6_neg/f6_n
eg_011.tex [7145])
(/home/eyamrog/PycharmProjects/cl_st1_anna/cl_st1_ph2_anna/examples/f6_neg/f6_n
eg_012.tex [7146] [7147])
(/home/eyamrog/PycharmProjects/cl_st1_anna/cl_st1_ph2_anna/examples/f6_neg/f6_n
eg_013.tex [7148])
(/home/eyamrog/PycharmProjects/cl_st1_anna/cl_st1_ph2_anna/examples/f6_neg/f6_n
eg_014.tex [7149])
(/home/eyamrog/PycharmProjects/cl_st1_anna/cl_st1_ph2_anna/examples/f6_neg/f6_n
eg_015.tex [7150])
(/home/eyamrog/PycharmProjects/cl_st1_anna/cl_st1_ph2_anna/examples/f6_neg/f6_n
eg_016.tex [7151])
(/home/eyamrog/PycharmProjects/cl_st1_anna/cl_st1_ph2_anna/examples/f6_neg/f6_n
eg_017.tex)
(/home/eyamrog/PycharmProjects/cl_st1_anna/cl_st1_ph2_anna/examples/f6_neg/f6_n
eg_018.tex
Overfull \hbox (21.69604pt too wide) in paragraph at lines 1--22
\TU/DejaVuSerif(0)/m/n/10 Text Sam-ple 3098: NEG Dim 6 – rj – Score 1.00 
– rj/rj_ef_cien-cias_hu-manas_his_2.txt 
 []

[7152] [7153])
(/home/eyamrog/PycharmProjects/cl_st1_anna/cl_st1_ph2_anna/examples/f6_neg/f6_n
eg_019.tex)
(/home/eyamrog/PycharmProjects/cl_st1_anna/cl_st1_ph2_anna/examples/f6_neg/f6_n
eg_020.tex [7154] [7155] [7156])
(/home/eyamrog/PycharmProjects/cl_st1_anna/cl_st1_ph2_anna/examples/f6_neg/f6_n
eg_021.tex
Overfull \hbox (0.35083pt too wide) in paragraph at lines 1--82
[]  \TU/DejaVuSerif(0)/m/n/10 Ed-u-cação Física O Ref-er-en-cial Cur-ric-u-la
r Ama-zo-nense de Ed-u-cação Física Anos
 []

[7157] [7158] [7159] [7160])
(/home/eyamrog/PycharmProjects/cl_st1_anna/cl_st1_ph2_anna/examples/f6_neg/f6_n
eg_022.tex [7161])
(/home/eyamrog/PycharmProjects/cl_st1_anna/cl_st1_ph2_anna/examples/f6_neg/f6_n
eg_023.tex [7162])
(/home/eyamrog/PycharmProjects/cl_st1_anna/cl_st1_ph2_anna/examples/f6_neg/f6_n
eg_024.tex [7163] [7164] [7165] [7166])
(/home/eyamrog/PycharmProjects/cl_st1_anna/cl_st1_ph2_anna/examples/f6_neg/f6_n
eg_025.tex [7167] [7168])
(/home/eyamrog/PycharmProjects/cl_st1_anna/cl_st1_ph2_anna/examples/f6_neg/f6_n
eg_026.tex [7169])
(/home/eyamrog/PycharmProjects/cl_st1_anna/cl_st1_ph2_anna/examples/f6_neg/f6_n
eg_027.tex)
(/home/eyamrog/PycharmProjects/cl_st1_anna/cl_st1_ph2_anna/examples/f6_neg/f6_n
eg_028.tex [7170] [7171])
(/home/eyamrog/PycharmProjects/cl_st1_anna/cl_st1_ph2_anna/examples/f6_neg/f6_n
eg_029.tex [7172] [7173])
(/home/eyamrog/PycharmProjects/cl_st1_anna/cl_st1_ph2_anna/examples/f6_neg/f6_n
eg_030.tex [7174])
(/home/eyamrog/PycharmProjects/cl_st1_anna/cl_st1_ph2_anna/examples/f6_neg/f6_n
eg_031.tex [7175])
(/home/eyamrog/PycharmProjects/cl_st1_anna/cl_st1_ph2_anna/examples/f6_neg/f6_n
eg_032.tex [7176])
(/home/eyamrog/PycharmProjects/cl_st1_anna/cl_st1_ph2_anna/examples/f6_neg/f6_n
eg_033.tex [7177])
(/home/eyamrog/PycharmProjects/cl_st1_anna/cl_st1_ph2_anna/examples/f6_neg/f6_n
eg_034.tex [7178])
(/home/eyamrog/PycharmProjects/cl_st1_anna/cl_st1_ph2_anna/examples/f6_neg/f6_n
eg_035.tex [7179])
(/home/eyamrog/PycharmProjects/cl_st1_anna/cl_st1_ph2_anna/examples/f6_neg/f6_n
eg_036.tex [7180])
(/home/eyamrog/PycharmProjects/cl_st1_anna/cl_st1_ph2_anna/examples/f6_neg/f6_n
eg_037.tex [7181])
(/home/eyamrog/PycharmProjects/cl_st1_anna/cl_st1_ph2_anna/examples/f6_neg/f6_n
eg_038.tex [7182])
(/home/eyamrog/PycharmProjects/cl_st1_anna/cl_st1_ph2_anna/examples/f6_neg/f6_n
eg_039.tex [7183] [7184])
(/home/eyamrog/PycharmProjects/cl_st1_anna/cl_st1_ph2_anna/examples/f6_neg/f6_n
eg_040.tex
Overfull \hbox (4.82732pt too wide) in paragraph at lines 1--8
[]  \TU/DejaVuSerif(0)/m/n/10 2.11.5 ES-PAÇOS, TEM-POS, QUAN-TI-DADES, RE-LA
ÇÕES E TRANS-FOR-MAÇÕES
 []

[7185])
(/home/eyamrog/PycharmProjects/cl_st1_anna/cl_st1_ph2_anna/examples/f6_neg/f6_n
eg_041.tex
Overfull \hbox (33.41968pt too wide) in paragraph at lines 1--12
\TU/DejaVuSerif(0)/m/n/10 Text Sam-ple 3121: NEG Dim 6 – mg – Score -1.00 
– mg/mg_ef_lin-gua-gens_ed_fis_10.txt 
 []


Overfull \hbox (0.6302pt too wide) in paragraph at lines 1--12
\TU/DejaVuSerif(0)/m/n/10 nos de-bruçar-mos na car-ac-ter-i-za-ção de cada um
a destas man-i-fes-tações percebe-
 []

[7186])
(/home/eyamrog/PycharmProjects/cl_st1_anna/cl_st1_ph2_anna/examples/f6_neg/f6_n
eg_042.tex
Overfull \hbox (20.31966pt too wide) in paragraph at lines 1--32
\TU/DejaVuSerif(0)/m/n/10 di-re-ito à ed-u-cação Para falar so-bre Ed-u-ca
ção Es-co-lar Quilom-bola, faz -se necessário
 []

[7187])
(/home/eyamrog/PycharmProjects/cl_st1_anna/cl_st1_ph2_anna/examples/f6_neg/f6_n
eg_043.tex [7188])
(/home/eyamrog/PycharmProjects/cl_st1_anna/cl_st1_ph2_anna/examples/f6_neg/f6_n
eg_044.tex [7189])
(/home/eyamrog/PycharmProjects/cl_st1_anna/cl_st1_ph2_anna/examples/f6_neg/f6_n
eg_045.tex [7190] [7191] [7192])
(/home/eyamrog/PycharmProjects/cl_st1_anna/cl_st1_ph2_anna/examples/f6_neg/f6_n
eg_046.tex [7193])
(/home/eyamrog/PycharmProjects/cl_st1_anna/cl_st1_ph2_anna/examples/f6_neg/f6_n
eg_047.tex
Overfull \hbox (12.12532pt too wide) in paragraph at lines 1--21
\TU/DejaVuSerif(0)/m/n/10 mente, na rede reg-u-lar de en-sino para os ed-u-can-d
os, com defi-ciên-cia, Transtornos
 []

[7194])
(/home/eyamrog/PycharmProjects/cl_st1_anna/cl_st1_ph2_anna/examples/f6_neg/f6_n
eg_048.tex [7195])
(/home/eyamrog/PycharmProjects/cl_st1_anna/cl_st1_ph2_anna/examples/f6_neg/f6_n
eg_049.tex [7196])
(/home/eyamrog/PycharmProjects/cl_st1_anna/cl_st1_ph2_anna/examples/f6_neg/f6_n
eg_050.tex
Overfull \hbox (0.38606pt too wide) in paragraph at lines 1--11
[]  \TU/DejaVuSerif(0)/m/n/10 14.2 Re-lação do Com-po-nente Cur-ric-u-lar com as Con-cep
ções do Cur-rículo Refer-
 []

[7197])
(/home/eyamrog/PycharmProjects/cl_st1_anna/cl_st1_ph2_anna/examples/f6_neg/f6_n
eg_051.tex [7198] [7199])
(/home/eyamrog/PycharmProjects/cl_st1_anna/cl_st1_ph2_anna/examples/f6_neg/f6_n
eg_052.tex [7200])
(/home/eyamrog/PycharmProjects/cl_st1_anna/cl_st1_ph2_anna/examples/f6_neg/f6_n
eg_053.tex [7201])
(/home/eyamrog/PycharmProjects/cl_st1_anna/cl_st1_ph2_anna/examples/f6_neg/f6_n
eg_054.tex [7202])
(/home/eyamrog/PycharmProjects/cl_st1_anna/cl_st1_ph2_anna/examples/f6_neg/f6_n
eg_055.tex [7203] [7204])
(/home/eyamrog/PycharmProjects/cl_st1_anna/cl_st1_ph2_anna/examples/f6_neg/f6_n
eg_056.tex)
(/home/eyamrog/PycharmProjects/cl_st1_anna/cl_st1_ph2_anna/examples/f6_neg/f6_n
eg_057.tex [7205] [7206])
(/home/eyamrog/PycharmProjects/cl_st1_anna/cl_st1_ph2_anna/examples/f6_neg/f6_n
eg_058.tex [7207])
(/home/eyamrog/PycharmProjects/cl_st1_anna/cl_st1_ph2_anna/examples/f6_neg/f6_n
eg_059.tex [7208])
(/home/eyamrog/PycharmProjects/cl_st1_anna/cl_st1_ph2_anna/examples/f6_neg/f6_n
eg_060.tex [7209] [7210])
(/home/eyamrog/PycharmProjects/cl_st1_anna/cl_st1_ph2_anna/examples/f6_neg/f6_n
eg_061.tex)
(/home/eyamrog/PycharmProjects/cl_st1_anna/cl_st1_ph2_anna/examples/f6_neg/f6_n
eg_062.tex [7211] [7212])
(/home/eyamrog/PycharmProjects/cl_st1_anna/cl_st1_ph2_anna/examples/f6_neg/f6_n
eg_063.tex [7213] [7214])
(/home/eyamrog/PycharmProjects/cl_st1_anna/cl_st1_ph2_anna/examples/f6_neg/f6_n
eg_064.tex [7215])
(/home/eyamrog/PycharmProjects/cl_st1_anna/cl_st1_ph2_anna/examples/f6_neg/f6_n
eg_065.tex [7216] [7217])
(/home/eyamrog/PycharmProjects/cl_st1_anna/cl_st1_ph2_anna/examples/f6_neg/f6_n
eg_066.tex [7218])
(/home/eyamrog/PycharmProjects/cl_st1_anna/cl_st1_ph2_anna/examples/f6_neg/f6_n
eg_067.tex [7219])
(/home/eyamrog/PycharmProjects/cl_st1_anna/cl_st1_ph2_anna/examples/f6_neg/f6_n
eg_068.tex [7220])
(/home/eyamrog/PycharmProjects/cl_st1_anna/cl_st1_ph2_anna/examples/f6_neg/f6_n
eg_069.tex)
(/home/eyamrog/PycharmProjects/cl_st1_anna/cl_st1_ph2_anna/examples/f6_neg/f6_n
eg_070.tex
Overfull \hbox (17.11353pt too wide) in paragraph at lines 1--15
[]  \TU/DejaVuSerif(0)/m/n/10 O Eixo da Análise Lin-guís-tica/Semiótica busca
 con-sid-erar as es-traté-gias (meta)cog-
 []

[7221] [7222])
(/home/eyamrog/PycharmProjects/cl_st1_anna/cl_st1_ph2_anna/examples/f6_neg/f6_n
eg_071.tex [7223] [7224])
(/home/eyamrog/PycharmProjects/cl_st1_anna/cl_st1_ph2_anna/examples/f6_neg/f6_n
eg_072.tex [7225])
(/home/eyamrog/PycharmProjects/cl_st1_anna/cl_st1_ph2_anna/examples/f6_neg/f6_n
eg_073.tex)
(/home/eyamrog/PycharmProjects/cl_st1_anna/cl_st1_ph2_anna/examples/f6_neg/f6_n
eg_074.tex
Overfull \hbox (7.41415pt too wide) in paragraph at lines 1--10
\TU/DejaVuSerif(0)/m/n/10 ED-U-CAÇÃO IN-FAN-TIL O de-sen-volvi-mento in-te-gra
l da cri-ança per-mite que viven-
 []

[7226])
(/home/eyamrog/PycharmProjects/cl_st1_anna/cl_st1_ph2_anna/examples/f6_neg/f6_n
eg_075.tex [7227])
(/home/eyamrog/PycharmProjects/cl_st1_anna/cl_st1_ph2_anna/examples/f6_neg/f6_n
eg_076.tex [7228])
(/home/eyamrog/PycharmProjects/cl_st1_anna/cl_st1_ph2_anna/examples/f6_neg/f6_n
eg_077.tex [7229] [7230])
(/home/eyamrog/PycharmProjects/cl_st1_anna/cl_st1_ph2_anna/examples/f6_neg/f6_n
eg_078.tex)
(/home/eyamrog/PycharmProjects/cl_st1_anna/cl_st1_ph2_anna/examples/f6_neg/f6_n
eg_079.tex [7231])
(/home/eyamrog/PycharmProjects/cl_st1_anna/cl_st1_ph2_anna/examples/f6_neg/f6_n
eg_080.tex [7232] [7233] [7234])
(/home/eyamrog/PycharmProjects/cl_st1_anna/cl_st1_ph2_anna/examples/f6_neg/f6_n
eg_081.tex [7235] [7236])
(/home/eyamrog/PycharmProjects/cl_st1_anna/cl_st1_ph2_anna/examples/f6_neg/f6_n
eg_082.tex [7237])
(/home/eyamrog/PycharmProjects/cl_st1_anna/cl_st1_ph2_anna/examples/f6_neg/f6_n
eg_083.tex
Overfull \hbox (2.91393pt too wide) in paragraph at lines 1--11
\TU/DejaVuSerif(0)/m/n/10 ” OB-JE-TIVOS DE APREN-DIZA-GEM E DE-SEN-VOLVI-MENTO
 Re-con-hecer quando
 []

[7238])
(/home/eyamrog/PycharmProjects/cl_st1_anna/cl_st1_ph2_anna/examples/f6_neg/f6_n
eg_084.tex [7239])
(/home/eyamrog/PycharmProjects/cl_st1_anna/cl_st1_ph2_anna/examples/f6_neg/f6_n
eg_085.tex [7240])
(/home/eyamrog/PycharmProjects/cl_st1_anna/cl_st1_ph2_anna/examples/f6_neg/f6_n
eg_086.tex [7241])
(/home/eyamrog/PycharmProjects/cl_st1_anna/cl_st1_ph2_anna/examples/f6_neg/f6_n
eg_087.tex [7242])
(/home/eyamrog/PycharmProjects/cl_st1_anna/cl_st1_ph2_anna/examples/f6_neg/f6_n
eg_088.tex)
(/home/eyamrog/PycharmProjects/cl_st1_anna/cl_st1_ph2_anna/examples/f6_neg/f6_n
eg_089.tex [7243])
(/home/eyamrog/PycharmProjects/cl_st1_anna/cl_st1_ph2_anna/examples/f6_neg/f6_n
eg_090.tex)
(/home/eyamrog/PycharmProjects/cl_st1_anna/cl_st1_ph2_anna/examples/f6_neg/f6_n
eg_091.tex [7244] [7245])
(/home/eyamrog/PycharmProjects/cl_st1_anna/cl_st1_ph2_anna/examples/f6_neg/f6_n
eg_092.tex [7246])
(/home/eyamrog/PycharmProjects/cl_st1_anna/cl_st1_ph2_anna/examples/f6_neg/f6_n
eg_093.tex [7247])
(/home/eyamrog/PycharmProjects/cl_st1_anna/cl_st1_ph2_anna/examples/f6_neg/f6_n
eg_094.tex [7248])
(/home/eyamrog/PycharmProjects/cl_st1_anna/cl_st1_ph2_anna/examples/f6_neg/f6_n
eg_095.tex [7249] [7250])
(/home/eyamrog/PycharmProjects/cl_st1_anna/cl_st1_ph2_anna/examples/f6_neg/f6_n
eg_096.tex)
(/home/eyamrog/PycharmProjects/cl_st1_anna/cl_st1_ph2_anna/examples/f6_neg/f6_n
eg_097.tex [7251] [7252])
(/home/eyamrog/PycharmProjects/cl_st1_anna/cl_st1_ph2_anna/examples/f6_neg/f6_n
eg_098.tex)
(/home/eyamrog/PycharmProjects/cl_st1_anna/cl_st1_ph2_anna/examples/f6_neg/f6_n
eg_099.tex [7253])
(/home/eyamrog/PycharmProjects/cl_st1_anna/cl_st1_ph2_anna/examples/f6_neg/f6_n
eg_100.tex
Missing character: There is no ° (U+00B0) in font nullfont!

Overfull \hbox (9.10638pt too wide) in paragraph at lines 1--16
[]  \TU/DejaVuSerif(0)/m/n/10 MARCO LE-GAL A Lei de Di-re-trizes e Base da Ed-u-
cação Na-cional ( LDB ) 9.394/96,
 []

Missing character: There is no ° (U+00B0) in font nullfont!
[7254
Missing character: There is no ° (U+00B0) in font nullfont!
])
(/home/eyamrog/PycharmProjects/cl_st1_anna/cl_st1_ph2_anna/examples/f6_neg/f6_n
eg_101.tex [7255] [7256])
(/home/eyamrog/PycharmProjects/cl_st1_anna/cl_st1_ph2_anna/examples/f6_neg/f6_n
eg_102.tex)
(/home/eyamrog/PycharmProjects/cl_st1_anna/cl_st1_ph2_anna/examples/f6_neg/f6_n
eg_103.tex [7257])
(/home/eyamrog/PycharmProjects/cl_st1_anna/cl_st1_ph2_anna/examples/f6_neg/f6_n
eg_104.tex [7258])
(/home/eyamrog/PycharmProjects/cl_st1_anna/cl_st1_ph2_anna/examples/f6_neg/f6_n
eg_105.tex [7259] [7260])
(/home/eyamrog/PycharmProjects/cl_st1_anna/cl_st1_ph2_anna/examples/f6_neg/f6_n
eg_106.tex)
(/home/eyamrog/PycharmProjects/cl_st1_anna/cl_st1_ph2_anna/examples/f6_neg/f6_n
eg_107.tex [7261])
(/home/eyamrog/PycharmProjects/cl_st1_anna/cl_st1_ph2_anna/examples/f6_neg/f6_n
eg_108.tex [7262] [7263])
(/home/eyamrog/PycharmProjects/cl_st1_anna/cl_st1_ph2_anna/examples/f6_neg/f6_n
eg_109.tex [7264] [7265])
(/home/eyamrog/PycharmProjects/cl_st1_anna/cl_st1_ph2_anna/examples/f6_neg/f6_n
eg_110.tex [7266])
(/home/eyamrog/PycharmProjects/cl_st1_anna/cl_st1_ph2_anna/examples/f6_neg/f6_n
eg_111.tex [7267] [7268] [7269])
(/home/eyamrog/PycharmProjects/cl_st1_anna/cl_st1_ph2_anna/examples/f6_neg/f6_n
eg_112.tex [7270] [7271])
(/home/eyamrog/PycharmProjects/cl_st1_anna/cl_st1_ph2_anna/examples/f6_neg/f6_n
eg_113.tex [7272])
(/home/eyamrog/PycharmProjects/cl_st1_anna/cl_st1_ph2_anna/examples/f6_neg/f6_n
eg_114.tex)
(/home/eyamrog/PycharmProjects/cl_st1_anna/cl_st1_ph2_anna/examples/f6_neg/f6_n
eg_115.tex [7273] [7274])
(/home/eyamrog/PycharmProjects/cl_st1_anna/cl_st1_ph2_anna/examples/f6_neg/f6_n
eg_116.tex [7275] [7276])
(/home/eyamrog/PycharmProjects/cl_st1_anna/cl_st1_ph2_anna/examples/f6_neg/f6_n
eg_117.tex [7277])
(/home/eyamrog/PycharmProjects/cl_st1_anna/cl_st1_ph2_anna/examples/f6_neg/f6_n
eg_118.tex [7278] [7279])
(/home/eyamrog/PycharmProjects/cl_st1_anna/cl_st1_ph2_anna/examples/f6_neg/f6_n
eg_119.tex [7280])
(/home/eyamrog/PycharmProjects/cl_st1_anna/cl_st1_ph2_anna/examples/f6_neg/f6_n
eg_120.tex [7281])
(/home/eyamrog/PycharmProjects/cl_st1_anna/cl_st1_ph2_anna/examples/f6_neg/f6_n
eg_121.tex [7282])
(/home/eyamrog/PycharmProjects/cl_st1_anna/cl_st1_ph2_anna/examples/f6_neg/f6_n
eg_122.tex [7283])
(/home/eyamrog/PycharmProjects/cl_st1_anna/cl_st1_ph2_anna/examples/f6_neg/f6_n
eg_123.tex [7284])
(/home/eyamrog/PycharmProjects/cl_st1_anna/cl_st1_ph2_anna/examples/f6_neg/f6_n
eg_124.tex [7285] [7286])
(/home/eyamrog/PycharmProjects/cl_st1_anna/cl_st1_ph2_anna/examples/f6_neg/f6_n
eg_125.tex [7287])
(/home/eyamrog/PycharmProjects/cl_st1_anna/cl_st1_ph2_anna/examples/f6_neg/f6_n
eg_126.tex [7288] [7289])
(/home/eyamrog/PycharmProjects/cl_st1_anna/cl_st1_ph2_anna/examples/f6_neg/f6_n
eg_127.tex [7290])
(/home/eyamrog/PycharmProjects/cl_st1_anna/cl_st1_ph2_anna/examples/f6_neg/f6_n
eg_128.tex [7291])
(/home/eyamrog/PycharmProjects/cl_st1_anna/cl_st1_ph2_anna/examples/f6_neg/f6_n
eg_129.tex [7292])
(/home/eyamrog/PycharmProjects/cl_st1_anna/cl_st1_ph2_anna/examples/f6_neg/f6_n
eg_130.tex [7293] [7294])
(/home/eyamrog/PycharmProjects/cl_st1_anna/cl_st1_ph2_anna/examples/f6_neg/f6_n
eg_131.tex)
(/home/eyamrog/PycharmProjects/cl_st1_anna/cl_st1_ph2_anna/examples/f6_neg/f6_n
eg_132.tex
Overfull \hbox (8.30794pt too wide) in paragraph at lines 1--16
\TU/DejaVuSerif(0)/m/n/10 ci-c-los troux-eram grande in-fluên-cia da cul-tura 
nordes-tina para a região, chegando
 []

[7295])
(/home/eyamrog/PycharmProjects/cl_st1_anna/cl_st1_ph2_anna/examples/f6_neg/f6_n
eg_133.tex [7296] [7297])
(/home/eyamrog/PycharmProjects/cl_st1_anna/cl_st1_ph2_anna/examples/f6_neg/f6_n
eg_134.tex [7298])
(/home/eyamrog/PycharmProjects/cl_st1_anna/cl_st1_ph2_anna/examples/f6_neg/f6_n
eg_135.tex [7299])
(/home/eyamrog/PycharmProjects/cl_st1_anna/cl_st1_ph2_anna/examples/f6_neg/f6_n
eg_136.tex [7300])
(/home/eyamrog/PycharmProjects/cl_st1_anna/cl_st1_ph2_anna/examples/f6_neg/f6_n
eg_137.tex [7301])
(/home/eyamrog/PycharmProjects/cl_st1_anna/cl_st1_ph2_anna/examples/f6_neg/f6_n
eg_138.tex [7302] [7303])
(/home/eyamrog/PycharmProjects/cl_st1_anna/cl_st1_ph2_anna/examples/f6_neg/f6_n
eg_139.tex [7304])
(/home/eyamrog/PycharmProjects/cl_st1_anna/cl_st1_ph2_anna/examples/f6_neg/f6_n
eg_140.tex [7305])
(/home/eyamrog/PycharmProjects/cl_st1_anna/cl_st1_ph2_anna/examples/f6_neg/f6_n
eg_141.tex [7306] [7307])
(/home/eyamrog/PycharmProjects/cl_st1_anna/cl_st1_ph2_anna/examples/f6_neg/f6_n
eg_142.tex [7308])
(/home/eyamrog/PycharmProjects/cl_st1_anna/cl_st1_ph2_anna/examples/f6_neg/f6_n
eg_143.tex
Overfull \hbox (9.68433pt too wide) in paragraph at lines 1--20
\TU/DejaVuSerif(0)/m/n/10 Text Sam-ple 3223: NEG Dim 6 – es – Score 1.00 
– es/es_ef_anos_ini-ci-ais_arte_4.txt 
 []

[7309])
(/home/eyamrog/PycharmProjects/cl_st1_anna/cl_st1_ph2_anna/examples/f6_neg/f6_n
eg_144.tex [7310])
(/home/eyamrog/PycharmProjects/cl_st1_anna/cl_st1_ph2_anna/examples/f6_neg/f6_n
eg_145.tex [7311])
(/home/eyamrog/PycharmProjects/cl_st1_anna/cl_st1_ph2_anna/examples/f6_neg/f6_n
eg_146.tex
Overfull \hbox (9.87682pt too wide) in paragraph at lines 1--10
[]  \TU/DejaVuSerif(0)/m/n/10 PRINCÍ-PIOS SUS-TEN-TA-DORES DO REF-ER-EN-CIAL CU
R-RIC-U-LAR DO ES-PÍRITO
 []

[7312])
(/home/eyamrog/PycharmProjects/cl_st1_anna/cl_st1_ph2_anna/examples/f6_neg/f6_n
eg_147.tex [7313])
(/home/eyamrog/PycharmProjects/cl_st1_anna/cl_st1_ph2_anna/examples/f6_neg/f6_n
eg_148.tex [7314])
(/home/eyamrog/PycharmProjects/cl_st1_anna/cl_st1_ph2_anna/examples/f6_neg/f6_n
eg_149.tex [7315] [7316])
(/home/eyamrog/PycharmProjects/cl_st1_anna/cl_st1_ph2_anna/examples/f6_neg/f6_n
eg_150.tex [7317])
(/home/eyamrog/PycharmProjects/cl_st1_anna/cl_st1_ph2_anna/examples/f6_neg/f6_n
eg_151.tex [7318] [7319] [7320])
(/home/eyamrog/PycharmProjects/cl_st1_anna/cl_st1_ph2_anna/examples/f6_neg/f6_n
eg_152.tex [7321] [7322])
(/home/eyamrog/PycharmProjects/cl_st1_anna/cl_st1_ph2_anna/examples/f6_neg/f6_n
eg_153.tex)
(/home/eyamrog/PycharmProjects/cl_st1_anna/cl_st1_ph2_anna/examples/f6_neg/f6_n
eg_154.tex [7323])
(/home/eyamrog/PycharmProjects/cl_st1_anna/cl_st1_ph2_anna/examples/f6_neg/f6_n
eg_155.tex [7324])
(/home/eyamrog/PycharmProjects/cl_st1_anna/cl_st1_ph2_anna/examples/f6_neg/f6_n
eg_156.tex [7325])
(/home/eyamrog/PycharmProjects/cl_st1_anna/cl_st1_ph2_anna/examples/f6_neg/f6_n
eg_157.tex [7326])
(/home/eyamrog/PycharmProjects/cl_st1_anna/cl_st1_ph2_anna/examples/f6_neg/f6_n
eg_158.tex [7327])
(/home/eyamrog/PycharmProjects/cl_st1_anna/cl_st1_ph2_anna/examples/f6_neg/f6_n
eg_159.tex [7328] [7329])
(/home/eyamrog/PycharmProjects/cl_st1_anna/cl_st1_ph2_anna/examples/f6_neg/f6_n
eg_160.tex)
(/home/eyamrog/PycharmProjects/cl_st1_anna/cl_st1_ph2_anna/examples/f6_neg/f6_n
eg_161.tex [7330] [7331] [7332])
(/home/eyamrog/PycharmProjects/cl_st1_anna/cl_st1_ph2_anna/examples/f6_neg/f6_n
eg_162.tex [7333] [7334])
(/home/eyamrog/PycharmProjects/cl_st1_anna/cl_st1_ph2_anna/examples/f6_neg/f6_n
eg_163.tex [7335])
(/home/eyamrog/PycharmProjects/cl_st1_anna/cl_st1_ph2_anna/examples/f6_neg/f6_n
eg_164.tex [7336])
(/home/eyamrog/PycharmProjects/cl_st1_anna/cl_st1_ph2_anna/examples/f6_neg/f6_n
eg_165.tex [7337])
(/home/eyamrog/PycharmProjects/cl_st1_anna/cl_st1_ph2_anna/examples/f6_neg/f6_n
eg_166.tex [7338])
(/home/eyamrog/PycharmProjects/cl_st1_anna/cl_st1_ph2_anna/examples/f6_neg/f6_n
eg_167.tex [7339])
(/home/eyamrog/PycharmProjects/cl_st1_anna/cl_st1_ph2_anna/examples/f6_neg/f6_n
eg_168.tex
Overfull \hbox (2.83896pt too wide) in paragraph at lines 1--14
[]  \TU/DejaVuSerif(0)/m/n/10 LÍN-GUA ES-PAN-HOLA O pre-sente Cur-rículo pre-c
oniza a con-tinuidade do caráter
 []

[7340])
(/home/eyamrog/PycharmProjects/cl_st1_anna/cl_st1_ph2_anna/examples/f6_neg/f6_n
eg_169.tex [7341])
(/home/eyamrog/PycharmProjects/cl_st1_anna/cl_st1_ph2_anna/examples/f6_neg/f6_n
eg_170.tex [7342])
(/home/eyamrog/PycharmProjects/cl_st1_anna/cl_st1_ph2_anna/examples/f6_neg/f6_n
eg_171.tex [7343] [7344])
(/home/eyamrog/PycharmProjects/cl_st1_anna/cl_st1_ph2_anna/examples/f6_neg/f6_n
eg_172.tex
Missing character: There is no ° (U+00B0) in font nullfont!
Missing character: There is no ° (U+00B0) in font nullfont!
Missing character: There is no ° (U+00B0) in font nullfont!
Missing character: There is no ° (U+00B0) in font nullfont!
Missing character: There is no ° (U+00B0) in font nullfont!
Missing character: There is no ° (U+00B0) in font nullfont!
Missing character: There is no ° (U+00B0) in font nullfont!
Missing character: There is no ° (U+00B0) in font nullfont!
[7345] [7346
Missing character: There is no ° (U+00B0) in font nullfont!
Missing character: There is no ° (U+00B0) in font nullfont!
Missing character: There is no ° (U+00B0) in font nullfont!
Missing character: There is no ° (U+00B0) in font nullfont!
])
(/home/eyamrog/PycharmProjects/cl_st1_anna/cl_st1_ph2_anna/examples/f6_neg/f6_n
eg_173.tex [7347])
(/home/eyamrog/PycharmProjects/cl_st1_anna/cl_st1_ph2_anna/examples/f6_neg/f6_n
eg_174.tex [7348] [7349])
(/home/eyamrog/PycharmProjects/cl_st1_anna/cl_st1_ph2_anna/examples/f6_neg/f6_n
eg_175.tex [7350])
(/home/eyamrog/PycharmProjects/cl_st1_anna/cl_st1_ph2_anna/examples/f6_neg/f6_n
eg_176.tex [7351])
(/home/eyamrog/PycharmProjects/cl_st1_anna/cl_st1_ph2_anna/examples/f6_neg/f6_n
eg_177.tex [7352])
(/home/eyamrog/PycharmProjects/cl_st1_anna/cl_st1_ph2_anna/examples/f6_neg/f6_n
eg_178.tex [7353])
(/home/eyamrog/PycharmProjects/cl_st1_anna/cl_st1_ph2_anna/examples/f6_neg/f6_n
eg_179.tex
Overfull \hbox (2.82942pt too wide) in paragraph at lines 1--43
\TU/DejaVuSerif(0)/m/n/10 Jean Paul Sartre Con-forme a Base Na-cional Co-mum Cur
-ric-u-lar, os dois primeiros
 []

[7354] [7355] [7356])
(/home/eyamrog/PycharmProjects/cl_st1_anna/cl_st1_ph2_anna/examples/f6_neg/f6_n
eg_180.tex [7357])
(/home/eyamrog/PycharmProjects/cl_st1_anna/cl_st1_ph2_anna/examples/f6_neg/f6_n
eg_181.tex [7358] [7359])
(/home/eyamrog/PycharmProjects/cl_st1_anna/cl_st1_ph2_anna/examples/f6_neg/f6_n
eg_182.tex [7360] [7361])
(/home/eyamrog/PycharmProjects/cl_st1_anna/cl_st1_ph2_anna/examples/f6_neg/f6_n
eg_183.tex [7362] [7363] [7364] [7365])
(/home/eyamrog/PycharmProjects/cl_st1_anna/cl_st1_ph2_anna/examples/f6_neg/f6_n
eg_184.tex
Overfull \hbox (0.7789pt too wide) in paragraph at lines 1--31
\TU/DejaVuSerif(0)/m/n/10 lin-gua-gens e os pro-ced-i-men-tos próprios das Ci
ên-cias da Na-tureza. É necessário
 []

[7366] [7367])
(/home/eyamrog/PycharmProjects/cl_st1_anna/cl_st1_ph2_anna/examples/f6_neg/f6_n
eg_185.tex [7368] [7369] [7370])
(/home/eyamrog/PycharmProjects/cl_st1_anna/cl_st1_ph2_anna/examples/f6_neg/f6_n
eg_186.tex [7371] [7372])
(/home/eyamrog/PycharmProjects/cl_st1_anna/cl_st1_ph2_anna/examples/f6_neg/f6_n
eg_187.tex [7373] [7374])
(/home/eyamrog/PycharmProjects/cl_st1_anna/cl_st1_ph2_anna/examples/f6_neg/f6_n
eg_188.tex [7375])
(/home/eyamrog/PycharmProjects/cl_st1_anna/cl_st1_ph2_anna/examples/f6_neg/f6_n
eg_189.tex [7376])
(/home/eyamrog/PycharmProjects/cl_st1_anna/cl_st1_ph2_anna/examples/f6_neg/f6_n
eg_190.tex [7377])
(/home/eyamrog/PycharmProjects/cl_st1_anna/cl_st1_ph2_anna/examples/f6_neg/f6_n
eg_191.tex [7378])
(/home/eyamrog/PycharmProjects/cl_st1_anna/cl_st1_ph2_anna/examples/f6_neg/f6_n
eg_192.tex [7379])
(/home/eyamrog/PycharmProjects/cl_st1_anna/cl_st1_ph2_anna/examples/f6_neg/f6_n
eg_193.tex [7380] [7381] [7382] [7383] [7384] [7385] [7386] [7387])
(/home/eyamrog/PycharmProjects/cl_st1_anna/cl_st1_ph2_anna/examples/f6_neg/f6_n
eg_194.tex [7388] [7389])
(/home/eyamrog/PycharmProjects/cl_st1_anna/cl_st1_ph2_anna/examples/f6_neg/f6_n
eg_195.tex [7390])
(/home/eyamrog/PycharmProjects/cl_st1_anna/cl_st1_ph2_anna/examples/f6_neg/f6_n
eg_196.tex [7391])
(/home/eyamrog/PycharmProjects/cl_st1_anna/cl_st1_ph2_anna/examples/f6_neg/f6_n
eg_197.tex [7392] [7393])
(/home/eyamrog/PycharmProjects/cl_st1_anna/cl_st1_ph2_anna/examples/f6_neg/f6_n
eg_198.tex
Overfull \hbox (0.5345pt too wide) in paragraph at lines 1--20
[]  \TU/DejaVuSerif(0)/m/n/10 Unidades temáti-cas, ob-je-tos de con-hec-i-mento
 e ha-bil-i-dades As unidades temáti-
 []

[7394])
(/home/eyamrog/PycharmProjects/cl_st1_anna/cl_st1_ph2_anna/examples/f6_neg/f6_n
eg_199.tex [7395])
(/home/eyamrog/PycharmProjects/cl_st1_anna/cl_st1_ph2_anna/examples/f6_neg/f6_n
eg_200.tex [7396])
(/home/eyamrog/PycharmProjects/cl_st1_anna/cl_st1_ph2_anna/examples/f6_neg/f6_n
eg_201.tex [7397] [7398])
(/home/eyamrog/PycharmProjects/cl_st1_anna/cl_st1_ph2_anna/examples/f6_neg/f6_n
eg_202.tex
Overfull \hbox (5.56323pt too wide) in paragraph at lines 1--23
\TU/DejaVuSerif(0)/m/n/10 Text Sam-ple 3282: NEG Dim 6 – sp – Score -1.00 
– sp/sp_ef_lin-gua-gens_arte_4.txt 
 []

[7399])
(/home/eyamrog/PycharmProjects/cl_st1_anna/cl_st1_ph2_anna/examples/f6_neg/f6_n
eg_203.tex [7400]
Overfull \hbox (14.00562pt too wide) in paragraph at lines 1--41
\TU/DejaVuSerif(0)/m/n/10 Text Sam-ple 3283: NEG Dim 6 – sp – Score -1.00 
– sp/sp_ef_lin-gua-gens_ed_fis_3.txt 
 []

[7401] [7402])
(/home/eyamrog/PycharmProjects/cl_st1_anna/cl_st1_ph2_anna/examples/f6_neg/f6_n
eg_204.tex [7403] [7404])
(/home/eyamrog/PycharmProjects/cl_st1_anna/cl_st1_ph2_anna/examples/f6_neg/f6_n
eg_205.tex [7405])
(/home/eyamrog/PycharmProjects/cl_st1_anna/cl_st1_ph2_anna/examples/f6_neg/f6_n
eg_206.tex)
(/home/eyamrog/PycharmProjects/cl_st1_anna/cl_st1_ph2_anna/examples/f6_neg/f6_n
eg_207.tex [7406])
(/home/eyamrog/PycharmProjects/cl_st1_anna/cl_st1_ph2_anna/examples/f6_neg/f6_n
eg_208.tex [7407])
(/home/eyamrog/PycharmProjects/cl_st1_anna/cl_st1_ph2_anna/examples/f6_neg/f6_n
eg_209.tex)
(/home/eyamrog/PycharmProjects/cl_st1_anna/cl_st1_ph2_anna/examples/f6_neg/f6_n
eg_210.tex [7408]
Overfull \hbox (180.82552pt too wide) in paragraph at lines 1--15
\TU/DejaVuSerif(0)/m/n/10 https://www.cia.gov/li-brary/pub-li-ca-tions/re-source
s/the-world-factbook/fields/335rank.html](https://www.cia.gov/li-
 []

)
(/home/eyamrog/PycharmProjects/cl_st1_anna/cl_st1_ph2_anna/examples/f6_neg/f6_n
eg_211.tex [7409])
(/home/eyamrog/PycharmProjects/cl_st1_anna/cl_st1_ph2_anna/examples/f6_neg/f6_n
eg_212.tex [7410] [7411])
(/home/eyamrog/PycharmProjects/cl_st1_anna/cl_st1_ph2_anna/examples/f6_neg/f6_n
eg_213.tex [7412] [7413])
(/home/eyamrog/PycharmProjects/cl_st1_anna/cl_st1_ph2_anna/examples/f6_neg/f6_n
eg_214.tex [7414] [7415])
(/home/eyamrog/PycharmProjects/cl_st1_anna/cl_st1_ph2_anna/examples/f6_neg/f6_n
eg_215.tex [7416] [7417])
(/home/eyamrog/PycharmProjects/cl_st1_anna/cl_st1_ph2_anna/examples/f6_neg/f6_n
eg_216.tex [7418])
(/home/eyamrog/PycharmProjects/cl_st1_anna/cl_st1_ph2_anna/examples/f6_neg/f6_n
eg_217.tex
Overfull \hbox (7.24442pt too wide) in paragraph at lines 1--16
[]  \TU/DejaVuSerif(0)/m/n/10 15.5. IM-PORTÂN-CIA E RE-SPON-S-ABIL-I-DADES DAS IN-STI-TU-I
ÇÕES FOR-MADO-
 []

[7419])
(/home/eyamrog/PycharmProjects/cl_st1_anna/cl_st1_ph2_anna/examples/f6_neg/f6_n
eg_218.tex [7420])
(/home/eyamrog/PycharmProjects/cl_st1_anna/cl_st1_ph2_anna/examples/f6_neg/f6_n
eg_219.tex [7421])
(/home/eyamrog/PycharmProjects/cl_st1_anna/cl_st1_ph2_anna/examples/f6_neg/f6_n
eg_220.tex
Overfull \hbox (6.58456pt too wide) in paragraph at lines 1--7
[]  \TU/DejaVuSerif(0)/m/n/10 14.1. CON-TEÚ-DOS/IN-TER-DIS-CI-PLINAR-I-DADE/CON
-TEX-TU-AL-IZA-ÇÃO Em con-
 []

)
(/home/eyamrog/PycharmProjects/cl_st1_anna/cl_st1_ph2_anna/examples/f6_neg/f6_n
eg_221.tex [7422] [7423] [7424])
(/home/eyamrog/PycharmProjects/cl_st1_anna/cl_st1_ph2_anna/examples/f6_neg/f6_n
eg_222.tex
Overfull \hbox (5.59993pt too wide) in paragraph at lines 1--30
\TU/DejaVuSerif(0)/m/n/10 con-tra-ditórios, me-di-adores e de práxis, en-tre 
a per-spec-tiva teórico-metodológica
 []

[7425] [7426])
(/home/eyamrog/PycharmProjects/cl_st1_anna/cl_st1_ph2_anna/examples/f6_neg/f6_n
eg_223.tex [7427] [7428])
(/home/eyamrog/PycharmProjects/cl_st1_anna/cl_st1_ph2_anna/examples/f6_neg/f6_n
eg_224.tex
Overfull \hbox (0.22005pt too wide) in paragraph at lines 1--23
\TU/DejaVuSerif(0)/m/n/10 da ed-u-cação básica ap-re-senta uma vari-ação do
s de-mais níveis de en-sino quando
 []

[7429] [7430])
(/home/eyamrog/PycharmProjects/cl_st1_anna/cl_st1_ph2_anna/examples/f6_neg/f6_n
eg_225.tex [7431] [7432] [7433])
(/home/eyamrog/PycharmProjects/cl_st1_anna/cl_st1_ph2_anna/examples/f6_neg/f6_n
eg_226.tex [7434] [7435])
(/home/eyamrog/PycharmProjects/cl_st1_anna/cl_st1_ph2_anna/examples/f6_neg/f6_n
eg_227.tex)
(/home/eyamrog/PycharmProjects/cl_st1_anna/cl_st1_ph2_anna/examples/f6_neg/f6_n
eg_228.tex [7436] [7437] [7438])
(/home/eyamrog/PycharmProjects/cl_st1_anna/cl_st1_ph2_anna/examples/f6_neg/f6_n
eg_229.tex [7439] [7440])
(/home/eyamrog/PycharmProjects/cl_st1_anna/cl_st1_ph2_anna/examples/f6_neg/f6_n
eg_230.tex [7441] [7442])
(/home/eyamrog/PycharmProjects/cl_st1_anna/cl_st1_ph2_anna/examples/f6_neg/f6_n
eg_231.tex [7443])
(/home/eyamrog/PycharmProjects/cl_st1_anna/cl_st1_ph2_anna/examples/f6_neg/f6_n
eg_232.tex [7444] [7445])
(/home/eyamrog/PycharmProjects/cl_st1_anna/cl_st1_ph2_anna/examples/f6_neg/f6_n
eg_233.tex [7446])
(/home/eyamrog/PycharmProjects/cl_st1_anna/cl_st1_ph2_anna/examples/f6_neg/f6_n
eg_234.tex)
(/home/eyamrog/PycharmProjects/cl_st1_anna/cl_st1_ph2_anna/examples/f6_neg/f6_n
eg_235.tex [7447])
(/home/eyamrog/PycharmProjects/cl_st1_anna/cl_st1_ph2_anna/examples/f6_neg/f6_n
eg_236.tex [7448])
(/home/eyamrog/PycharmProjects/cl_st1_anna/cl_st1_ph2_anna/examples/f6_neg/f6_n
eg_237.tex [7449])
(/home/eyamrog/PycharmProjects/cl_st1_anna/cl_st1_ph2_anna/examples/f6_neg/f6_n
eg_238.tex [7450] [7451] [7452])
(/home/eyamrog/PycharmProjects/cl_st1_anna/cl_st1_ph2_anna/examples/f6_neg/f6_n
eg_239.tex
Overfull \hbox (10.99495pt too wide) in paragraph at lines 1--16
\TU/DejaVuSerif(0)/m/n/10 elas de vários gêneros e for-mas de ex-pressão : ge
s-tual, ver-bal, plás-tica, dramática
 []

[7453])
(/home/eyamrog/PycharmProjects/cl_st1_anna/cl_st1_ph2_anna/examples/f6_neg/f6_n
eg_240.tex [7454])
(/home/eyamrog/PycharmProjects/cl_st1_anna/cl_st1_ph2_anna/examples/f6_neg/f6_n
eg_241.tex [7455] [7456])
(/home/eyamrog/PycharmProjects/cl_st1_anna/cl_st1_ph2_anna/examples/f6_neg/f6_n
eg_242.tex [7457])
(/home/eyamrog/PycharmProjects/cl_st1_anna/cl_st1_ph2_anna/examples/f6_neg/f6_n
eg_243.tex
Missing character: There is no ° (U+00B0) in font nullfont!
Missing character: There is no ° (U+00B0) in font nullfont!
Missing character: There is no ° (U+00B0) in font nullfont!
Missing character: There is no ° (U+00B0) in font nullfont!
Missing character: There is no ° (U+00B0) in font nullfont!
Missing character: There is no ° (U+00B0) in font nullfont!
[7458
Missing character: There is no ° (U+00B0) in font nullfont!
Missing character: There is no ° (U+00B0) in font nullfont!
] [7459
Missing character: There is no ° (U+00B0) in font nullfont!
])
(/home/eyamrog/PycharmProjects/cl_st1_anna/cl_st1_ph2_anna/examples/f6_neg/f6_n
eg_244.tex)
(/home/eyamrog/PycharmProjects/cl_st1_anna/cl_st1_ph2_anna/examples/f6_neg/f6_n
eg_245.tex [7460])
(/home/eyamrog/PycharmProjects/cl_st1_anna/cl_st1_ph2_anna/examples/f6_neg/f6_n
eg_246.tex [7461])
(/home/eyamrog/PycharmProjects/cl_st1_anna/cl_st1_ph2_anna/examples/f6_neg/f6_n
eg_247.tex [7462])
(/home/eyamrog/PycharmProjects/cl_st1_anna/cl_st1_ph2_anna/examples/f6_neg/f6_n
eg_248.tex [7463] [7464] [7465])
(/home/eyamrog/PycharmProjects/cl_st1_anna/cl_st1_ph2_anna/examples/f6_neg/f6_n
eg_249.tex [7466] [7467] [7468])
(/home/eyamrog/PycharmProjects/cl_st1_anna/cl_st1_ph2_anna/examples/f6_neg/f6_n
eg_250.tex [7469])
(/home/eyamrog/PycharmProjects/cl_st1_anna/cl_st1_ph2_anna/examples/f6_neg/f6_n
eg_251.tex [7470])
(/home/eyamrog/PycharmProjects/cl_st1_anna/cl_st1_ph2_anna/examples/f6_neg/f6_n
eg_252.tex [7471])
(/home/eyamrog/PycharmProjects/cl_st1_anna/cl_st1_ph2_anna/examples/f6_neg/f6_n
eg_253.tex [7472])
(/home/eyamrog/PycharmProjects/cl_st1_anna/cl_st1_ph2_anna/examples/f6_neg/f6_n
eg_254.tex [7473])
(/home/eyamrog/PycharmProjects/cl_st1_anna/cl_st1_ph2_anna/examples/f6_neg/f6_n
eg_255.tex [7474] [7475])
(/home/eyamrog/PycharmProjects/cl_st1_anna/cl_st1_ph2_anna/examples/f6_neg/f6_n
eg_256.tex
Missing character: There is no ° (U+00B0) in font nullfont!
Missing character: There is no ° (U+00B0) in font nullfont!
[7476])
(/home/eyamrog/PycharmProjects/cl_st1_anna/cl_st1_ph2_anna/examples/f6_neg/f6_n
eg_257.tex
Missing character: There is no ° (U+00B0) in font nullfont!
Missing character: There is no ° (U+00B0) in font nullfont!
Missing character: There is no ° (U+00B0) in font nullfont!
Missing character: There is no ° (U+00B0) in font nullfont!
Missing character: There is no ° (U+00B0) in font nullfont!
Missing character: There is no ° (U+00B0) in font nullfont!
[7477
Missing character: There is no ° (U+00B0) in font nullfont!
])
(/home/eyamrog/PycharmProjects/cl_st1_anna/cl_st1_ph2_anna/examples/f6_neg/f6_n
eg_258.tex [7478
Missing character: There is no ° (U+00B0) in font nullfont!
Missing character: There is no ° (U+00B0) in font nullfont!
Missing character: There is no ° (U+00B0) in font nullfont!
] [7479])
(/home/eyamrog/PycharmProjects/cl_st1_anna/cl_st1_ph2_anna/examples/f6_neg/f6_n
eg_259.tex [7480] [7481])
(/home/eyamrog/PycharmProjects/cl_st1_anna/cl_st1_ph2_anna/examples/f6_neg/f6_n
eg_260.tex [7482] [7483] [7484])
(/home/eyamrog/PycharmProjects/cl_st1_anna/cl_st1_ph2_anna/examples/f6_neg/f6_n
eg_261.tex [7485] [7486])
(/home/eyamrog/PycharmProjects/cl_st1_anna/cl_st1_ph2_anna/examples/f6_neg/f6_n
eg_262.tex
Missing character: There is no ° (U+00B0) in font nullfont!
Missing character: There is no ° (U+00B0) in font nullfont!
Missing character: There is no ° (U+00B0) in font nullfont!
Missing character: There is no ° (U+00B0) in font nullfont!
[7487
Missing character: There is no ° (U+00B0) in font nullfont!
])
(/home/eyamrog/PycharmProjects/cl_st1_anna/cl_st1_ph2_anna/examples/f6_neg/f6_n
eg_263.tex [7488
Missing character: There is no ° (U+00B0) in font nullfont!
] [7489])
(/home/eyamrog/PycharmProjects/cl_st1_anna/cl_st1_ph2_anna/examples/f6_neg/f6_n
eg_264.tex
Overfull \hbox (3.8929pt too wide) in paragraph at lines 1--50
\TU/DejaVuSerif(0)/m/n/10 fun-da-men-tam en-quanto ciên-cia, e que re-fletem, 
em al-guma me-dida, na definição
 []

[7490] [7491] [7492])
(/home/eyamrog/PycharmProjects/cl_st1_anna/cl_st1_ph2_anna/examples/f6_neg/f6_n
eg_265.tex
Overfull \hbox (0.47807pt too wide) in paragraph at lines 1--20
[]  \TU/DejaVuSerif(0)/m/n/10 OS SU-JEITOS DA ED-U-CAÇÃO TÉC-NICA E PROFIS-SI
ONAL E A CONEXÃO COM
 []

[7493])
(/home/eyamrog/PycharmProjects/cl_st1_anna/cl_st1_ph2_anna/examples/f6_neg/f6_n
eg_266.tex
Missing character: There is no ° (U+00B0) in font nullfont!
Missing character: There is no ° (U+00B0) in font nullfont!
Missing character: There is no ° (U+00B0) in font nullfont!
Missing character: There is no ° (U+00B0) in font nullfont!
Missing character: There is no ° (U+00B0) in font nullfont!
Missing character: There is no ° (U+00B0) in font nullfont!
[7494
Missing character: There is no ° (U+00B0) in font nullfont!
Missing character: There is no ° (U+00B0) in font nullfont!
Missing character: There is no ° (U+00B0) in font nullfont!
])
(/home/eyamrog/PycharmProjects/cl_st1_anna/cl_st1_ph2_anna/examples/f6_neg/f6_n
eg_267.tex [7495] [7496])
(/home/eyamrog/PycharmProjects/cl_st1_anna/cl_st1_ph2_anna/examples/f6_neg/f6_n
eg_268.tex)
(/home/eyamrog/PycharmProjects/cl_st1_anna/cl_st1_ph2_anna/examples/f6_neg/f6_n
eg_269.tex
Overfull \hbox (14.28255pt too wide) in paragraph at lines 1--30
[]  \TU/DejaVuSerif(0)/m/n/10 Princí-pios bási-cos da ed-u-cação in-fan-til Con-forme o Pare-cer n
º 20/2009 - CNE/CEB,
 []

[7497] [7498])
(/home/eyamrog/PycharmProjects/cl_st1_anna/cl_st1_ph2_anna/examples/f6_neg/f6_n
eg_270.tex [7499] [7500])
(/home/eyamrog/PycharmProjects/cl_st1_anna/cl_st1_ph2_anna/examples/f6_neg/f6_n
eg_271.tex)
(/home/eyamrog/PycharmProjects/cl_st1_anna/cl_st1_ph2_anna/examples/f6_neg/f6_n
eg_272.tex [7501] [7502])
(/home/eyamrog/PycharmProjects/cl_st1_anna/cl_st1_ph2_anna/examples/f6_neg/f6_n
eg_273.tex [7503])
(/home/eyamrog/PycharmProjects/cl_st1_anna/cl_st1_ph2_anna/examples/f6_neg/f6_n
eg_274.tex
Overfull \hbox (4.5153pt too wide) in paragraph at lines 1--41
\TU/DejaVuSerif(0)/m/n/10 santa-catarina/censo-escolar? year=2018&de-pen-dence=0
&lo-cal-iza-tion=0&ed-
 []

[7504] [7505])
(/home/eyamrog/PycharmProjects/cl_st1_anna/cl_st1_ph2_anna/examples/f6_neg/f6_n
eg_275.tex)
(/home/eyamrog/PycharmProjects/cl_st1_anna/cl_st1_ph2_anna/examples/f6_neg/f6_n
eg_276.tex
Overfull \hbox (11.30598pt too wide) in paragraph at lines 1--5
\TU/DejaVuSerif(0)/m/n/10 lares, teórico-metodológicas e op-era-cionais para 
a im-plan-tação/acom-pan-hamento
 []

[7506])
(/home/eyamrog/PycharmProjects/cl_st1_anna/cl_st1_ph2_anna/examples/f6_neg/f6_n
eg_277.tex [7507])
(/home/eyamrog/PycharmProjects/cl_st1_anna/cl_st1_ph2_anna/examples/f6_neg/f6_n
eg_278.tex [7508] [7509] [7510] [7511])
(/home/eyamrog/PycharmProjects/cl_st1_anna/cl_st1_ph2_anna/examples/f6_neg/f6_n
eg_279.tex [7512])
(/home/eyamrog/PycharmProjects/cl_st1_anna/cl_st1_ph2_anna/examples/f6_neg/f6_n
eg_280.tex [7513] [7514] [7515]) [7516] (./examples.aux)
 ***********
LaTeX2e <2026-06-01>
L3 programming layer <2026-06-18>
 ***********
Package rerunfilecheck Info: File `examples.out' has not changed.
(rerunfilecheck)             Checksum: 5A2DDD57A6782D5CFBE2B284558984CC;1134.
)

Here is how much of LuaTeX's memory you used:
 86440 strings out of 475704
 597060,2373549 words of node,token memory allocated
 593 words of node memory still in use:
   6 hlist, 2 vlist, 2 rule, 2 glue, 4 kern, 1 glyph, 13 attribute, 70 glue_spec
, 7 attribute_list, 2 write nodes
   avail lists: 1:3,2:2984,3:353,4:125,5:4540,6:67,7:68257,9:731,10:45,11:5994
 77227 multiletter control sequences out of 65536+600000
 38 fonts using 14496863 bytes
 86i,5n,115p,17957b,511s stack positions out of 10000i,1000n,20000p,200000b,200000s
</usr/share/fonts/truetype/dejavu/DejaVuSerif-Bold.ttf></usr/share/fonts/truetyp
e/dejavu/DejaVuSerif-Italic.ttf></usr/share/fonts/truetype/dejavu/DejaVuSerif.tt
f>
Output written on examples.pdf (7516 pages, 32458389 bytes).

PDF statistics: 34985 PDF objects out of 38293 (max. 8388607)
 27180 compressed objects within 272 object streams
 10890 named destinations out of 12825 (max. 1048576)
 112 words of extra memory for PDF output out of 10000 (max. 100000000)

